#Device;HMC8015
#Device Name;COFFEE
#Format;LOG
#Date;2029-09-15
#Version;01.400-02.430-03.730
#Serial No.;033820106
#Mode;Unlimited
#Logging Interval[s];1.000
#Specified Logging Count;-----
#Specified Logging Time[s];-----
#Start Time;12:52:51
#Stop Time;13:54:06
#Actual Count;3676        
URMS[V];IRMS[A];P[W];FPLL[Hz];URange[V];IRange[A];S[VA];Q[var];LAMBDA[];UTHD[%];Timestamp
234.61;36.59E-03;3.154;50.011;300;100E-03;8.585;7.985;0.367;3.13;12:52:51.000
234.62;37.53E-03;3.251;50.012;300;100E-03;8.806;8.184;0.369;3.17;12:52:52.000
234.65;37.22E-03;3.263;50.011;300;100E-03;8.733;8.101;0.374;3.16;12:52:53.000
234.69;97.35E-03;10.38;50.015;300;500E-03;22.85;20.35;0.454;3.17;12:52:54.000
234.64;99.46E-03;10.603;50.012;300;200E-03;23.337;20.789;0.454;3.13;12:52:55.000
234.61;98.59E-03;10.571;50.018;300;200E-03;23.131;20.575;0.457;3.12;12:52:56.000
234.61;102.72E-03;10.995;50.015;300;200E-03;24.098;21.444;0.456;3.08;12:52:57.000
234.65;101.34E-03;10.907;50.012;300;200E-03;23.780;21.131;0.459;3.09;12:52:58.000
234.58;91.62E-03;9.630;50.020;300;200E-03;21.493;19.215;0.448;3.09;12:52:59.000
234.67;91.88E-03;9.650;50.024;300;200E-03;21.561;19.280;0.448;3.12;12:53:00.000
234.60;94.13E-03;10.011;50.015;300;200E-03;22.083;19.683;0.453;3.13;12:53:01.000
234.61;93.28E-03;10.049;50.015;300;200E-03;21.884;19.441;0.459;3.16;12:53:02.000
234.59;94.20E-03;10.089;50.013;300;200E-03;22.098;19.661;0.457;3.14;12:53:03.000
234.55;93.97E-03;10.131;50.013;300;200E-03;22.042;19.576;0.460;3.15;12:53:04.000
234.54;92.26E-03;9.833;50.008;300;200E-03;21.638;19.275;0.454;3.15;12:53:05.000
234.50;92.14E-03;9.757;50.016;300;200E-03;21.608;19.279;0.452;3.17;12:53:06.000
234.62;92.74E-03;9.898;50.010;300;200E-03;21.759;19.378;0.455;3.16;12:53:07.000
234.55;92.19E-03;9.848;50.016;300;200E-03;21.623;19.250;0.455;3.18;12:53:08.000
234.59;66.95E-03;6.688;50.014;300;200E-03;15.706;14.211;0.426;3.15;12:53:09.000
234.44;85.57E-03;8.847;50.016;300;200E-03;20.061;18.005;0.441;3.10;12:53:10.000
234.44;95.35E-03;10.019;50.020;300;200E-03;22.354;19.983;0.448;3.11;12:53:11.000
234.39;86.82E-03;8.921;50.015;300;200E-03;20.349;18.290;0.438;3.10;12:53:12.000
234.44;93.80E-03;9.934;50.015;300;200E-03;21.990;19.619;0.452;3.11;12:53:13.000
234.45;69.97E-03;6.902;50.012;300;200E-03;16.404;14.881;0.421;3.07;12:53:14.000
234.47;82.48E-03;8.437;50.016;300;200E-03;19.338;17.401;0.436;3.07;12:53:15.000
234.53;70.81E-03;7.034;50.016;300;200E-03;16.606;15.043;0.424;3.06;12:53:16.000
234.41;76.90E-03;7.782;50.017;300;200E-03;18.025;16.259;0.432;3.08;12:53:17.000
234.48;90.56E-03;9.788;50.022;300;200E-03;21.236;18.845;0.461;3.07;12:53:18.000
234.50;71.26E-03;7.205;50.020;300;200E-03;16.709;15.076;0.431;3.09;12:53:19.000
234.55;83.96E-03;8.811;50.019;300;200E-03;19.692;17.611;0.447;3.07;12:53:20.000
234.51;90.88E-03;9.945;50.024;300;200E-03;21.311;18.848;0.467;3.09;12:53:21.000
234.49;83.12E-03;8.813;50.024;300;200E-03;19.491;17.384;0.452;3.14;12:53:22.000
234.49;66.51E-03;6.677;50.029;300;200E-03;15.597;14.096;0.428;3.12;12:53:23.000
234.66;85.48E-03;9.090;50.031;300;200E-03;20.059;17.881;0.453;3.11;12:53:24.000
234.71;90.03E-03;9.829;50.029;300;200E-03;21.130;18.705;0.465;3.13;12:53:25.000
234.65;67.54E-03;6.848;50.030;300;200E-03;15.848;14.291;0.432;3.13;12:53:26.000
234.69;66.74E-03;6.732;50.029;300;200E-03;15.664;14.144;0.430;3.12;12:53:27.000
234.67;86.49E-03;9.054;50.028;300;200E-03;20.297;18.166;0.446;3.05;12:53:28.000
234.65;77.01E-03;7.867;50.030;300;200E-03;18.071;16.269;0.435;3.04;12:53:29.000
234.62;75.58E-03;7.627;50.029;300;200E-03;17.732;16.008;0.430;3.05;12:53:30.000
234.56;83.23E-03;8.658;50.038;300;200E-03;19.523;17.498;0.443;3.04;12:53:31.000
234.69;63.12E-03;6.092;50.031;300;200E-03;14.814;13.503;0.411;3.05;12:53:32.000
234.76;80.26E-03;8.238;50.037;300;200E-03;18.842;16.946;0.437;3.04;12:53:33.000
234.76;77.43E-03;7.866;50.033;300;200E-03;18.177;16.387;0.433;3.02;12:53:34.000
234.70;75.64E-03;7.537;50.035;300;200E-03;17.753;16.073;0.425;3.03;12:53:35.000
234.74;77.24E-03;7.910;50.032;300;200E-03;18.131;16.315;0.436;3.04;12:53:36.000
234.76;90.25E-03;9.813;50.036;300;200E-03;21.188;18.779;0.463;3.08;12:53:37.000
234.73;77.80E-03;8.004;50.033;300;200E-03;18.263;16.415;0.438;3.11;12:53:38.000
234.75;67.87E-03;6.778;50.036;300;200E-03;15.933;14.420;0.425;3.11;12:53:39.000
234.82;85.86E-03;8.935;50.030;300;200E-03;20.163;18.075;0.443;3.13;12:53:40.000
234.81;67.15E-03;6.750;50.033;300;200E-03;15.766;14.249;0.428;3.12;12:53:41.000
234.83;67.35E-03;6.773;50.040;300;200E-03;15.815;14.291;0.428;3.15;12:53:42.000
234.83;88.68E-03;9.625;50.038;300;200E-03;20.825;18.467;0.462;3.15;12:53:43.000
234.75;68.06E-03;6.871;50.040;300;200E-03;15.977;14.424;0.430;3.14;12:53:44.000
234.85;67.27E-03;6.756;50.038;300;200E-03;15.798;14.281;0.428;3.15;12:53:45.000
234.80;79.90E-03;8.495;50.041;300;200E-03;18.761;16.728;0.453;3.16;12:53:46.000
234.85;64.51E-03;6.400;50.042;300;200E-03;15.151;13.733;0.422;3.14;12:53:47.000
234.84;67.22E-03;6.724;50.045;300;200E-03;15.785;14.281;0.426;3.16;12:53:48.000
234.82;88.78E-03;9.790;50.045;300;200E-03;20.847;18.406;0.470;3.14;12:53:49.000
234.86;66.13E-03;6.726;50.044;300;200E-03;15.532;14.001;0.433;3.15;12:53:50.000
234.87;67.22E-03;6.742;50.039;300;200E-03;15.788;14.276;0.427;3.14;12:53:51.000
234.87;65.02E-03;6.630;50.045;300;200E-03;15.270;13.756;0.434;3.15;12:53:52.000
234.78;97.71E-03;10.954;50.043;300;200E-03;22.941;20.157;0.477;3.13;12:53:53.000
234.82;71.20E-03;7.300;50.043;300;200E-03;16.720;15.043;0.437;3.14;12:53:54.000
234.85;71.22E-03;7.288;50.037;300;200E-03;16.726;15.054;0.436;3.13;12:53:55.000
234.89;71.45E-03;7.353;50.036;300;200E-03;16.784;15.088;0.438;3.14;12:53:56.000
234.81;69.92E-03;7.088;50.039;300;200E-03;16.418;14.809;0.432;3.13;12:53:57.000
234.84;67.30E-03;6.761;50.036;300;200E-03;15.804;14.285;0.428;3.20;12:53:58.000
234.81;79.19E-03;8.162;50.051;300;200E-03;18.594;16.707;0.439;3.09;12:53:59.000
234.79;63.52E-03;6.271;50.040;300;200E-03;14.915;13.532;0.420;3.15;12:54:00.000
234.70;85.45E-03;9.017;50.042;300;200E-03;20.056;17.915;0.450;3.15;12:54:01.000
234.73;89.00E-03;9.588;50.039;300;200E-03;20.891;18.561;0.459;3.13;12:54:02.000
234.85;87.04E-03;9.288;50.043;300;200E-03;20.441;18.209;0.454;3.04;12:54:03.000
234.89;67.35E-03;6.774;50.034;300;200E-03;15.820;14.296;0.428;3.09;12:54:04.000
234.83;66.84E-03;6.740;50.035;300;200E-03;15.696;14.176;0.429;3.10;12:54:05.000
234.84;66.93E-03;6.724;50.036;300;200E-03;15.719;14.208;0.428;3.11;12:54:06.000
234.88;72.40E-03;7.350;50.029;300;200E-03;17.007;15.336;0.432;3.12;12:54:07.000
234.93;67.40E-03;6.755;50.029;300;200E-03;15.833;14.320;0.427;3.12;12:54:08.000
234.95;68.35E-03;6.878;50.023;300;200E-03;16.059;14.512;0.428;3.13;12:54:09.000
234.93;66.67E-03;6.735;50.035;300;200E-03;15.663;14.141;0.430;3.15;12:54:10.000
234.87;66.01E-03;6.717;50.025;300;200E-03;15.504;13.974;0.433;3.08;12:54:11.000
234.73;74.74E-03;7.660;50.026;300;200E-03;17.543;15.782;0.437;3.13;12:54:12.000
234.84;75.64E-03;7.705;50.027;300;200E-03;17.765;16.007;0.434;3.14;12:54:13.000
234.85;72.73E-03;7.352;50.024;300;200E-03;17.082;15.419;0.430;3.16;12:54:14.000
234.81;68.78E-03;6.850;50.026;300;200E-03;16.150;14.625;0.424;3.17;12:54:15.000
234.81;67.23E-03;6.748;50.025;300;200E-03;15.787;14.272;0.427;3.13;12:54:16.000
234.70;73.95E-03;7.496;50.021;300;200E-03;17.356;15.653;0.432;3.16;12:54:17.000
234.80;67.52E-03;6.769;50.031;300;200E-03;15.853;14.335;0.427;3.17;12:54:18.000
234.86;67.28E-03;6.704;50.032;300;200E-03;15.802;14.310;0.424;3.15;12:54:19.000
234.81;67.24E-03;6.735;50.028;300;200E-03;15.789;14.280;0.427;3.14;12:54:20.000
234.77;67.13E-03;6.681;50.033;300;200E-03;15.760;14.273;0.424;3.11;12:54:21.000
234.77;66.98E-03;6.700;50.037;300;200E-03;15.726;14.227;0.426;3.18;12:54:22.000
234.76;69.56E-03;6.984;50.040;300;200E-03;16.329;14.760;0.428;3.14;12:54:23.000
234.89;72.75E-03;7.478;50.028;300;200E-03;17.088;15.365;0.438;3.15;12:54:24.000
234.88;87.92E-03;9.411;50.037;300;200E-03;20.652;18.383;0.456;3.19;12:54:25.000
234.82;67.01E-03;6.718;50.033;300;200E-03;15.734;14.228;0.427;3.17;12:54:26.000
234.82;61.36E-03;6.089;50.031;300;200E-03;14.410;13.060;0.423;3.18;12:54:27.000
234.84;63.66E-03;6.276;50.030;300;200E-03;14.950;13.569;0.420;3.18;12:54:28.000
234.82;76.51E-03;7.774;50.033;300;200E-03;17.965;16.196;0.433;3.17;12:54:29.000
234.83;67.14E-03;6.710;50.036;300;200E-03;15.768;14.269;0.426;3.20;12:54:30.000
234.76;67.04E-03;6.741;50.039;300;200E-03;15.738;14.221;0.428;3.27;12:54:31.000
234.78;66.90E-03;6.717;50.036;300;200E-03;15.706;14.197;0.428;3.18;12:54:32.000
234.88;67.39E-03;6.724;50.039;300;200E-03;15.829;14.330;0.425;3.22;12:54:33.000
234.75;67.76E-03;6.754;50.037;300;200E-03;15.907;14.403;0.425;3.20;12:54:34.000
234.83;67.11E-03;6.697;50.046;300;200E-03;15.760;14.266;0.425;3.27;12:54:35.000
234.79;67.98E-03;6.793;50.036;300;200E-03;15.962;14.444;0.426;3.16;12:54:36.000
234.78;92.35E-03;9.876;50.040;300;200E-03;21.683;19.303;0.455;3.21;12:54:37.000
234.81;67.72E-03;6.758;50.040;300;200E-03;15.900;14.392;0.425;3.19;12:54:38.000
234.83;66.78E-03;6.714;50.040;300;200E-03;15.682;14.172;0.428;3.20;12:54:39.000
234.86;67.55E-03;6.734;50.039;300;200E-03;15.864;14.364;0.424;3.18;12:54:40.000
234.71;67.86E-03;6.776;50.044;300;200E-03;15.927;14.414;0.425;3.23;12:54:41.000
234.84;66.11E-03;6.534;50.042;300;200E-03;15.525;14.083;0.421;3.20;12:54:42.000
234.87;80.01E-03;8.260;50.038;300;200E-03;18.793;16.880;0.440;3.21;12:54:43.000
234.88;67.35E-03;6.759;50.040;300;200E-03;15.820;14.303;0.427;3.17;12:54:44.000
234.81;67.29E-03;6.744;50.043;300;200E-03;15.800;14.288;0.427;3.18;12:54:45.000
234.85;68.15E-03;6.797;50.038;300;200E-03;16.006;14.491;0.425;3.19;12:54:46.000
234.91;67.81E-03;6.765;50.038;300;200E-03;15.929;14.421;0.425;3.15;12:54:47.000
234.87;67.90E-03;6.805;50.039;300;200E-03;15.949;14.424;0.427;3.18;12:54:48.000
234.82;68.30E-03;6.844;50.044;300;200E-03;16.038;14.504;0.427;3.17;12:54:49.000
235.06;66.78E-03;6.720;50.043;300;200E-03;15.698;14.187;0.428;3.15;12:54:50.000
234.95;67.20E-03;6.735;50.043;300;200E-03;15.788;14.280;0.427;3.16;12:54:51.000
235.01;68.42E-03;6.849;50.048;300;200E-03;16.080;14.549;0.426;3.10;12:54:52.000
234.98;66.71E-03;6.649;50.039;300;200E-03;15.676;14.196;0.424;3.19;12:54:53.000
234.86;67.14E-03;6.734;50.046;300;200E-03;15.768;14.258;0.427;3.16;12:54:54.000
234.95;67.33E-03;6.803;50.042;300;200E-03;15.819;14.281;0.430;3.25;12:54:55.000
234.95;75.94E-03;7.776;50.043;300;200E-03;17.841;16.057;0.436;3.15;12:54:56.000
234.92;67.21E-03;6.737;50.038;300;200E-03;15.790;14.280;0.427;3.14;12:54:57.000
234.89;62.00E-03;6.110;50.039;300;200E-03;14.564;13.220;0.420;3.12;12:54:58.000
234.74;63.09E-03;6.212;50.035;300;200E-03;14.810;13.445;0.419;3.15;12:54:59.000
234.75;67.96E-03;6.746;50.040;300;200E-03;15.953;14.457;0.423;3.03;12:55:00.000
234.72;67.94E-03;6.819;50.027;300;200E-03;15.947;14.416;0.428;3.15;12:55:01.000
234.87;66.97E-03;6.754;50.035;300;200E-03;15.729;14.205;0.429;3.15;12:55:02.000
234.83;67.38E-03;6.747;50.033;300;200E-03;15.823;14.313;0.426;3.17;12:55:03.000
234.80;78.32E-03;8.040;50.036;300;200E-03;18.389;16.538;0.437;3.15;12:55:04.000
234.74;67.22E-03;6.710;50.034;300;200E-03;15.779;14.281;0.425;3.17;12:55:05.000
234.73;67.42E-03;6.751;50.034;300;200E-03;15.826;14.314;0.427;3.16;12:55:06.000
234.74;67.28E-03;6.736;50.031;300;200E-03;15.795;14.286;0.427;3.17;12:55:07.000
234.72;66.89E-03;6.684;50.033;300;200E-03;15.700;14.206;0.426;3.16;12:55:08.000
234.74;67.93E-03;6.848;50.028;300;200E-03;15.946;14.400;0.429;3.17;12:55:09.000
234.80;68.22E-03;6.819;50.027;300;200E-03;16.019;14.495;0.426;3.15;12:55:10.000
234.71;91.24E-03;9.913;50.025;300;200E-03;21.414;18.982;0.463;3.17;12:55:11.000
234.75;67.10E-03;6.719;50.033;300;200E-03;15.752;14.247;0.427;3.15;12:55:12.000
234.80;65.86E-03;6.538;50.031;300;200E-03;15.463;14.013;0.423;3.12;12:55:13.000
234.70;66.18E-03;6.585;50.029;300;200E-03;15.532;14.067;0.424;3.18;12:55:14.000
234.85;67.32E-03;6.724;50.034;300;200E-03;15.811;14.310;0.425;3.13;12:55:15.000
234.85;68.31E-03;6.819;50.029;300;200E-03;16.041;14.520;0.425;3.14;12:55:16.000
234.82;68.09E-03;6.857;50.031;300;200E-03;15.988;14.443;0.429;3.15;12:55:17.000
234.89;68.44E-03;6.831;50.036;300;200E-03;16.075;14.551;0.425;3.11;12:55:18.000
234.86;67.91E-03;6.793;50.033;300;200E-03;15.949;14.430;0.426;3.11;12:55:19.000
234.79;67.83E-03;6.833;50.035;300;200E-03;15.927;14.386;0.429;3.10;12:55:20.000
234.78;70.17E-03;7.179;50.034;300;200E-03;16.473;14.827;0.436;3.12;12:55:21.000
234.85;71.06E-03;7.273;50.032;300;200E-03;16.689;15.021;0.436;3.14;12:55:22.000
234.83;70.84E-03;7.264;50.024;300;200E-03;16.636;14.967;0.437;3.13;12:55:23.000
234.87;70.87E-03;7.209;50.024;300;200E-03;16.646;15.004;0.433;3.15;12:55:24.000
234.86;71.04E-03;7.332;50.025;300;200E-03;16.683;14.986;0.440;3.15;12:55:25.000
234.90;67.26E-03;6.754;50.027;300;200E-03;15.799;14.282;0.427;3.13;12:55:26.000
234.76;66.43E-03;6.661;50.023;300;200E-03;15.596;14.102;0.427;3.14;12:55:27.000
234.81;66.27E-03;6.640;50.023;300;200E-03;15.561;14.073;0.427;3.14;12:55:28.000
235.00;68.00E-03;6.872;50.016;300;200E-03;15.981;14.427;0.430;3.18;12:55:29.000
234.94;67.40E-03;6.741;50.020;300;200E-03;15.835;14.328;0.426;3.17;12:55:30.000
234.81;68.40E-03;6.883;50.011;300;200E-03;16.060;14.510;0.429;3.16;12:55:31.000
234.81;67.30E-03;6.740;50.017;300;200E-03;15.804;14.294;0.426;3.19;12:55:32.000
234.79;68.00E-03;6.910;50.019;300;200E-03;15.965;14.392;0.433;3.15;12:55:33.000
234.72;67.05E-03;6.808;50.024;300;200E-03;15.739;14.190;0.433;3.14;12:55:34.000
234.72;67.44E-03;6.733;50.020;300;200E-03;15.830;14.327;0.425;3.17;12:55:35.000
234.66;67.51E-03;6.734;50.028;300;200E-03;15.841;14.338;0.425;3.16;12:55:36.000
234.65;68.33E-03;6.813;50.020;300;200E-03;16.033;14.513;0.425;3.18;12:55:37.000
234.64;67.63E-03;6.781;50.021;300;200E-03;15.868;14.347;0.427;3.16;12:55:38.000
234.71;68.24E-03;6.801;50.019;300;200E-03;16.017;14.501;0.425;3.18;12:55:39.000
234.74;67.08E-03;6.766;50.021;300;200E-03;15.747;14.219;0.430;3.18;12:55:40.000
234.63;67.16E-03;6.699;50.019;300;200E-03;15.757;14.262;0.425;3.20;12:55:41.000
234.58;65.55E-03;6.530;50.020;300;200E-03;15.377;13.922;0.425;3.21;12:55:42.000
234.58;64.01E-03;6.277;50.021;300;200E-03;15.015;13.640;0.418;3.22;12:55:43.000
234.68;68.63E-03;6.899;50.017;300;200E-03;16.106;14.553;0.428;3.17;12:55:44.000
234.62;67.69E-03;6.820;50.020;300;200E-03;15.881;14.341;0.429;3.19;12:55:45.000
234.64;68.09E-03;6.797;50.019;300;200E-03;15.976;14.458;0.425;3.18;12:55:46.000
234.77;77.13E-03;6.591;50.557;300;200E-03;18.108;16.866;0.364;4.12;12:55:47.000
234.88;70.29E-03;6.995;49.494;300;200E-03;16.511;14.956;0.424;3.70;12:55:48.000
234.67;67.51E-03;6.760;50.024;300;200E-03;15.842;14.328;0.427;3.24;12:55:49.000
234.66;67.13E-03;6.761;50.025;300;200E-03;15.753;14.229;0.429;3.22;12:55:50.000
234.77;68.15E-03;6.830;50.025;300;200E-03;15.999;14.468;0.427;3.23;12:55:51.000
234.75;68.27E-03;6.854;50.020;300;200E-03;16.027;14.487;0.428;3.24;12:55:52.000
234.67;67.26E-03;6.766;50.018;300;200E-03;15.784;14.260;0.429;3.22;12:55:53.000
234.71;67.72E-03;6.810;50.064;300;200E-03;15.895;14.362;0.428;3.20;12:55:54.000
234.76;68.13E-03;6.864;50.026;300;200E-03;15.994;14.447;0.429;3.20;12:55:55.000
234.62;63.95E-03;6.303;50.034;300;200E-03;15.005;13.617;0.420;3.22;12:55:56.000
234.75;63.64E-03;6.318;50.028;300;200E-03;14.939;13.537;0.423;3.21;12:55:57.000
234.69;72.20E-03;6.631;49.884;300;200E-03;16.945;15.594;0.391;3.21;12:55:58.000
234.68;66.84E-03;6.692;50.028;300;200E-03;15.686;14.186;0.427;3.24;12:55:59.000
234.76;67.09E-03;6.705;50.024;300;200E-03;15.750;14.252;0.426;3.21;12:56:00.000
234.79;68.67E-03;6.873;50.028;300;200E-03;16.123;14.585;0.426;3.19;12:56:01.000
234.79;67.94E-03;6.803;50.025;300;200E-03;15.952;14.429;0.426;3.22;12:56:02.000
234.84;67.20E-03;6.783;50.028;300;200E-03;15.780;14.248;0.430;3.21;12:56:03.000
234.83;71.48E-03;7.274;50.030;300;200E-03;16.785;15.127;0.433;3.21;12:56:04.000
234.78;72.10E-03;7.350;50.022;300;200E-03;16.928;15.250;0.434;3.19;12:56:05.000
234.77;71.44E-03;7.262;50.040;300;200E-03;16.772;15.118;0.433;3.18;12:56:06.000
234.62;78.54E-03;7.551;50.610;300;200E-03;18.426;16.807;0.410;3.19;12:56:07.000
234.76;71.46E-03;7.255;50.015;300;200E-03;16.777;15.127;0.432;3.20;12:56:08.000
234.89;62.38E-03;6.108;49.988;300;200E-03;14.652;13.318;0.417;3.21;12:56:09.000
234.98;75.29E-03;6.246;50.496;300;200E-03;17.692;16.553;0.353;4.48;12:56:10.000
234.83;68.70E-03;6.866;50.002;300;200E-03;16.132;14.598;0.426;3.21;12:56:11.000
234.82;67.93E-03;6.868;50.010;300;200E-03;15.951;14.397;0.431;3.18;12:56:12.000
234.82;67.73E-03;6.789;50.013;300;200E-03;15.904;14.382;0.427;3.23;12:56:13.000
234.86;67.73E-03;6.860;49.974;300;200E-03;15.908;14.353;0.431;3.21;12:56:14.000
234.81;68.03E-03;6.805;50.005;300;200E-03;15.974;14.452;0.426;3.24;12:56:15.000
234.80;67.29E-03;6.715;50.001;300;200E-03;15.800;14.301;0.425;3.20;12:56:16.000
234.77;67.74E-03;6.774;50.021;300;200E-03;15.905;14.390;0.426;3.25;12:56:17.000
234.85;67.70E-03;6.799;50.025;300;200E-03;15.900;14.373;0.428;3.22;12:56:18.000
234.84;67.81E-03;6.793;50.020;300;200E-03;15.924;14.402;0.427;3.24;12:56:19.000
234.73;67.70E-03;6.793;50.025;300;200E-03;15.892;14.367;0.427;3.23;12:56:20.000
234.77;68.54E-03;6.883;50.025;300;200E-03;16.091;14.545;0.428;3.20;12:56:21.000
234.76;68.38E-03;6.867;50.023;300;200E-03;16.053;14.510;0.428;3.20;12:56:22.000
234.80;63.22E-03;6.226;50.024;300;200E-03;14.845;13.476;0.419;3.19;12:56:23.000
234.86;67.83E-03;6.782;50.027;300;200E-03;15.930;14.414;0.426;3.18;12:56:24.000
234.90;70.19E-03;7.146;50.028;300;200E-03;16.489;14.860;0.433;3.19;12:56:25.000
234.79;70.62E-03;7.136;50.026;300;200E-03;16.580;14.966;0.430;3.18;12:56:26.000
234.80;67.65E-03;6.804;50.025;300;200E-03;15.884;14.352;0.428;3.19;12:56:27.000
234.79;67.65E-03;6.806;50.030;300;200E-03;15.884;14.352;0.428;3.20;12:56:28.000
234.78;68.05E-03;6.858;50.025;300;200E-03;15.978;14.431;0.429;3.20;12:56:29.000
234.83;68.62E-03;6.789;50.024;300;200E-03;16.115;14.615;0.421;3.17;12:56:30.000
234.80;68.94E-03;6.749;50.030;300;200E-03;16.186;14.712;0.417;3.14;12:56:31.000
234.90;68.06E-03;6.766;50.035;300;200E-03;15.988;14.486;0.423;3.10;12:56:32.000
234.89;69.50E-03;6.845;50.035;300;200E-03;16.325;14.821;0.419;3.10;12:56:33.000
234.80;69.97E-03;6.900;50.035;300;200E-03;16.429;14.910;0.420;3.11;12:56:34.000
234.85;69.43E-03;6.873;50.034;300;200E-03;16.305;14.786;0.422;3.11;12:56:35.000
234.92;70.35E-03;6.870;50.040;300;200E-03;16.528;15.032;0.416;3.14;12:56:36.000
234.87;68.57E-03;6.789;50.037;300;200E-03;16.104;14.603;0.422;3.14;12:56:37.000
234.95;64.65E-03;6.364;50.044;300;200E-03;15.190;13.792;0.419;3.12;12:56:38.000
234.95;68.33E-03;6.832;50.037;300;200E-03;16.053;14.527;0.426;3.14;12:56:39.000
235.04;67.71E-03;6.756;50.039;300;200E-03;15.915;14.410;0.425;3.11;12:56:40.000
234.88;68.91E-03;6.873;50.034;300;200E-03;16.185;14.653;0.425;3.16;12:56:41.000
234.97;67.83E-03;6.798;50.040;300;200E-03;15.939;14.417;0.426;3.13;12:56:42.000
234.84;68.03E-03;6.755;50.037;300;200E-03;15.976;14.477;0.423;3.20;12:56:43.000
234.93;68.42E-03;6.859;50.040;300;200E-03;16.074;14.538;0.427;3.20;12:56:44.000
234.94;68.45E-03;6.809;50.038;300;200E-03;16.081;14.569;0.423;3.18;12:56:45.000
234.95;68.12E-03;6.811;50.041;300;200E-03;16.004;14.483;0.426;3.18;12:56:46.000
234.81;68.43E-03;6.839;50.041;300;200E-03;16.067;14.539;0.426;3.22;12:56:47.000
234.97;67.92E-03;6.789;50.043;300;200E-03;15.959;14.443;0.425;3.23;12:56:48.000
234.57;67.96E-03;6.795;50.036;300;200E-03;15.941;14.420;0.426;3.21;12:56:49.000
234.58;67.91E-03;6.740;50.043;300;200E-03;15.931;14.435;0.423;3.20;12:56:50.000
234.74;67.76E-03;6.766;50.041;300;200E-03;15.905;14.394;0.425;3.21;12:56:51.000
234.70;65.59E-03;6.405;50.041;300;200E-03;15.394;13.998;0.416;3.18;12:56:52.000
234.79;68.08E-03;6.741;50.033;300;200E-03;15.985;14.494;0.422;3.22;12:56:53.000
234.80;67.57E-03;6.754;50.041;300;200E-03;15.864;14.355;0.426;3.21;12:56:54.000
234.68;69.27E-03;6.908;50.040;300;200E-03;16.257;14.716;0.425;3.21;12:56:55.000
234.80;68.52E-03;6.845;50.046;300;200E-03;16.087;14.558;0.425;3.23;12:56:56.000
234.73;67.56E-03;6.723;50.043;300;200E-03;15.857;14.361;0.424;3.19;12:56:57.000
234.77;69.18E-03;6.865;50.048;300;200E-03;16.241;14.719;0.423;3.23;12:56:58.000
234.67;68.52E-03;6.808;50.048;300;200E-03;16.080;14.567;0.423;3.20;12:56:59.000
234.96;68.62E-03;6.843;50.047;300;200E-03;16.123;14.599;0.424;3.22;12:57:00.000
234.99;68.96E-03;6.894;50.043;300;200E-03;16.205;14.665;0.425;3.21;12:57:01.000
235.00;67.70E-03;6.803;50.046;300;200E-03;15.911;14.383;0.428;3.17;12:57:02.000
234.94;67.70E-03;6.749;50.045;300;200E-03;15.905;14.402;0.424;3.15;12:57:03.000
235.00;67.69E-03;6.753;50.046;300;200E-03;15.908;14.403;0.425;3.12;12:57:04.000
234.93;68.35E-03;6.837;50.038;300;200E-03;16.056;14.528;0.426;3.15;12:57:05.000
234.91;68.83E-03;6.769;50.041;300;200E-03;16.170;14.685;0.419;3.15;12:57:06.000
234.88;65.92E-03;6.461;50.037;300;200E-03;15.483;14.071;0.417;3.18;12:57:07.000
235.03;69.24E-03;6.870;50.040;300;200E-03;16.273;14.752;0.422;3.15;12:57:08.000
234.95;69.56E-03;6.814;50.035;300;200E-03;16.343;14.855;0.417;3.17;12:57:09.000
234.76;69.34E-03;6.949;50.031;300;200E-03;16.278;14.720;0.427;3.17;12:57:10.000
234.96;68.15E-03;6.790;50.036;300;200E-03;16.013;14.502;0.424;3.21;12:57:11.000
234.91;69.13E-03;6.903;50.035;300;200E-03;16.239;14.699;0.425;3.14;12:57:12.000
234.88;69.33E-03;6.904;50.034;300;200E-03;16.285;14.749;0.424;3.24;12:57:13.000
234.87;68.34E-03;6.693;50.031;300;200E-03;16.052;14.590;0.417;3.20;12:57:14.000
234.55;67.94E-03;6.762;50.026;300;200E-03;15.936;14.430;0.424;3.20;12:57:15.000
234.72;67.94E-03;6.633;50.033;300;200E-03;15.947;14.502;0.416;3.22;12:57:16.000
234.73;69.04E-03;6.822;50.034;300;200E-03;16.205;14.699;0.421;3.22;12:57:17.000
234.65;66.72E-03;6.623;50.030;300;200E-03;15.655;14.185;0.423;3.19;12:57:18.000
234.55;66.88E-03;6.744;50.025;300;200E-03;15.687;14.164;0.430;3.23;12:57:19.000
234.84;67.52E-03;6.807;50.036;300;200E-03;15.856;14.320;0.429;3.16;12:57:20.000
234.87;67.41E-03;6.747;50.034;300;200E-03;15.832;14.322;0.426;3.19;12:57:21.000
234.79;63.89E-03;6.252;50.032;300;200E-03;15.000;13.634;0.417;3.19;12:57:22.000
234.81;69.33E-03;6.925;50.038;300;200E-03;16.279;14.733;0.425;3.17;12:57:23.000
234.85;73.50E-03;7.527;50.036;300;200E-03;17.261;15.533;0.436;3.20;12:57:24.000
234.86;72.81E-03;7.428;50.040;300;200E-03;17.101;15.403;0.434;3.20;12:57:25.000
234.85;64.69E-03;6.466;50.033;300;200E-03;15.193;13.748;0.426;3.17;12:57:26.000
234.87;68.25E-03;6.804;50.032;300;200E-03;16.030;14.514;0.424;3.20;12:57:27.000
234.87;68.52E-03;6.893;50.036;300;200E-03;16.094;14.543;0.428;3.21;12:57:28.000
234.76;65.28E-03;6.485;50.034;300;200E-03;15.326;13.886;0.423;3.19;12:57:29.000
234.83;68.16E-03;6.860;50.031;300;200E-03;16.005;14.460;0.429;3.22;12:57:30.000
234.85;68.22E-03;6.813;50.035;300;200E-03;16.021;14.501;0.425;3.19;12:57:31.000
234.91;68.66E-03;6.882;50.031;300;200E-03;16.129;14.587;0.427;3.15;12:57:32.000
234.69;67.60E-03;6.761;50.033;300;200E-03;15.864;14.351;0.426;3.18;12:57:33.000
234.65;63.97E-03;6.212;50.028;300;200E-03;15.011;13.665;0.414;3.19;12:57:34.000
234.75;64.44E-03;6.393;50.032;300;200E-03;15.128;13.710;0.423;3.17;12:57:35.000
234.62;67.88E-03;6.780;50.030;300;200E-03;15.926;14.411;0.426;3.16;12:57:36.000
234.73;68.65E-03;6.907;50.028;300;200E-03;16.114;14.558;0.429;3.19;12:57:37.000
234.71;68.45E-03;6.826;50.029;300;200E-03;16.066;14.544;0.425;3.19;12:57:38.000
234.64;68.91E-03;6.855;50.034;300;200E-03;16.168;14.643;0.424;3.20;12:57:39.000
234.60;67.49E-03;6.756;50.025;300;200E-03;15.833;14.319;0.427;3.22;12:57:40.000
234.66;68.16E-03;6.809;50.033;300;200E-03;15.995;14.473;0.426;3.23;12:57:41.000
234.69;68.45E-03;6.899;50.039;300;200E-03;16.065;14.508;0.429;3.19;12:57:42.000
234.60;68.19E-03;6.736;50.038;300;200E-03;15.998;14.511;0.421;3.23;12:57:43.000
234.57;67.52E-03;6.793;50.040;300;200E-03;15.838;14.308;0.429;3.24;12:57:44.000
234.51;67.92E-03;6.888;50.039;300;200E-03;15.929;14.363;0.432;3.26;12:57:45.000
234.50;67.47E-03;6.832;50.044;300;200E-03;15.821;14.270;0.432;3.26;12:57:46.000
234.49;68.05E-03;6.857;50.038;300;200E-03;15.957;14.409;0.430;3.26;12:57:47.000
234.62;68.34E-03;6.937;50.040;300;200E-03;16.033;14.455;0.433;3.23;12:57:48.000
234.59;66.49E-03;6.695;50.038;300;200E-03;15.598;14.088;0.429;3.23;12:57:49.000
234.56;66.49E-03;6.693;50.041;300;200E-03;15.595;14.086;0.429;3.24;12:57:50.000
234.52;67.94E-03;6.833;50.039;300;200E-03;15.933;14.394;0.429;3.27;12:57:51.000
234.68;68.39E-03;6.930;50.038;300;200E-03;16.051;14.478;0.432;3.24;12:57:52.000
234.61;68.59E-03;6.908;50.040;300;200E-03;16.093;14.535;0.429;3.25;12:57:53.000
234.59;68.04E-03;6.852;50.042;300;200E-03;15.961;14.415;0.429;3.25;12:57:54.000
234.61;67.29E-03;6.836;50.035;300;200E-03;15.787;14.229;0.433;3.26;12:57:55.000
234.61;67.27E-03;6.863;50.036;300;200E-03;15.783;14.213;0.435;3.24;12:57:56.000
234.57;65.56E-03;6.757;50.034;300;200E-03;15.379;13.816;0.439;3.24;12:57:57.000
234.49;67.82E-03;6.868;50.032;300;200E-03;15.902;14.342;0.432;3.24;12:57:58.000
234.46;67.84E-03;6.828;50.036;300;200E-03;15.905;14.365;0.429;3.26;12:57:59.000
234.57;67.48E-03;6.882;50.033;300;200E-03;15.828;14.254;0.435;3.26;12:58:00.000
234.59;67.86E-03;6.894;50.033;300;200E-03;15.918;14.348;0.433;3.23;12:58:01.000
234.54;67.67E-03;6.805;50.034;300;200E-03;15.872;14.339;0.429;3.20;12:58:02.000
234.58;67.32E-03;6.774;50.028;300;200E-03;15.793;14.266;0.429;3.24;12:58:03.000
234.58;64.50E-03;6.382;50.034;300;200E-03;15.131;13.719;0.422;3.20;12:58:04.000
234.49;63.32E-03;6.283;50.032;300;200E-03;14.848;13.453;0.423;3.24;12:58:05.000
234.59;65.70E-03;6.567;50.030;300;200E-03;15.413;13.944;0.426;3.21;12:58:06.000
234.52;67.81E-03;6.832;50.031;300;200E-03;15.904;14.361;0.430;3.22;12:58:07.000
234.54;67.19E-03;6.809;50.038;300;200E-03;15.759;14.212;0.432;3.22;12:58:08.000
234.61;67.48E-03;6.829;50.034;300;200E-03;15.833;14.284;0.431;3.20;12:58:09.000
234.66;68.45E-03;6.864;50.036;300;200E-03;16.063;14.522;0.427;3.22;12:58:10.000
234.50;68.27E-03;6.853;50.040;300;200E-03;16.008;14.468;0.428;3.18;12:58:11.000
234.46;65.97E-03;6.607;50.036;300;200E-03;15.468;13.985;0.427;3.20;12:58:12.000
234.41;67.69E-03;6.783;50.039;300;200E-03;15.867;14.345;0.427;3.23;12:58:13.000
234.55;68.10E-03;6.858;50.036;300;200E-03;15.973;14.426;0.429;3.23;12:58:14.000
234.71;68.18E-03;6.812;50.029;300;200E-03;16.002;14.480;0.426;3.18;12:58:15.000
234.74;68.50E-03;6.926;50.035;300;200E-03;16.080;14.512;0.431;3.19;12:58:16.000
234.67;68.59E-03;6.903;50.031;300;200E-03;16.095;14.540;0.429;3.19;12:58:17.000
234.64;67.70E-03;6.798;50.036;300;200E-03;15.884;14.356;0.428;3.21;12:58:18.000
234.58;66.43E-03;6.647;50.031;300;200E-03;15.584;14.095;0.427;3.22;12:58:19.000
234.67;63.42E-03;6.292;50.031;300;200E-03;14.882;13.487;0.423;3.23;12:58:20.000
234.60;67.45E-03;6.810;50.029;300;200E-03;15.823;14.282;0.430;3.25;12:58:21.000
234.76;68.16E-03;6.927;50.036;300;200E-03;16.000;14.423;0.433;3.27;12:58:22.000
234.69;66.68E-03;6.763;50.030;300;200E-03;15.649;14.112;0.432;3.26;12:58:23.000
234.74;68.16E-03;6.879;50.025;300;200E-03;15.999;14.444;0.430;3.26;12:58:24.000
234.77;70.60E-03;7.153;50.032;300;200E-03;16.574;14.951;0.432;3.24;12:58:25.000
234.67;68.39E-03;6.948;50.029;300;200E-03;16.048;14.466;0.433;3.21;12:58:26.000
234.70;70.90E-03;7.200;50.029;300;200E-03;16.641;15.003;0.433;3.23;12:58:27.000
234.78;68.05E-03;6.901;50.029;300;200E-03;15.978;14.411;0.432;3.25;12:58:28.000
234.68;68.02E-03;6.863;50.031;300;200E-03;15.964;14.413;0.430;3.25;12:58:29.000
234.83;66.65E-03;6.836;50.032;300;200E-03;15.651;14.079;0.437;3.27;12:58:30.000
234.85;67.25E-03;6.819;50.025;300;200E-03;15.795;14.247;0.432;3.24;12:58:31.000
234.77;67.69E-03;6.839;50.031;300;200E-03;15.891;14.344;0.430;3.24;12:58:32.000
234.82;67.66E-03;6.843;50.037;300;200E-03;15.889;14.340;0.431;3.23;12:58:33.000
234.90;67.70E-03;6.841;50.030;300;200E-03;15.904;14.357;0.430;3.25;12:58:34.000
234.97;64.03E-03;6.373;50.030;300;200E-03;15.045;13.629;0.424;3.22;12:58:35.000
234.94;63.33E-03;6.245;50.025;300;200E-03;14.878;13.504;0.420;3.21;12:58:36.000
234.92;62.52E-03;6.161;50.035;300;200E-03;14.687;13.332;0.419;3.20;12:58:37.000
234.63;67.17E-03;6.712;50.023;300;200E-03;15.760;14.259;0.426;3.21;12:58:38.000
234.61;68.04E-03;6.817;50.025;300;200E-03;15.964;14.435;0.427;3.20;12:58:39.000
234.77;66.72E-03;6.790;50.013;300;200E-03;15.665;14.117;0.433;3.24;12:58:40.000
234.72;68.60E-03;7.067;50.021;300;200E-03;16.103;14.469;0.439;3.24;12:58:41.000
234.75;73.25E-03;7.537;50.017;300;200E-03;17.196;15.456;0.438;3.23;12:58:42.000
234.74;69.81E-03;6.960;50.011;300;200E-03;16.387;14.836;0.425;3.24;12:58:43.000
234.58;70.21E-03;7.164;50.017;300;200E-03;16.471;14.832;0.435;3.24;12:58:44.000
234.80;72.45E-03;7.237;50.012;300;200E-03;17.010;15.394;0.425;3.19;12:58:45.000
234.95;70.84E-03;7.134;50.022;300;200E-03;16.643;15.036;0.429;3.21;12:58:46.000
234.91;63.43E-03;6.231;50.011;300;200E-03;14.901;13.535;0.418;3.22;12:58:47.000
234.87;62.23E-03;6.135;50.012;300;200E-03;14.615;13.265;0.420;3.22;12:58:48.000
234.78;69.43E-03;6.941;50.015;300;200E-03;16.301;14.750;0.426;3.21;12:58:49.000
234.92;68.39E-03;6.860;50.014;300;200E-03;16.066;14.528;0.427;3.20;12:58:50.000
234.95;68.31E-03;6.866;50.015;300;200E-03;16.050;14.507;0.428;3.18;12:58:51.000
234.92;69.00E-03;6.900;50.021;300;200E-03;16.208;14.666;0.426;3.22;12:58:52.000
234.92;65.70E-03;6.464;50.008;300;200E-03;15.435;14.016;0.419;3.19;12:58:53.000
235.01;62.18E-03;6.109;50.011;300;200E-03;14.613;13.275;0.418;3.18;12:58:54.000
235.02;68.13E-03;6.788;50.013;300;200E-03;16.011;14.501;0.424;3.18;12:58:55.000
235.00;62.14E-03;6.036;50.017;300;200E-03;14.604;13.298;0.413;3.23;12:58:56.000
235.00;68.07E-03;6.794;50.016;300;200E-03;15.996;14.481;0.425;3.20;12:58:57.000
234.99;68.43E-03;6.932;50.021;300;200E-03;16.080;14.509;0.431;3.21;12:58:58.000
234.96;62.10E-03;6.066;50.015;300;200E-03;14.590;13.269;0.416;3.22;12:58:59.000
234.93;67.25E-03;6.774;50.010;300;200E-03;15.799;14.273;0.429;3.20;12:59:00.000
235.04;68.11E-03;6.837;50.018;300;200E-03;16.008;14.474;0.427;3.20;12:59:01.000
234.97;69.08E-03;6.931;50.015;300;200E-03;16.231;14.677;0.427;3.21;12:59:02.000
234.93;64.42E-03;6.343;50.018;300;200E-03;15.135;13.742;0.419;3.21;12:59:03.000
235.00;68.80E-03;6.868;50.014;300;200E-03;16.169;14.637;0.425;3.20;12:59:04.000
234.96;65.00E-03;6.426;50.015;300;200E-03;15.271;13.853;0.421;3.24;12:59:05.000
235.11;68.03E-03;6.845;50.023;300;200E-03;15.995;14.456;0.428;3.20;12:59:06.000
235.08;67.87E-03;6.864;50.016;300;200E-03;15.954;14.401;0.430;3.18;12:59:07.000
235.02;67.73E-03;6.850;50.016;300;200E-03;15.919;14.369;0.430;3.20;12:59:08.000
235.05;64.99E-03;6.444;50.015;300;200E-03;15.276;13.850;0.422;3.19;12:59:09.000
235.07;63.34E-03;6.238;50.024;300;200E-03;14.890;13.521;0.419;3.20;12:59:10.000
235.10;67.78E-03;6.823;50.022;300;200E-03;15.935;14.400;0.428;3.18;12:59:11.000
235.09;61.51E-03;6.085;50.025;300;200E-03;14.461;13.119;0.421;3.18;12:59:12.000
234.94;67.29E-03;6.767;50.023;300;200E-03;15.809;14.288;0.428;3.18;12:59:13.000
235.05;65.46E-03;6.530;50.024;300;200E-03;15.386;13.931;0.424;3.20;12:59:14.000
235.11;67.19E-03;6.825;50.025;300;200E-03;15.798;14.248;0.432;3.16;12:59:15.000
235.09;68.25E-03;6.916;50.018;300;200E-03;16.045;14.477;0.431;3.20;12:59:16.000
235.04;67.04E-03;6.791;50.019;300;200E-03;15.758;14.219;0.431;3.23;12:59:17.000
235.11;68.32E-03;6.886;50.019;300;200E-03;16.064;14.513;0.429;3.23;12:59:18.000
235.10;68.91E-03;6.947;50.021;300;200E-03;16.202;14.637;0.429;3.23;12:59:19.000
235.20;65.32E-03;6.548;50.015;300;200E-03;15.364;13.899;0.426;3.20;12:59:20.000
235.14;65.69E-03;6.550;50.021;300;200E-03;15.447;13.990;0.424;3.23;12:59:21.000
235.12;66.43E-03;6.698;50.019;300;200E-03;15.619;14.110;0.429;3.21;12:59:22.000
235.10;68.17E-03;6.890;50.026;300;200E-03;16.027;14.470;0.430;3.18;12:59:23.000
235.17;67.59E-03;6.820;50.020;300;200E-03;15.895;14.357;0.429;3.23;12:59:24.000
235.16;62.18E-03;6.147;50.026;300;200E-03;14.623;13.269;0.420;3.20;12:59:25.000
235.11;67.46E-03;6.777;50.028;300;200E-03;15.859;14.338;0.427;3.20;12:59:26.000
235.21;64.39E-03;6.382;50.027;300;200E-03;15.145;13.734;0.421;3.18;12:59:27.000
235.33;64.76E-03;6.469;50.023;300;200E-03;15.241;13.800;0.424;3.19;12:59:28.000
235.28;68.39E-03;6.955;50.028;300;200E-03;16.090;14.509;0.432;3.18;12:59:29.000
235.24;68.34E-03;6.931;50.030;300;200E-03;16.076;14.505;0.431;3.21;12:59:30.000
235.23;62.19E-03;6.135;50.032;300;200E-03;14.629;13.280;0.419;3.18;12:59:31.000
235.19;67.71E-03;6.839;50.034;300;200E-03;15.924;14.381;0.429;3.22;12:59:32.000
235.11;65.81E-03;6.596;50.032;300;200E-03;15.473;13.997;0.426;3.20;12:59:33.000
235.22;68.41E-03;6.924;50.032;300;200E-03;16.092;14.526;0.430;3.21;12:59:34.000
235.24;67.56E-03;6.848;50.030;300;200E-03;15.893;14.342;0.431;3.22;12:59:35.000
235.14;66.86E-03;6.774;50.036;300;200E-03;15.720;14.186;0.431;3.24;12:59:36.000
235.22;67.93E-03;6.870;50.031;300;200E-03;15.977;14.425;0.430;3.20;12:59:37.000
235.11;65.90E-03;6.581;50.032;300;200E-03;15.494;14.027;0.425;3.21;12:59:38.000
235.36;68.42E-03;6.928;50.030;300;200E-03;16.104;14.537;0.430;3.21;12:59:39.000
235.49;67.83E-03;6.875;50.028;300;200E-03;15.973;14.418;0.430;3.20;12:59:40.000
235.39;66.01E-03;6.647;50.025;300;200E-03;15.537;14.043;0.428;3.19;12:59:41.000
235.41;62.71E-03;6.207;50.026;300;200E-03;14.763;13.395;0.420;3.21;12:59:42.000
235.19;63.92E-03;6.364;50.026;300;200E-03;15.033;13.620;0.423;3.16;12:59:43.000
235.25;67.34E-03;6.794;50.029;300;200E-03;15.841;14.311;0.429;3.22;12:59:44.000
235.22;66.27E-03;6.644;50.029;300;200E-03;15.588;14.101;0.426;3.18;12:59:45.000
235.30;67.03E-03;6.689;50.024;300;200E-03;15.772;14.283;0.424;3.18;12:59:46.000
235.27;67.39E-03;6.762;50.027;300;200E-03;15.856;14.342;0.426;3.21;12:59:47.000
235.15;66.80E-03;6.755;50.034;300;200E-03;15.708;14.182;0.430;3.20;12:59:48.000
235.07;67.04E-03;6.749;50.028;300;200E-03;15.759;14.241;0.428;3.22;12:59:49.000
235.19;67.93E-03;6.887;50.021;300;200E-03;15.978;14.417;0.431;3.22;12:59:50.000
235.25;68.56E-03;6.935;50.023;300;200E-03;16.130;14.562;0.430;3.21;12:59:51.000
235.28;67.68E-03;6.853;50.021;300;200E-03;15.923;14.373;0.430;3.22;12:59:52.000
235.30;66.74E-03;6.725;50.031;300;200E-03;15.704;14.191;0.428;3.18;12:59:53.000
235.20;64.40E-03;6.441;50.030;300;200E-03;15.146;13.708;0.425;3.16;12:59:54.000
235.10;67.53E-03;6.758;50.025;300;200E-03;15.875;14.365;0.426;3.17;12:59:55.000
235.11;67.55E-03;6.873;50.023;300;200E-03;15.881;14.316;0.433;3.16;12:59:56.000
235.09;66.80E-03;6.673;50.028;300;200E-03;15.704;14.215;0.425;3.15;12:59:57.000
235.20;66.50E-03;6.694;50.019;300;200E-03;15.640;14.135;0.428;3.20;12:59:58.000
235.20;68.82E-03;6.909;50.030;300;200E-03;16.187;14.639;0.427;3.11;12:59:59.000
235.28;67.18E-03;6.774;50.022;300;200E-03;15.806;14.281;0.429;3.14;13:00:00.000
235.23;68.38E-03;6.851;50.023;300;200E-03;16.086;14.554;0.426;3.17;13:00:01.000
235.22;62.96E-03;6.215;50.024;300;200E-03;14.809;13.442;0.420;3.12;13:00:02.000
235.10;71.42E-03;7.250;50.026;300;200E-03;16.792;15.146;0.432;3.11;13:00:03.000
235.12;71.45E-03;7.289;50.015;300;200E-03;16.800;15.137;0.434;3.16;13:00:04.000
235.01;66.04E-03;6.429;50.025;300;200E-03;15.519;14.125;0.414;3.13;13:00:05.000
235.09;72.99E-03;7.431;50.020;300;200E-03;17.159;15.466;0.433;3.10;13:00:06.000
235.06;64.97E-03;6.381;50.021;300;200E-03;15.272;13.875;0.418;3.08;13:00:07.000
235.05;71.52E-03;7.188;50.022;300;200E-03;16.811;15.196;0.428;3.10;13:00:08.000
235.08;62.27E-03;6.080;50.025;300;200E-03;14.638;13.315;0.415;3.05;13:00:09.000
235.13;67.45E-03;6.626;50.019;300;200E-03;15.860;14.409;0.418;3.19;13:00:10.000
235.08;69.25E-03;6.857;50.016;300;200E-03;16.280;14.765;0.421;3.12;13:00:11.000
235.06;68.41E-03;6.861;50.034;300;200E-03;16.082;14.545;0.427;3.13;13:00:12.000
235.06;68.80E-03;6.849;50.028;300;200E-03;16.172;14.650;0.424;3.11;13:00:13.000
235.12;65.96E-03;6.641;50.030;300;200E-03;15.509;14.015;0.428;3.14;13:00:14.000
235.18;66.34E-03;6.687;50.036;300;200E-03;15.603;14.097;0.429;3.08;13:00:15.000
235.22;64.08E-03;6.432;50.024;300;200E-03;15.072;13.631;0.427;3.18;13:00:16.000
235.16;61.48E-03;5.972;50.036;300;200E-03;14.456;13.165;0.413;3.11;13:00:17.000
235.15;68.15E-03;6.844;50.038;300;200E-03;16.025;14.489;0.427;3.20;13:00:18.000
235.18;68.66E-03;6.947;50.041;300;200E-03;16.148;14.577;0.430;3.11;13:00:19.000
235.17;63.35E-03;6.227;50.042;300;200E-03;14.898;13.534;0.418;3.16;13:00:20.000
235.17;63.92E-03;6.367;50.041;300;200E-03;15.032;13.617;0.424;3.11;13:00:21.000
235.25;68.02E-03;6.762;50.045;300;200E-03;16.002;14.503;0.423;3.12;13:00:22.000
235.14;61.68E-03;6.027;50.036;300;200E-03;14.504;13.193;0.416;3.07;13:00:23.000
235.13;65.73E-03;6.520;50.044;300;200E-03;15.455;14.013;0.422;3.12;13:00:24.000
235.07;67.75E-03;6.822;50.046;300;200E-03;15.927;14.392;0.428;3.15;13:00:25.000
235.05;70.81E-03;7.191;50.046;300;200E-03;16.643;15.009;0.432;3.11;13:00:26.000
235.13;70.64E-03;7.116;50.039;300;200E-03;16.609;15.007;0.428;3.13;13:00:27.000
235.19;71.50E-03;7.227;50.037;300;200E-03;16.816;15.183;0.430;3.15;13:00:28.000
235.00;61.30E-03;6.001;50.043;300;200E-03;14.405;13.096;0.417;3.07;13:00:29.000
235.06;64.87E-03;6.409;50.044;300;200E-03;15.248;13.835;0.420;3.13;13:00:30.000
235.07;63.73E-03;6.242;50.040;300;200E-03;14.981;13.619;0.417;3.08;13:00:31.000
235.08;68.42E-03;6.908;50.040;300;200E-03;16.084;14.525;0.430;3.17;13:00:32.000
235.06;68.74E-03;6.885;50.045;300;200E-03;16.158;14.618;0.426;3.07;13:00:33.000
234.98;65.38E-03;6.435;50.041;300;200E-03;15.364;13.951;0.419;3.19;13:00:34.000
235.07;62.52E-03;6.132;50.039;300;200E-03;14.697;13.356;0.417;3.15;13:00:35.000
235.02;65.32E-03;6.376;50.038;300;200E-03;15.352;13.965;0.415;3.13;13:00:36.000
235.09;69.22E-03;6.888;50.036;300;200E-03;16.274;14.744;0.423;3.13;13:00:37.000
235.07;67.84E-03;6.871;50.040;300;200E-03;15.948;14.393;0.431;3.17;13:00:38.000
234.96;68.51E-03;6.858;50.033;300;200E-03;16.098;14.564;0.426;3.24;13:00:39.000
235.02;65.24E-03;6.433;50.040;300;200E-03;15.333;13.918;0.420;3.18;13:00:40.000
235.00;62.76E-03;6.068;50.045;300;200E-03;14.748;13.442;0.411;3.15;13:00:41.000
234.95;68.23E-03;6.761;50.038;300;200E-03;16.032;14.536;0.422;3.19;13:00:42.000
234.97;68.18E-03;6.834;50.039;300;200E-03;16.021;14.491;0.427;3.18;13:00:43.000
234.91;62.67E-03;6.180;50.030;300;200E-03;14.721;13.361;0.420;3.20;13:00:44.000
234.95;68.06E-03;6.807;50.029;300;200E-03;15.990;14.470;0.426;3.20;13:00:45.000
234.87;68.09E-03;6.844;50.032;300;200E-03;15.991;14.453;0.428;3.22;13:00:46.000
234.87;64.49E-03;6.339;50.040;300;200E-03;15.148;13.758;0.418;3.19;13:00:47.000
234.94;62.46E-03;6.151;50.037;300;200E-03;14.673;13.322;0.419;3.15;13:00:48.000
234.93;68.49E-03;6.902;50.039;300;200E-03;16.091;14.536;0.429;3.17;13:00:49.000
234.88;62.43E-03;6.207;50.041;300;200E-03;14.664;13.286;0.423;3.05;13:00:50.000
234.92;64.39E-03;6.316;50.030;300;200E-03;15.127;13.745;0.418;3.14;13:00:51.000
234.87;67.57E-03;6.828;50.035;300;200E-03;15.870;14.326;0.430;3.16;13:00:52.000
234.79;67.17E-03;6.804;50.041;300;200E-03;15.770;14.227;0.431;3.15;13:00:53.000
234.85;61.30E-03;6.054;50.037;300;200E-03;14.396;13.061;0.421;3.09;13:00:54.000
234.83;67.82E-03;6.851;50.030;300;200E-03;15.925;14.376;0.430;3.25;13:00:55.000
234.91;68.19E-03;6.864;50.037;300;200E-03;16.018;14.472;0.429;3.15;13:00:56.000
234.78;62.04E-03;6.071;50.034;300;200E-03;14.566;13.241;0.417;3.13;13:00:57.000
234.84;67.91E-03;6.837;50.039;300;200E-03;15.947;14.407;0.429;3.16;13:00:58.000
234.84;67.44E-03;6.801;50.036;300;200E-03;15.838;14.303;0.429;3.16;13:00:59.000
234.91;67.41E-03;6.840;50.030;300;200E-03;15.837;14.283;0.432;3.11;13:01:00.000
234.94;65.20E-03;6.511;50.029;300;200E-03;15.319;13.866;0.425;3.12;13:01:01.000
234.93;67.37E-03;6.834;50.024;300;200E-03;15.827;14.275;0.432;3.15;13:01:02.000
234.95;69.54E-03;6.961;50.035;300;200E-03;16.339;14.781;0.426;3.11;13:01:03.000
234.88;68.42E-03;6.915;50.023;300;200E-03;16.071;14.508;0.430;3.15;13:01:04.000
234.82;61.05E-03;5.947;50.027;300;200E-03;14.336;13.044;0.415;3.14;13:01:05.000
234.74;68.22E-03;6.882;50.028;300;200E-03;16.014;14.460;0.430;3.16;13:01:06.000
234.85;67.72E-03;6.804;50.027;300;200E-03;15.904;14.375;0.428;3.14;13:01:07.000
234.90;61.80E-03;6.067;50.025;300;200E-03;14.518;13.190;0.418;3.16;13:01:08.000
234.90;61.61E-03;6.003;50.023;300;200E-03;14.472;13.168;0.415;3.16;13:01:09.000
234.79;65.78E-03;6.473;50.024;300;200E-03;15.444;14.022;0.419;3.16;13:01:10.000
234.87;64.78E-03;6.461;50.025;300;200E-03;15.214;13.774;0.425;3.13;13:01:11.000
234.60;73.04E-03;7.348;50.023;300;200E-03;17.137;15.482;0.429;3.09;13:01:12.000
234.63;70.79E-03;7.093;50.031;300;200E-03;16.608;15.018;0.427;3.04;13:01:13.000
234.76;72.83E-03;7.390;50.033;300;200E-03;17.099;15.419;0.432;3.08;13:01:14.000
234.67;72.99E-03;7.353;50.031;300;200E-03;17.129;15.470;0.429;3.13;13:01:15.000
234.57;65.50E-03;6.480;50.035;300;200E-03;15.365;13.931;0.422;3.13;13:01:16.000
234.60;67.90E-03;6.783;50.034;300;200E-03;15.929;14.413;0.426;3.13;13:01:17.000
234.75;69.74E-03;6.967;50.027;300;200E-03;16.373;14.816;0.426;3.09;13:01:18.000
234.74;68.20E-03;6.808;50.037;300;200E-03;16.009;14.490;0.425;3.12;13:01:19.000
234.77;67.24E-03;6.799;50.034;300;200E-03;15.785;14.246;0.431;3.18;13:01:20.000
234.62;67.43E-03;6.836;50.032;300;200E-03;15.821;14.268;0.432;3.14;13:01:21.000
234.75;67.50E-03;6.801;50.026;300;200E-03;15.847;14.313;0.429;3.22;13:01:22.000
234.78;65.98E-03;6.525;50.020;300;200E-03;15.490;14.049;0.421;3.10;13:01:23.000
234.90;58.11E-03;5.692;50.028;300;200E-03;13.650;12.406;0.417;3.16;13:01:24.000
234.77;67.70E-03;6.798;50.031;300;200E-03;15.893;14.366;0.428;3.17;13:01:25.000
234.73;61.54E-03;6.025;50.028;300;200E-03;14.445;13.128;0.417;3.22;13:01:26.000
234.87;68.70E-03;6.951;50.028;300;200E-03;16.134;14.560;0.431;3.15;13:01:27.000
234.75;67.35E-03;6.827;50.027;300;200E-03;15.811;14.261;0.432;3.22;13:01:28.000
234.79;66.89E-03;6.787;50.027;300;200E-03;15.705;14.163;0.432;3.13;13:01:29.000
234.79;67.58E-03;6.825;50.031;300;200E-03;15.868;14.325;0.430;3.19;13:01:30.000
234.72;67.14E-03;6.643;50.039;300;200E-03;15.760;14.292;0.421;3.21;13:01:31.000
234.70;61.72E-03;6.050;50.036;300;200E-03;14.485;13.161;0.418;3.13;13:01:32.000
234.69;67.61E-03;6.872;50.035;300;200E-03;15.867;14.302;0.433;3.15;13:01:33.000
234.72;68.35E-03;6.886;50.030;300;200E-03;16.043;14.490;0.429;3.15;13:01:34.000
234.39;63.82E-03;6.302;50.031;300;200E-03;14.958;13.566;0.421;3.11;13:01:35.000
234.65;65.09E-03;6.490;50.032;300;200E-03;15.273;13.825;0.425;3.08;13:01:36.000
234.56;69.29E-03;6.831;50.032;300;200E-03;16.252;14.747;0.420;3.09;13:01:37.000
234.57;67.47E-03;6.787;50.035;300;200E-03;15.825;14.296;0.429;3.11;13:01:38.000
234.61;66.39E-03;6.713;50.041;300;200E-03;15.576;14.056;0.431;3.07;13:01:39.000
234.68;67.51E-03;6.751;50.023;300;200E-03;15.844;14.334;0.426;3.16;13:01:40.000
234.74;66.19E-03;6.584;50.025;300;200E-03;15.538;14.074;0.424;3.15;13:01:41.000
234.75;68.53E-03;6.911;50.021;300;200E-03;16.087;14.527;0.430;3.13;13:01:42.000
234.73;65.73E-03;6.531;50.025;300;200E-03;15.429;13.978;0.423;3.15;13:01:43.000
234.59;67.59E-03;6.801;50.028;300;200E-03;15.856;14.323;0.429;3.15;13:01:44.000
234.60;68.25E-03;6.904;50.029;300;200E-03;16.011;14.446;0.431;3.14;13:01:45.000
234.58;62.04E-03;6.165;50.030;300;200E-03;14.554;13.183;0.424;3.12;13:01:46.000
234.50;68.68E-03;6.934;50.023;300;200E-03;16.106;14.537;0.431;3.14;13:01:47.000
234.62;67.31E-03;6.814;50.030;300;200E-03;15.792;14.246;0.431;3.16;13:01:48.000
234.57;68.17E-03;6.854;50.029;300;200E-03;15.990;14.447;0.429;3.13;13:01:49.000
234.63;68.54E-03;6.952;50.034;300;200E-03;16.081;14.501;0.432;3.09;13:01:50.000
234.59;64.47E-03;6.486;50.032;300;200E-03;15.125;13.664;0.429;3.13;13:01:51.000
234.69;64.94E-03;6.494;50.035;300;200E-03;15.240;13.787;0.426;3.06;13:01:52.000
234.65;58.57E-03;5.699;50.028;300;200E-03;13.744;12.507;0.415;3.18;13:01:53.000
234.69;67.59E-03;6.837;50.034;300;200E-03;15.862;14.313;0.431;3.16;13:01:54.000
234.69;63.43E-03;6.379;50.040;300;200E-03;14.888;13.452;0.429;3.15;13:01:55.000
234.58;66.97E-03;6.793;50.035;300;200E-03;15.711;14.166;0.432;3.14;13:01:56.000
234.61;64.98E-03;6.537;50.038;300;200E-03;15.244;13.771;0.429;3.16;13:01:57.000
234.58;69.88E-03;6.953;50.032;300;200E-03;16.392;14.844;0.424;3.18;13:01:58.000
234.23;67.06E-03;6.723;50.030;300;200E-03;15.707;14.196;0.428;3.20;13:01:59.000
234.53;65.57E-03;6.439;50.034;300;200E-03;15.378;13.965;0.419;3.14;13:02:00.000
234.35;69.29E-03;6.953;50.030;300;200E-03;16.239;14.675;0.428;3.13;13:02:01.000
234.52;68.58E-03;6.767;50.035;300;200E-03;16.083;14.590;0.421;3.16;13:02:02.000
234.38;64.92E-03;6.441;50.038;300;200E-03;15.217;13.786;0.423;3.11;13:02:03.000
234.24;61.19E-03;5.983;50.039;300;200E-03;14.332;13.023;0.417;3.18;13:02:04.000
234.55;61.66E-03;6.079;50.035;300;200E-03;14.463;13.123;0.420;3.17;13:02:05.000
234.37;68.24E-03;6.884;50.042;300;200E-03;15.993;14.435;0.430;3.17;13:02:06.000
234.70;62.38E-03;6.105;50.034;300;200E-03;14.641;13.307;0.417;3.15;13:02:07.000
234.73;61.43E-03;6.050;50.036;300;200E-03;14.420;13.089;0.420;3.16;13:02:08.000
234.73;61.34E-03;6.080;50.036;300;200E-03;14.400;13.053;0.422;3.16;13:02:09.000
234.88;64.77E-03;6.521;50.034;300;200E-03;15.212;13.744;0.429;3.14;13:02:10.000
234.80;61.39E-03;6.023;50.039;300;200E-03;14.415;13.096;0.418;3.16;13:02:11.000
234.83;65.61E-03;6.666;50.038;300;200E-03;15.406;13.890;0.433;3.14;13:02:12.000
234.89;68.06E-03;6.898;50.039;300;200E-03;15.988;14.423;0.431;3.12;13:02:13.000
234.89;67.69E-03;6.944;50.029;300;200E-03;15.899;14.302;0.437;3.12;13:02:14.000
234.90;63.29E-03;6.356;50.033;300;200E-03;14.868;13.441;0.428;3.11;13:02:15.000
234.97;64.22E-03;6.489;50.031;300;200E-03;15.089;13.623;0.430;3.12;13:02:16.000
234.84;67.01E-03;6.833;50.037;300;200E-03;15.737;14.177;0.434;3.10;13:02:17.000
234.85;66.68E-03;6.799;50.036;300;200E-03;15.660;14.107;0.434;3.11;13:02:18.000
234.88;67.17E-03;6.866;50.031;300;200E-03;15.776;14.203;0.435;3.17;13:02:19.000
234.91;64.73E-03;6.469;50.034;300;200E-03;15.207;13.762;0.425;3.12;13:02:20.000
234.92;62.29E-03;6.222;50.029;300;200E-03;14.634;13.245;0.425;3.10;13:02:21.000
234.91;67.32E-03;6.836;50.030;300;200E-03;15.813;14.259;0.432;3.12;13:02:22.000
234.92;67.01E-03;6.796;50.025;300;200E-03;15.741;14.199;0.432;3.10;13:02:23.000
234.93;63.84E-03;6.486;50.022;300;200E-03;14.998;13.523;0.432;3.12;13:02:24.000
234.92;63.45E-03;6.463;50.019;300;200E-03;14.907;13.433;0.434;3.13;13:02:25.000
234.84;64.16E-03;6.415;50.020;300;200E-03;15.067;13.633;0.426;3.11;13:02:26.000
234.77;64.60E-03;6.689;50.020;300;200E-03;15.167;13.613;0.441;3.15;13:02:27.000
234.81;65.99E-03;6.821;50.024;300;200E-03;15.494;13.912;0.440;3.11;13:02:28.000
234.82;64.01E-03;6.401;50.023;300;200E-03;15.031;13.599;0.426;3.11;13:02:29.000
234.78;59.69E-03;5.904;50.025;300;200E-03;14.014;12.709;0.421;3.13;13:02:30.000
234.77;59.65E-03;5.855;50.030;300;200E-03;14.005;12.722;0.418;3.11;13:02:31.000
234.72;67.66E-03;6.816;50.030;300;200E-03;15.882;14.345;0.429;3.13;13:02:32.000
234.79;67.52E-03;6.865;50.032;300;200E-03;15.853;14.289;0.433;3.12;13:02:33.000
234.82;62.87E-03;6.384;50.033;300;200E-03;14.763;13.312;0.432;3.10;13:02:34.000
234.83;66.78E-03;6.856;50.033;300;200E-03;15.682;14.104;0.437;3.09;13:02:35.000
234.78;68.07E-03;6.872;50.037;300;200E-03;15.981;14.428;0.430;3.11;13:02:36.000
234.80;61.37E-03;6.065;50.030;300;200E-03;14.410;13.072;0.421;3.13;13:02:37.000
234.78;66.48E-03;6.854;50.036;300;200E-03;15.608;14.022;0.439;3.12;13:02:38.000
234.69;61.34E-03;6.141;50.033;300;200E-03;14.395;13.019;0.427;3.09;13:02:39.000
234.76;67.81E-03;6.889;50.036;300;200E-03;15.919;14.351;0.433;3.12;13:02:40.000
234.77;60.93E-03;6.053;50.031;300;200E-03;14.304;12.960;0.423;3.09;13:02:41.000
234.70;65.02E-03;6.545;50.038;300;200E-03;15.259;13.784;0.429;3.10;13:02:42.000
234.63;65.72E-03;6.610;50.028;300;200E-03;15.420;13.931;0.429;3.12;13:02:43.000
234.51;63.20E-03;6.288;50.028;300;200E-03;14.821;13.420;0.424;3.06;13:02:44.000
234.45;60.98E-03;6.000;50.027;300;200E-03;14.297;12.977;0.420;3.10;13:02:45.000
234.47;66.01E-03;6.660;50.024;300;200E-03;15.478;13.972;0.430;3.15;13:02:46.000
234.50;67.92E-03;6.896;50.038;300;200E-03;15.928;14.357;0.433;2.96;13:02:47.000
234.62;66.58E-03;6.794;50.031;300;200E-03;15.620;14.065;0.435;3.07;13:02:48.000
234.57;67.04E-03;6.830;50.027;300;200E-03;15.726;14.165;0.434;3.08;13:02:49.000
234.48;61.51E-03;6.164;50.030;300;200E-03;14.423;13.039;0.427;3.04;13:02:50.000
234.56;63.24E-03;6.330;50.029;300;200E-03;14.834;13.416;0.427;3.03;13:02:51.000
234.45;67.61E-03;6.841;50.028;300;200E-03;15.850;14.297;0.432;3.12;13:02:52.000
234.45;67.24E-03;6.807;50.028;300;200E-03;15.763;14.218;0.432;3.14;13:02:53.000
234.52;67.55E-03;6.891;50.034;300;200E-03;15.841;14.264;0.435;3.12;13:02:54.000
234.40;66.27E-03;6.884;50.036;300;200E-03;15.533;13.925;0.443;3.10;13:02:55.000
234.50;66.91E-03;6.867;50.032;300;200E-03;15.689;14.107;0.438;3.12;13:02:56.000
234.49;55.38E-03;5.463;50.029;300;200E-03;12.985;11.780;0.421;3.07;13:02:57.000
234.35;58.59E-03;5.829;50.036;300;200E-03;13.731;12.432;0.425;3.09;13:02:58.000
234.47;66.42E-03;6.725;50.019;300;200E-03;15.574;14.047;0.432;3.17;13:02:59.000
234.71;61.94E-03;6.141;50.033;300;200E-03;14.539;13.178;0.422;3.07;13:03:00.000
234.68;67.49E-03;6.797;50.036;300;200E-03;15.839;14.306;0.429;3.12;13:03:01.000
234.69;61.51E-03;6.184;50.032;300;200E-03;14.436;13.045;0.428;3.11;13:03:02.000
234.65;68.05E-03;6.923;50.027;300;200E-03;15.969;14.390;0.434;3.10;13:03:03.000
234.63;67.36E-03;6.847;50.030;300;200E-03;15.805;14.244;0.433;3.13;13:03:04.000
234.53;67.72E-03;6.878;50.027;300;200E-03;15.883;14.317;0.433;3.10;13:03:05.000
234.53;61.91E-03;6.195;50.025;300;200E-03;14.520;13.132;0.427;3.11;13:03:06.000
234.56;61.41E-03;6.141;50.024;300;200E-03;14.404;13.029;0.426;3.10;13:03:07.000
234.59;66.73E-03;6.793;50.024;300;200E-03;15.655;14.105;0.434;3.08;13:03:08.000
234.67;67.58E-03;6.866;50.039;300;200E-03;15.858;14.295;0.433;2.99;13:03:09.000
234.73;67.91E-03;6.924;50.030;300;200E-03;15.941;14.359;0.434;3.05;13:03:10.000
234.69;59.06E-03;5.719;50.039;300;200E-03;13.861;12.626;0.413;2.96;13:03:11.000
234.46;64.95E-03;6.587;50.031;300;200E-03;15.228;13.730;0.433;3.10;13:03:12.000
234.54;62.29E-03;6.258;50.037;300;200E-03;14.610;13.202;0.428;3.08;13:03:13.000
234.63;68.24E-03;6.860;50.033;300;200E-03;16.011;14.467;0.428;3.06;13:03:14.000
234.65;67.76E-03;6.851;50.039;300;200E-03;15.900;14.348;0.431;3.02;13:03:15.000
234.63;67.58E-03;6.858;50.034;300;200E-03;15.856;14.297;0.433;3.09;13:03:16.000
234.55;66.65E-03;6.662;50.034;300;200E-03;15.633;14.143;0.426;3.08;13:03:17.000
234.61;65.97E-03;6.667;50.029;300;200E-03;15.478;13.969;0.431;3.08;13:03:18.000
234.64;66.71E-03;6.818;50.032;300;200E-03;15.652;14.090;0.436;3.16;13:03:19.000
234.63;67.32E-03;6.862;50.028;300;200E-03;15.795;14.227;0.434;3.12;13:03:20.000
234.51;63.56E-03;6.327;50.035;300;200E-03;14.905;13.496;0.424;3.11;13:03:21.000
234.63;62.58E-03;6.350;50.030;300;200E-03;14.683;13.239;0.432;3.12;13:03:22.000
234.51;70.60E-03;7.228;50.030;300;200E-03;16.556;14.894;0.437;3.10;13:03:23.000
234.53;63.03E-03;6.452;50.029;300;200E-03;14.781;13.299;0.437;3.11;13:03:24.000
234.37;65.46E-03;6.713;50.034;300;200E-03;15.341;13.794;0.438;3.11;13:03:25.000
234.43;72.29E-03;7.494;50.022;300;200E-03;16.948;15.201;0.442;3.11;13:03:26.000
234.39;68.07E-03;6.914;50.029;300;200E-03;15.956;14.380;0.433;3.04;13:03:27.000
234.45;69.02E-03;7.183;50.024;300;200E-03;16.181;14.499;0.444;3.16;13:03:28.000
234.57;63.29E-03;6.378;50.017;300;200E-03;14.846;13.406;0.430;3.10;13:03:29.000
234.55;65.10E-03;6.579;50.019;300;200E-03;15.270;13.780;0.431;3.12;13:03:30.000
234.39;61.65E-03;6.078;50.017;300;200E-03;14.449;13.109;0.421;3.12;13:03:31.000
234.47;66.61E-03;6.869;50.011;300;200E-03;15.618;14.026;0.440;3.13;13:03:32.000
234.50;64.44E-03;6.588;50.013;300;200E-03;15.111;13.599;0.436;3.09;13:03:33.000
234.45;65.40E-03;6.778;50.014;300;200E-03;15.334;13.755;0.442;3.05;13:03:34.000
234.48;62.84E-03;6.280;50.021;300;200E-03;14.735;13.330;0.426;3.14;13:03:35.000
234.45;59.35E-03;5.812;50.016;300;200E-03;13.915;12.643;0.418;3.12;13:03:36.000
234.48;63.46E-03;6.295;50.021;300;200E-03;14.881;13.484;0.423;3.08;13:03:37.000
234.40;67.19E-03;6.879;50.018;300;200E-03;15.750;14.168;0.437;3.21;13:03:38.000
234.52;65.65E-03;6.689;50.021;300;200E-03;15.396;13.867;0.434;3.15;13:03:39.000
234.54;67.44E-03;6.902;50.026;300;200E-03;15.818;14.233;0.436;3.14;13:03:40.000
234.48;62.62E-03;6.475;50.027;300;200E-03;14.684;13.180;0.441;3.13;13:03:41.000
234.44;62.59E-03;6.312;50.029;300;200E-03;14.673;13.245;0.430;3.12;13:03:42.000
234.45;65.95E-03;6.751;50.026;300;200E-03;15.463;13.911;0.437;3.10;13:03:43.000
234.38;63.41E-03;6.347;50.023;300;200E-03;14.863;13.439;0.427;3.05;13:03:44.000
234.36;66.10E-03;6.720;50.031;300;200E-03;15.491;13.958;0.434;3.09;13:03:45.000
234.26;62.28E-03;6.256;50.033;300;200E-03;14.590;13.180;0.429;3.07;13:03:46.000
234.48;65.11E-03;6.587;50.031;300;200E-03;15.266;13.772;0.431;3.06;13:03:47.000
234.52;58.24E-03;5.762;50.030;300;200E-03;13.659;12.384;0.422;3.02;13:03:48.000
234.45;62.08E-03;6.373;50.035;300;200E-03;14.555;13.086;0.438;3.02;13:03:49.000
234.32;67.82E-03;6.944;50.033;300;200E-03;15.891;14.294;0.437;3.04;13:03:50.000
234.33;64.03E-03;6.473;50.033;300;200E-03;15.005;13.537;0.431;3.04;13:03:51.000
234.37;59.49E-03;6.071;50.031;300;200E-03;13.943;12.552;0.435;3.07;13:03:52.000
234.41;63.26E-03;6.624;50.033;300;200E-03;14.829;13.267;0.447;3.07;13:03:53.000
234.46;62.11E-03;6.357;50.025;300;200E-03;14.563;13.102;0.437;3.04;13:03:54.000
234.42;62.32E-03;6.272;50.027;300;200E-03;14.610;13.195;0.429;3.06;13:03:55.000
234.44;64.40E-03;6.489;50.020;300;200E-03;15.098;13.633;0.430;3.07;13:03:56.000
234.43;65.89E-03;6.607;50.024;300;200E-03;15.446;13.961;0.428;3.07;13:03:57.000
234.27;68.08E-03;6.918;50.018;300;200E-03;15.949;14.371;0.434;3.09;13:03:58.000
234.33;61.94E-03;6.145;50.019;300;200E-03;14.515;13.150;0.423;3.10;13:03:59.000
234.31;66.85E-03;6.812;50.022;300;200E-03;15.663;14.104;0.435;3.07;13:04:00.000
234.33;64.45E-03;6.529;50.020;300;200E-03;15.102;13.618;0.432;3.09;13:04:01.000
234.35;63.66E-03;6.398;50.021;300;200E-03;14.918;13.477;0.429;3.05;13:04:02.000
234.32;59.85E-03;5.865;50.016;300;200E-03;14.024;12.738;0.418;3.07;13:04:03.000
234.36;67.39E-03;6.880;50.020;300;200E-03;15.794;14.217;0.436;3.06;13:04:04.000
234.37;67.55E-03;6.858;50.016;300;200E-03;15.832;14.269;0.433;3.05;13:04:05.000
234.34;67.82E-03;6.833;50.019;300;200E-03;15.893;14.349;0.430;3.04;13:04:06.000
234.38;65.81E-03;6.660;50.016;300;200E-03;15.424;13.912;0.432;3.04;13:04:07.000
234.33;61.43E-03;6.110;50.015;300;200E-03;14.395;13.034;0.424;3.03;13:04:08.000
234.26;67.20E-03;6.868;50.015;300;200E-03;15.742;14.165;0.436;3.01;13:04:09.000
234.33;67.67E-03;6.897;50.016;300;200E-03;15.858;14.280;0.435;2.94;13:04:10.000
234.35;67.09E-03;6.913;50.004;300;200E-03;15.723;14.121;0.440;3.11;13:04:11.000
234.26;61.07E-03;6.148;50.014;300;200E-03;14.307;12.919;0.430;3.05;13:04:12.000
234.18;67.02E-03;6.798;50.008;300;200E-03;15.696;14.147;0.433;3.04;13:04:13.000
234.27;60.89E-03;6.001;50.011;300;200E-03;14.264;12.941;0.421;3.03;13:04:14.000
234.28;67.21E-03;6.825;50.010;300;200E-03;15.746;14.190;0.433;3.01;13:04:15.000
234.19;70.59E-03;7.277;50.011;300;200E-03;16.530;14.842;0.440;3.03;13:04:16.000
234.18;60.48E-03;6.106;50.010;300;200E-03;14.164;12.780;0.431;3.04;13:04:17.000
234.10;70.52E-03;7.402;50.011;300;200E-03;16.509;14.756;0.448;2.96;13:04:18.000
234.18;62.50E-03;6.373;50.002;300;200E-03;14.637;13.176;0.435;3.05;13:04:19.000
234.20;62.21E-03;6.362;50.012;300;200E-03;14.570;13.108;0.437;3.05;13:04:20.000
234.17;64.38E-03;6.633;50.017;300;200E-03;15.077;13.539;0.440;3.03;13:04:21.000
234.22;63.16E-03;6.368;50.009;300;200E-03;14.794;13.353;0.430;3.01;13:04:22.000
234.22;64.73E-03;6.675;50.009;300;200E-03;15.161;13.613;0.440;3.00;13:04:23.000
234.23;62.43E-03;6.279;50.008;300;200E-03;14.622;13.206;0.429;3.02;13:04:24.000
234.15;60.79E-03;6.116;50.012;300;200E-03;14.234;12.853;0.430;3.04;13:04:25.000
234.26;66.39E-03;6.729;50.014;300;200E-03;15.553;14.021;0.433;3.04;13:04:26.000
234.28;67.62E-03;6.852;50.017;300;200E-03;15.843;14.284;0.433;3.03;13:04:27.000
234.17;65.95E-03;6.584;50.017;300;200E-03;15.443;13.969;0.426;3.00;13:04:28.000
234.15;64.32E-03;6.474;50.022;300;200E-03;15.060;13.598;0.430;3.03;13:04:29.000
234.24;63.00E-03;6.374;50.017;300;200E-03;14.758;13.311;0.432;3.05;13:04:30.000
234.21;65.76E-03;6.682;50.019;300;200E-03;15.401;13.876;0.434;3.04;13:04:31.000
234.24;67.58E-03;6.887;50.016;300;200E-03;15.829;14.252;0.435;3.05;13:04:32.000
234.05;67.32E-03;6.856;50.024;300;200E-03;15.757;14.187;0.435;3.03;13:04:33.000
234.08;66.65E-03;6.881;50.019;300;200E-03;15.601;14.002;0.441;3.07;13:04:34.000
233.95;61.72E-03;6.146;50.017;300;200E-03;14.440;13.067;0.426;3.07;13:04:35.000
234.02;66.45E-03;6.782;50.019;300;200E-03;15.551;13.994;0.436;3.07;13:04:36.000
234.01;63.59E-03;6.346;50.018;300;200E-03;14.881;13.460;0.426;3.05;13:04:37.000
234.10;68.05E-03;6.865;50.024;300;200E-03;15.931;14.376;0.431;3.03;13:04:38.000
234.09;60.63E-03;6.021;50.022;300;200E-03;14.193;12.852;0.424;3.01;13:04:39.000
234.11;61.81E-03;6.071;50.023;300;200E-03;14.470;13.135;0.420;3.05;13:04:40.000
234.13;61.23E-03;6.102;50.022;300;200E-03;14.336;12.973;0.426;3.04;13:04:41.000
234.14;67.03E-03;6.810;50.023;300;200E-03;15.694;14.140;0.434;3.01;13:04:42.000
234.08;68.83E-03;6.848;50.020;300;200E-03;16.111;14.583;0.425;3.05;13:04:43.000
234.09;62.19E-03;6.184;50.019;300;200E-03;14.558;13.179;0.425;3.02;13:04:44.000
234.18;61.10E-03;6.074;50.026;300;200E-03;14.308;12.954;0.425;3.03;13:04:45.000
234.14;68.33E-03;6.919;50.023;300;200E-03;16.000;14.426;0.432;3.08;13:04:46.000
234.19;62.29E-03;6.104;50.027;300;200E-03;14.588;13.249;0.418;2.99;13:04:47.000
234.20;68.14E-03;6.904;50.018;300;200E-03;15.958;14.387;0.433;3.01;13:04:48.000
234.20;66.34E-03;6.617;50.022;300;200E-03;15.536;14.057;0.426;3.04;13:04:49.000
234.18;63.26E-03;6.325;50.029;300;200E-03;14.815;13.397;0.427;3.02;13:04:50.000
234.15;68.98E-03;6.932;50.021;300;200E-03;16.152;14.589;0.429;3.02;13:04:51.000
234.15;66.81E-03;6.694;50.017;300;200E-03;15.644;14.139;0.428;3.02;13:04:52.000
234.09;65.78E-03;6.728;50.011;300;200E-03;15.397;13.850;0.437;3.02;13:04:53.000
234.13;58.25E-03;5.688;50.016;300;200E-03;13.638;12.395;0.417;3.02;13:04:54.000
234.09;60.72E-03;6.029;50.019;300;200E-03;14.213;12.871;0.424;3.03;13:04:55.000
234.18;63.07E-03;6.208;50.017;300;200E-03;14.771;13.402;0.420;3.00;13:04:56.000
234.17;61.69E-03;6.156;50.013;300;200E-03;14.445;13.068;0.426;3.03;13:04:57.000
234.15;66.34E-03;6.705;50.012;300;200E-03;15.535;14.013;0.432;3.02;13:04:58.000
234.22;60.84E-03;6.075;50.016;300;200E-03;14.249;12.888;0.426;3.04;13:04:59.000
234.19;65.21E-03;6.605;50.021;300;200E-03;15.271;13.769;0.433;3.02;13:05:00.000
234.24;62.83E-03;6.130;50.024;300;200E-03;14.718;13.380;0.417;3.04;13:05:01.000
234.27;67.99E-03;6.886;50.015;300;200E-03;15.928;14.363;0.432;3.02;13:05:02.000
234.23;63.10E-03;6.384;50.021;300;200E-03;14.781;13.331;0.432;3.00;13:05:03.000
234.20;64.42E-03;6.601;50.015;300;200E-03;15.087;13.567;0.437;2.99;13:05:04.000
234.30;66.96E-03;6.864;50.014;300;200E-03;15.688;14.107;0.438;2.98;13:05:05.000
234.19;66.89E-03;6.867;50.012;300;200E-03;15.665;14.079;0.438;2.98;13:05:06.000
234.15;61.24E-03;6.110;50.009;300;200E-03;14.340;12.973;0.426;3.03;13:05:07.000
234.21;65.64E-03;6.770;50.010;300;200E-03;15.374;13.804;0.440;3.00;13:05:08.000
234.24;62.27E-03;6.257;50.016;300;200E-03;14.586;13.176;0.429;3.00;13:05:09.000
234.24;64.47E-03;6.580;50.013;300;200E-03;15.101;13.592;0.436;3.00;13:05:10.000
234.22;60.37E-03;6.188;50.014;300;200E-03;14.140;12.715;0.438;3.02;13:05:11.000
234.23;64.84E-03;6.638;50.019;300;200E-03;15.186;13.658;0.437;2.99;13:05:12.000
234.11;67.20E-03;6.865;50.016;300;200E-03;15.731;14.154;0.436;3.05;13:05:13.000
234.11;66.99E-03;6.878;50.016;300;200E-03;15.682;14.093;0.439;3.03;13:05:14.000
234.16;65.06E-03;6.553;50.014;300;200E-03;15.235;13.754;0.430;3.02;13:05:15.000
234.21;61.86E-03;6.144;50.018;300;200E-03;14.489;13.122;0.424;3.02;13:05:16.000
234.21;66.28E-03;6.813;50.018;300;200E-03;15.522;13.947;0.439;3.02;13:05:17.000
234.13;65.86E-03;6.597;50.017;300;200E-03;15.419;13.936;0.428;3.00;13:05:18.000
234.06;70.50E-03;7.331;50.017;300;200E-03;16.502;14.784;0.444;2.99;13:05:19.000
234.17;66.29E-03;6.730;50.018;300;200E-03;15.523;13.988;0.434;3.00;13:05:20.000
234.19;62.93E-03;6.235;50.018;300;200E-03;14.738;13.354;0.423;2.99;13:05:21.000
234.24;64.02E-03;6.391;50.015;300;200E-03;14.996;13.566;0.426;2.99;13:05:22.000
234.18;62.01E-03;6.063;50.016;300;200E-03;14.522;13.195;0.418;2.97;13:05:23.000
234.25;65.48E-03;6.679;50.014;300;200E-03;15.338;13.808;0.435;2.98;13:05:24.000
234.25;65.24E-03;6.614;50.018;300;200E-03;15.281;13.776;0.433;2.99;13:05:25.000
234.17;62.93E-03;6.347;50.012;300;200E-03;14.736;13.299;0.431;3.03;13:05:26.000
234.19;64.10E-03;6.455;50.018;300;200E-03;15.012;13.554;0.430;3.03;13:05:27.000
234.25;61.78E-03;6.135;50.017;300;200E-03;14.471;13.106;0.424;3.01;13:05:28.000
234.26;65.30E-03;6.713;50.015;300;200E-03;15.298;13.746;0.439;3.04;13:05:29.000
234.22;65.99E-03;6.824;50.013;300;200E-03;15.456;13.868;0.442;3.02;13:05:30.000
234.16;67.95E-03;6.918;50.019;300;200E-03;15.911;14.329;0.435;3.02;13:05:31.000
234.19;64.71E-03;6.410;50.015;300;200E-03;15.155;13.732;0.423;3.02;13:05:32.000
234.18;65.39E-03;6.562;50.017;300;200E-03;15.314;13.837;0.428;3.04;13:05:33.000
234.24;62.33E-03;6.169;50.016;300;200E-03;14.599;13.232;0.423;3.02;13:05:34.000
234.17;61.94E-03;6.253;50.018;300;200E-03;14.505;13.088;0.431;3.03;13:05:35.000
234.22;62.91E-03;6.319;50.014;300;200E-03;14.734;13.311;0.429;3.02;13:05:36.000
234.22;66.68E-03;6.813;50.018;300;200E-03;15.617;14.052;0.436;3.00;13:05:37.000
234.13;67.06E-03;6.862;50.021;300;200E-03;15.701;14.122;0.437;3.00;13:05:38.000
234.10;64.99E-03;6.553;50.022;300;200E-03;15.214;13.730;0.431;3.01;13:05:39.000
234.18;62.79E-03;6.237;50.022;300;200E-03;14.705;13.317;0.424;3.01;13:05:40.000
233.42;66.93E-03;6.774;50.026;300;200E-03;15.622;14.077;0.434;3.07;13:05:41.000
233.93;60.51E-03;5.999;50.026;300;200E-03;14.156;12.822;0.424;3.01;13:05:42.000
234.01;61.42E-03;6.046;50.034;300;200E-03;14.373;13.040;0.421;2.99;13:05:43.000
233.94;67.15E-03;6.855;50.031;300;200E-03;15.708;14.133;0.436;3.03;13:05:44.000
233.97;67.37E-03;6.847;50.032;300;200E-03;15.762;14.197;0.434;3.03;13:05:45.000
233.95;65.38E-03;6.459;50.035;300;200E-03;15.296;13.865;0.422;3.01;13:05:46.000
233.97;64.74E-03;6.552;50.035;300;200E-03;15.146;13.655;0.433;3.02;13:05:47.000
234.04;64.29E-03;6.409;50.033;300;200E-03;15.047;13.614;0.426;3.00;13:05:48.000
234.06;64.50E-03;6.426;50.031;300;200E-03;15.096;13.660;0.426;3.00;13:05:49.000
234.04;63.18E-03;6.424;50.036;300;200E-03;14.785;13.317;0.434;3.02;13:05:50.000
234.00;64.82E-03;6.530;50.033;300;200E-03;15.167;13.689;0.431;3.01;13:05:51.000
234.01;65.03E-03;6.603;50.042;300;200E-03;15.217;13.709;0.434;3.00;13:05:52.000
234.03;67.12E-03;6.755;50.035;300;200E-03;15.708;14.181;0.430;3.00;13:05:53.000
234.09;60.92E-03;6.072;50.039;300;200E-03;14.262;12.904;0.426;3.00;13:05:54.000
234.02;68.26E-03;6.957;50.036;300;200E-03;15.973;14.379;0.436;2.97;13:05:55.000
233.99;65.50E-03;6.562;50.044;300;200E-03;15.327;13.851;0.428;2.96;13:05:56.000
233.91;61.30E-03;6.093;50.034;300;200E-03;14.338;12.980;0.425;3.00;13:05:57.000
233.99;61.52E-03;6.150;50.038;300;200E-03;14.395;13.016;0.427;2.97;13:05:58.000
233.93;63.02E-03;6.313;50.036;300;200E-03;14.742;13.322;0.428;2.99;13:05:59.000
233.97;67.23E-03;6.864;50.037;300;200E-03;15.730;14.154;0.436;2.98;13:06:00.000
233.94;57.50E-03;5.615;50.037;300;200E-03;13.452;12.224;0.417;3.02;13:06:01.000
233.93;60.97E-03;6.058;50.034;300;200E-03;14.263;12.912;0.425;2.99;13:06:02.000
233.95;67.42E-03;6.838;50.033;300;200E-03;15.772;14.213;0.434;3.01;13:06:03.000
233.95;60.03E-03;5.986;50.029;300;200E-03;14.044;12.704;0.426;2.97;13:06:04.000
233.93;65.10E-03;6.530;50.032;300;200E-03;15.229;13.758;0.429;2.96;13:06:05.000
233.85;64.92E-03;6.563;50.031;300;200E-03;15.183;13.691;0.432;3.00;13:06:06.000
233.81;70.48E-03;7.323;50.029;300;200E-03;16.480;14.764;0.444;2.98;13:06:07.000
233.93;69.53E-03;7.143;50.029;300;200E-03;16.264;14.611;0.439;2.95;13:06:08.000
233.95;73.06E-03;7.565;50.028;300;200E-03;17.092;15.327;0.443;3.00;13:06:09.000
233.82;64.14E-03;6.364;50.023;300;200E-03;14.998;13.581;0.424;2.99;13:06:10.000
233.78;64.11E-03;6.389;50.027;300;200E-03;14.988;13.558;0.426;3.02;13:06:11.000
233.76;65.76E-03;6.669;50.031;300;200E-03;15.372;13.850;0.434;2.99;13:06:12.000
233.89;60.94E-03;6.074;50.023;300;200E-03;14.252;12.893;0.426;2.98;13:06:13.000
233.91;65.40E-03;6.562;50.023;300;200E-03;15.297;13.818;0.429;2.98;13:06:14.000
233.83;62.06E-03;6.131;50.031;300;200E-03;14.512;13.153;0.423;2.98;13:06:15.000
233.82;67.68E-03;6.835;50.032;300;200E-03;15.824;14.272;0.432;2.99;13:06:16.000
233.73;60.31E-03;5.972;50.031;300;200E-03;14.096;12.768;0.424;3.01;13:06:17.000
233.74;68.06E-03;6.928;50.032;300;200E-03;15.910;14.322;0.435;3.01;13:06:18.000
233.84;67.19E-03;6.720;50.028;300;200E-03;15.711;14.202;0.428;3.05;13:06:19.000
233.90;67.89E-03;6.801;50.033;300;200E-03;15.879;14.349;0.428;3.04;13:06:20.000
233.86;66.97E-03;6.762;50.030;300;200E-03;15.663;14.128;0.432;3.04;13:06:21.000
233.75;61.38E-03;6.077;50.028;300;200E-03;14.347;12.996;0.424;3.00;13:06:22.000
233.80;67.47E-03;6.788;50.031;300;200E-03;15.775;14.240;0.430;3.02;13:06:23.000
233.80;63.27E-03;6.308;50.034;300;200E-03;14.793;13.381;0.426;3.01;13:06:24.000
233.81;68.55E-03;6.921;50.037;300;200E-03;16.027;14.456;0.432;2.97;13:06:25.000
233.78;60.06E-03;5.910;50.036;300;200E-03;14.041;12.737;0.421;3.02;13:06:26.000
233.91;62.04E-03;6.092;50.039;300;200E-03;14.511;13.170;0.420;3.01;13:06:27.000
233.88;62.06E-03;6.128;50.041;300;200E-03;14.516;13.159;0.422;2.97;13:06:28.000
233.79;63.81E-03;6.422;50.040;300;200E-03;14.920;13.467;0.430;3.01;13:06:29.000
233.73;63.38E-03;6.360;50.042;300;200E-03;14.813;13.378;0.429;3.00;13:06:30.000
233.66;65.51E-03;6.645;50.043;300;200E-03;15.306;13.789;0.434;3.02;13:06:31.000
233.70;62.25E-03;6.112;50.042;300;200E-03;14.547;13.201;0.420;3.04;13:06:32.000
233.70;63.13E-03;6.261;50.043;300;200E-03;14.754;13.359;0.424;3.06;13:06:33.000
233.67;61.85E-03;6.042;50.041;300;200E-03;14.453;13.130;0.418;3.09;13:06:34.000
233.69;61.75E-03;6.104;50.041;300;200E-03;14.431;13.076;0.423;3.05;13:06:35.000
233.71;67.88E-03;6.833;50.039;300;200E-03;15.863;14.316;0.431;3.06;13:06:36.000
233.65;66.93E-03;6.724;50.038;300;200E-03;15.637;14.117;0.430;3.06;13:06:37.000
233.71;60.96E-03;6.108;50.037;300;200E-03;14.247;12.871;0.429;3.02;13:06:38.000
233.72;66.90E-03;6.831;50.036;300;200E-03;15.637;14.066;0.437;3.05;13:06:39.000
233.68;59.28E-03;5.748;50.031;300;200E-03;13.853;12.604;0.415;3.04;13:06:40.000
233.70;61.03E-03;5.999;50.031;300;200E-03;14.262;12.939;0.421;3.01;13:06:41.000
233.74;67.81E-03;6.950;50.032;300;200E-03;15.851;14.246;0.438;2.98;13:06:42.000
233.71;64.76E-03;6.437;50.039;300;200E-03;15.135;13.698;0.425;3.01;13:06:43.000
233.70;68.24E-03;6.940;50.037;300;200E-03;15.948;14.359;0.435;3.00;13:06:44.000
233.74;65.78E-03;6.537;50.037;300;200E-03;15.375;13.916;0.425;3.01;13:06:45.000
233.76;67.54E-03;6.888;50.036;300;200E-03;15.788;14.206;0.436;3.03;13:06:46.000
233.80;64.10E-03;6.467;50.040;300;200E-03;14.986;13.518;0.432;3.01;13:06:47.000
233.82;67.50E-03;6.809;50.037;300;200E-03;15.784;14.240;0.431;2.98;13:06:48.000
233.98;62.27E-03;6.115;50.039;300;200E-03;14.571;13.226;0.420;2.98;13:06:49.000
233.97;65.99E-03;6.560;50.041;300;200E-03;15.440;13.977;0.425;2.97;13:06:50.000
233.92;68.29E-03;6.883;50.039;300;200E-03;15.975;14.416;0.431;2.97;13:06:51.000
234.01;66.80E-03;6.794;50.039;300;200E-03;15.632;14.078;0.435;2.99;13:06:52.000
234.08;62.66E-03;6.147;50.038;300;200E-03;14.668;13.317;0.419;3.00;13:06:53.000
233.94;63.94E-03;6.368;50.045;300;200E-03;14.958;13.535;0.426;2.98;13:06:54.000
233.88;61.91E-03;6.081;50.037;300;200E-03;14.479;13.140;0.420;2.99;13:06:55.000
233.97;60.83E-03;6.018;50.041;300;200E-03;14.233;12.898;0.423;2.96;13:06:56.000
234.00;67.59E-03;6.828;50.039;300;200E-03;15.816;14.267;0.432;2.95;13:06:57.000
233.98;66.49E-03;6.782;50.039;300;200E-03;15.557;14.001;0.436;2.95;13:06:58.000
233.97;68.45E-03;6.873;50.040;300;200E-03;16.015;14.465;0.429;2.96;13:06:59.000
234.00;67.15E-03;6.888;50.044;300;200E-03;15.713;14.122;0.438;2.97;13:07:00.000
233.88;66.29E-03;6.611;50.040;300;200E-03;15.505;14.024;0.426;2.99;13:07:01.000
233.96;67.21E-03;6.857;50.041;300;200E-03;15.725;14.151;0.436;2.96;13:07:02.000
233.95;64.75E-03;6.505;50.035;300;200E-03;15.148;13.680;0.429;2.97;13:07:03.000
233.91;64.93E-03;6.536;50.043;300;200E-03;15.187;13.709;0.430;2.98;13:07:04.000
233.85;66.85E-03;6.642;50.023;300;200E-03;15.633;14.152;0.425;3.02;13:07:05.000
233.87;64.40E-03;6.495;50.048;300;200E-03;15.060;13.588;0.431;2.97;13:07:06.000
233.93;65.99E-03;6.604;50.034;300;200E-03;15.438;13.954;0.428;2.99;13:07:07.000
233.93;67.96E-03;6.856;50.036;300;200E-03;15.899;14.345;0.431;3.02;13:07:08.000
233.93;61.49E-03;6.039;50.041;300;200E-03;14.385;13.056;0.420;3.02;13:07:09.000
233.90;62.50E-03;6.156;50.037;300;200E-03;14.620;13.260;0.421;3.01;13:07:10.000
233.95;68.97E-03;6.932;50.041;300;200E-03;16.135;14.570;0.430;2.99;13:07:11.000
233.93;68.70E-03;6.961;50.027;300;200E-03;16.071;14.486;0.433;2.97;13:07:12.000
233.83;63.09E-03;6.351;50.033;300;200E-03;14.752;13.315;0.431;3.00;13:07:13.000
233.80;61.05E-03;6.030;50.037;300;200E-03;14.273;12.937;0.422;3.04;13:07:14.000
233.89;61.01E-03;6.136;50.022;300;200E-03;14.270;12.883;0.430;2.99;13:07:15.000
233.91;67.84E-03;6.807;50.027;300;200E-03;15.868;14.334;0.429;2.96;13:07:16.000
233.90;67.29E-03;6.740;50.020;300;200E-03;15.739;14.223;0.428;2.96;13:07:17.000
233.88;60.54E-03;6.038;50.016;300;200E-03;14.159;12.806;0.426;2.99;13:07:18.000
233.76;60.73E-03;6.001;50.027;300;200E-03;14.197;12.866;0.423;2.97;13:07:19.000
233.80;65.45E-03;6.610;50.023;300;200E-03;15.302;13.801;0.432;2.97;13:07:20.000
233.76;68.59E-03;6.936;50.022;300;200E-03;16.034;14.456;0.433;3.00;13:07:21.000
233.92;61.87E-03;6.119;50.018;300;200E-03;14.474;13.117;0.423;2.94;13:07:22.000
233.84;60.65E-03;6.088;50.031;300;200E-03;14.183;12.810;0.429;2.94;13:07:23.000
233.87;62.02E-03;6.131;50.018;300;200E-03;14.506;13.146;0.423;2.98;13:07:24.000
233.83;67.17E-03;6.878;50.018;300;200E-03;15.706;14.120;0.438;2.96;13:07:25.000
233.88;62.78E-03;6.170;50.020;300;200E-03;14.683;13.324;0.420;2.97;13:07:26.000
233.82;65.97E-03;6.655;50.022;300;200E-03;15.425;13.916;0.431;3.00;13:07:27.000
233.83;62.45E-03;6.096;50.017;300;200E-03;14.602;13.269;0.417;2.98;13:07:28.000
233.84;68.34E-03;6.858;50.015;300;200E-03;15.979;14.433;0.429;2.96;13:07:29.000
233.91;64.86E-03;6.533;50.022;300;200E-03;15.171;13.692;0.431;3.01;13:07:30.000
233.82;64.48E-03;6.424;50.024;300;200E-03;15.076;13.639;0.426;3.02;13:07:31.000
233.84;60.97E-03;6.029;50.028;300;200E-03;14.256;12.919;0.423;3.01;13:07:32.000
233.81;61.98E-03;6.099;50.021;300;200E-03;14.493;13.147;0.421;3.03;13:07:33.000
233.91;62.43E-03;6.067;50.033;300;200E-03;14.603;13.283;0.415;3.01;13:07:34.000
233.99;60.69E-03;6.059;50.023;300;200E-03;14.200;12.842;0.427;3.01;13:07:35.000
233.98;61.04E-03;6.079;50.025;300;200E-03;14.283;12.925;0.426;3.05;13:07:36.000
233.93;66.91E-03;6.780;50.032;300;200E-03;15.651;14.107;0.433;3.04;13:07:37.000
233.98;64.68E-03;6.532;50.026;300;200E-03;15.134;13.652;0.432;3.02;13:07:38.000
233.98;67.96E-03;6.877;50.024;300;200E-03;15.902;14.338;0.432;3.03;13:07:39.000
234.12;64.21E-03;6.437;50.023;300;200E-03;15.033;13.585;0.428;3.06;13:07:40.000
234.13;67.36E-03;6.865;50.024;300;200E-03;15.771;14.199;0.435;3.05;13:07:41.000
234.19;67.78E-03;6.881;50.015;300;200E-03;15.873;14.304;0.433;3.01;13:07:42.000
234.16;63.35E-03;6.365;50.016;300;200E-03;14.835;13.399;0.429;3.00;13:07:43.000
234.17;56.85E-03;5.592;50.018;300;200E-03;13.312;12.081;0.420;3.01;13:07:44.000
234.14;57.52E-03;5.655;50.015;300;200E-03;13.468;12.223;0.420;2.99;13:07:45.000
234.15;60.84E-03;6.027;50.019;300;200E-03;14.245;12.908;0.423;2.96;13:07:46.000
234.11;61.45E-03;6.052;50.025;300;200E-03;14.386;13.051;0.421;2.99;13:07:47.000
234.14;67.22E-03;6.805;50.022;300;200E-03;15.740;14.193;0.432;3.02;13:07:48.000
234.11;61.83E-03;6.100;50.015;300;200E-03;14.475;13.127;0.421;3.00;13:07:49.000
234.07;63.08E-03;6.290;50.017;300;200E-03;14.764;13.357;0.426;3.01;13:07:50.000
234.09;63.39E-03;6.282;50.019;300;200E-03;14.840;13.445;0.423;2.97;13:07:51.000
234.12;64.37E-03;6.401;50.016;300;200E-03;15.070;13.643;0.425;2.98;13:07:52.000
234.15;63.81E-03;6.272;50.018;300;200E-03;14.941;13.560;0.420;3.00;13:07:53.000
234.15;63.65E-03;6.308;50.009;300;200E-03;14.904;13.504;0.423;3.00;13:07:54.000
234.17;66.72E-03;6.857;50.015;300;200E-03;15.625;14.040;0.439;2.99;13:07:55.000
234.16;68.33E-03;6.768;50.014;300;200E-03;16.000;14.498;0.423;3.00;13:07:56.000
234.16;62.91E-03;6.322;50.013;300;200E-03;14.732;13.306;0.429;2.98;13:07:57.000
234.08;61.92E-03;6.141;50.009;300;200E-03;14.495;13.130;0.424;2.97;13:07:58.000
233.92;62.00E-03;6.026;50.008;300;200E-03;14.503;13.192;0.415;3.02;13:07:59.000
234.00;67.36E-03;6.821;50.011;300;200E-03;15.762;14.210;0.433;2.98;13:08:00.000
234.04;67.64E-03;6.859;50.006;300;200E-03;15.830;14.267;0.433;2.98;13:08:01.000
234.02;68.13E-03;6.907;50.007;300;200E-03;15.943;14.370;0.433;3.01;13:08:02.000
234.02;64.85E-03;6.401;50.003;300;200E-03;15.176;13.760;0.422;2.98;13:08:03.000
233.93;67.49E-03;6.747;49.999;300;200E-03;15.787;14.273;0.427;2.97;13:08:04.000
233.90;64.93E-03;6.601;49.998;300;200E-03;15.186;13.677;0.435;3.00;13:08:05.000
233.86;64.54E-03;6.549;49.997;300;200E-03;15.093;13.598;0.434;3.01;13:08:06.000
233.99;64.70E-03;6.470;49.993;300;200E-03;15.140;13.688;0.427;2.95;13:08:07.000
233.95;61.97E-03;6.119;49.994;300;200E-03;14.497;13.143;0.422;2.93;13:08:08.000
233.83;70.19E-03;7.166;49.990;300;200E-03;16.412;14.765;0.437;2.93;13:08:09.000
233.79;60.16E-03;6.023;49.986;300;200E-03;14.065;12.711;0.428;2.93;13:08:10.000
233.85;61.29E-03;6.067;49.990;300;200E-03;14.333;12.986;0.423;2.93;13:08:11.000
233.78;64.51E-03;6.390;49.992;300;200E-03;15.081;13.660;0.424;2.95;13:08:12.000
233.77;67.84E-03;6.957;49.998;300;200E-03;15.859;14.251;0.439;2.92;13:08:13.000
233.82;65.26E-03;6.473;49.997;300;200E-03;15.259;13.818;0.424;2.98;13:08:14.000
233.81;62.06E-03;6.086;49.996;300;200E-03;14.509;13.171;0.419;2.96;13:08:15.000
233.79;61.22E-03;6.088;49.994;300;200E-03;14.313;12.953;0.425;2.98;13:08:16.000
233.75;62.13E-03;6.208;49.996;300;200E-03;14.522;13.129;0.427;3.00;13:08:17.000
233.70;66.43E-03;6.793;49.995;300;200E-03;15.524;13.959;0.438;3.01;13:08:18.000
233.72;68.53E-03;6.864;50.003;300;200E-03;16.017;14.472;0.429;3.04;13:08:19.000
233.79;59.35E-03;5.864;49.999;300;200E-03;13.875;12.575;0.423;3.03;13:08:20.000
233.78;59.79E-03;5.977;50.000;300;200E-03;13.978;12.636;0.428;3.03;13:08:21.000
233.75;64.03E-03;6.571;49.996;300;200E-03;14.966;13.447;0.439;3.05;13:08:22.000
233.79;66.42E-03;6.780;49.997;300;200E-03;15.528;13.970;0.437;3.03;13:08:23.000
233.72;64.71E-03;6.531;50.000;300;200E-03;15.124;13.641;0.432;3.02;13:08:24.000
233.76;67.28E-03;6.864;49.999;300;200E-03;15.727;14.149;0.436;3.03;13:08:25.000
233.91;67.40E-03;6.879;49.998;300;200E-03;15.766;14.186;0.436;3.02;13:08:26.000
233.96;63.01E-03;6.274;49.997;300;200E-03;14.742;13.340;0.426;3.00;13:08:27.000
233.83;67.81E-03;6.818;49.994;300;200E-03;15.856;14.315;0.430;3.02;13:08:28.000
233.89;66.58E-03;6.830;50.001;300;200E-03;15.573;13.995;0.439;3.00;13:08:29.000
233.96;69.76E-03;7.192;49.999;300;200E-03;16.321;14.651;0.441;3.02;13:08:30.000
233.81;69.29E-03;7.207;49.995;300;200E-03;16.202;14.510;0.445;3.03;13:08:31.000
233.85;65.49E-03;6.700;49.999;300;200E-03;15.314;13.771;0.437;3.04;13:08:32.000
233.83;62.49E-03;6.281;50.000;300;200E-03;14.611;13.192;0.430;3.01;13:08:33.000
233.83;62.99E-03;6.386;49.997;300;200E-03;14.730;13.273;0.434;3.03;13:08:34.000
233.79;60.49E-03;5.975;50.000;300;200E-03;14.141;12.817;0.422;3.02;13:08:35.000
233.81;67.56E-03;6.872;50.000;300;200E-03;15.798;14.225;0.435;3.01;13:08:36.000
233.87;68.77E-03;6.935;50.002;300;200E-03;16.085;14.513;0.431;3.03;13:08:37.000
233.81;65.24E-03;6.621;50.001;300;200E-03;15.254;13.743;0.434;3.05;13:08:38.000
233.77;67.56E-03;6.881;50.004;300;200E-03;15.793;14.215;0.436;3.02;13:08:39.000
233.75;65.28E-03;6.597;50.006;300;200E-03;15.259;13.759;0.432;3.04;13:08:40.000
233.75;67.93E-03;6.876;50.007;300;200E-03;15.879;14.313;0.433;3.08;13:08:41.000
233.77;63.80E-03;6.383;50.004;300;200E-03;14.915;13.481;0.428;3.03;13:08:42.000
233.86;60.49E-03;6.080;50.003;300;200E-03;14.145;12.772;0.430;3.03;13:08:43.000
233.77;68.37E-03;6.884;50.009;300;200E-03;15.983;14.425;0.431;3.07;13:08:44.000
233.77;66.84E-03;6.838;50.006;300;200E-03;15.624;14.048;0.438;3.04;13:08:45.000
233.87;60.72E-03;6.016;50.010;300;200E-03;14.200;12.863;0.424;3.08;13:08:46.000
233.85;67.08E-03;6.797;50.005;300;200E-03;15.687;14.137;0.433;3.06;13:08:47.000
233.85;66.64E-03;6.581;50.013;300;200E-03;15.582;14.124;0.422;3.07;13:08:48.000
233.82;68.24E-03;6.884;50.017;300;200E-03;15.955;14.394;0.431;3.07;13:08:49.000
233.87;65.35E-03;6.639;50.012;300;200E-03;15.283;13.766;0.434;3.06;13:08:50.000
233.80;67.18E-03;6.858;50.014;300;200E-03;15.707;14.131;0.437;3.05;13:08:51.000
233.83;63.15E-03;6.373;50.014;300;200E-03;14.766;13.320;0.432;3.07;13:08:52.000
233.88;68.32E-03;6.918;50.016;300;200E-03;15.979;14.403;0.433;3.09;13:08:53.000
233.80;64.49E-03;6.475;50.017;300;200E-03;15.077;13.616;0.429;3.06;13:08:54.000
233.84;61.26E-03;6.031;50.014;300;200E-03;14.325;12.994;0.421;3.08;13:08:55.000
233.88;66.84E-03;6.867;50.016;300;200E-03;15.632;14.043;0.439;3.03;13:08:56.000
233.85;66.74E-03;6.698;50.018;300;200E-03;15.607;14.097;0.429;3.05;13:08:57.000
233.86;66.98E-03;6.817;50.018;300;200E-03;15.664;14.102;0.435;3.13;13:08:58.000
233.81;67.30E-03;6.763;50.017;300;200E-03;15.735;14.207;0.430;2.98;13:08:59.000
233.89;61.82E-03;6.102;50.015;300;200E-03;14.459;13.108;0.422;3.06;13:09:00.000
233.94;64.41E-03;6.496;50.014;300;200E-03;15.069;13.597;0.431;3.07;13:09:01.000
233.99;65.57E-03;6.607;50.016;300;200E-03;15.344;13.848;0.431;3.05;13:09:02.000
234.01;67.63E-03;6.971;50.023;300;200E-03;15.826;14.208;0.440;3.13;13:09:03.000
233.99;67.19E-03;6.883;50.012;300;200E-03;15.721;14.134;0.438;3.04;13:09:04.000
234.04;67.64E-03;6.886;50.010;300;200E-03;15.829;14.253;0.435;3.08;13:09:05.000
234.11;64.45E-03;6.390;50.007;300;200E-03;15.088;13.668;0.424;3.07;13:09:06.000
234.13;64.74E-03;6.547;50.005;300;200E-03;15.158;13.671;0.432;3.08;13:09:07.000
234.03;67.73E-03;6.870;50.008;300;200E-03;15.851;14.285;0.433;3.05;13:09:08.000
233.99;67.41E-03;6.867;50.008;300;200E-03;15.775;14.202;0.435;3.12;13:09:09.000
234.12;67.55E-03;6.872;50.008;300;200E-03;15.814;14.243;0.435;3.03;13:09:10.000
234.08;62.69E-03;6.280;50.012;300;200E-03;14.675;13.264;0.428;3.05;13:09:11.000
234.07;64.92E-03;6.608;50.005;300;200E-03;15.195;13.683;0.435;3.04;13:09:12.000
233.97;65.96E-03;6.775;50.018;300;200E-03;15.433;13.866;0.439;3.02;13:09:13.000
234.04;63.49E-03;6.408;50.009;300;200E-03;14.860;13.407;0.431;3.01;13:09:14.000
234.05;63.75E-03;6.304;50.008;300;200E-03;14.922;13.524;0.422;3.10;13:09:15.000
234.00;68.85E-03;7.024;50.015;300;200E-03;16.112;14.501;0.436;3.02;13:09:16.000
233.97;65.07E-03;6.566;50.009;300;200E-03;15.224;13.735;0.431;3.08;13:09:17.000
234.00;71.89E-03;7.404;50.019;300;200E-03;16.822;15.105;0.440;3.04;13:09:18.000
233.90;71.40E-03;7.340;50.015;300;200E-03;16.702;15.002;0.439;3.04;13:09:19.000
233.99;67.93E-03;6.895;50.014;300;200E-03;15.895;14.321;0.434;3.03;13:09:20.000
234.09;67.60E-03;6.867;50.021;300;200E-03;15.824;14.256;0.434;2.97;13:09:21.000
234.12;62.56E-03;6.285;50.016;300;200E-03;14.646;13.229;0.429;3.05;13:09:22.000
234.06;67.77E-03;6.894;50.018;300;200E-03;15.862;14.286;0.435;3.01;13:09:23.000
234.03;66.10E-03;6.654;50.010;300;200E-03;15.468;13.964;0.430;3.01;13:09:24.000
234.10;60.56E-03;5.940;50.009;300;200E-03;14.178;12.873;0.419;3.00;13:09:25.000
234.11;66.92E-03;6.704;50.012;300;200E-03;15.666;14.159;0.428;3.01;13:09:26.000
234.03;67.73E-03;6.867;50.013;300;200E-03;15.850;14.285;0.433;2.99;13:09:27.000
234.00;66.14E-03;6.695;50.009;300;200E-03;15.476;13.953;0.433;3.04;13:09:28.000
234.01;66.37E-03;6.785;50.013;300;200E-03;15.531;13.971;0.437;3.00;13:09:29.000
234.03;67.69E-03;6.878;50.003;300;200E-03;15.842;14.270;0.434;3.01;13:09:30.000
234.09;67.79E-03;6.802;50.009;300;200E-03;15.868;14.336;0.429;2.98;13:09:31.000
234.03;68.18E-03;6.769;50.011;300;200E-03;15.956;14.449;0.424;3.00;13:09:32.000
234.02;61.98E-03;6.145;50.000;300;200E-03;14.503;13.137;0.424;3.06;13:09:33.000
234.03;67.07E-03;6.844;50.009;300;200E-03;15.695;14.125;0.436;3.04;13:09:34.000
233.95;63.08E-03;6.226;50.004;300;200E-03;14.757;13.380;0.422;3.04;13:09:35.000
234.10;66.70E-03;6.861;50.015;300;200E-03;15.616;14.028;0.439;3.03;13:09:36.000
234.15;65.04E-03;6.543;50.009;300;200E-03;15.229;13.751;0.430;3.03;13:09:37.000
234.15;62.66E-03;6.298;50.007;300;200E-03;14.673;13.252;0.429;3.03;13:09:38.000
234.12;59.82E-03;5.848;50.011;300;200E-03;14.005;12.726;0.418;3.02;13:09:39.000
234.10;65.93E-03;6.703;50.020;300;200E-03;15.434;13.902;0.434;3.07;13:09:40.000
234.11;68.18E-03;6.922;50.018;300;200E-03;15.962;14.383;0.434;3.05;13:09:41.000
234.10;67.30E-03;6.807;50.013;300;200E-03;15.756;14.209;0.432;3.04;13:09:42.000
234.17;67.73E-03;6.860;50.016;300;200E-03;15.859;14.299;0.433;3.03;13:09:43.000
234.19;67.23E-03;6.757;50.017;300;200E-03;15.745;14.221;0.429;3.02;13:09:44.000
234.15;68.72E-03;6.883;50.019;300;200E-03;16.092;14.546;0.428;3.02;13:09:45.000
234.29;67.07E-03;6.783;50.020;300;200E-03;15.713;14.174;0.432;3.03;13:09:46.000
234.29;67.79E-03;6.843;50.015;300;200E-03;15.884;14.334;0.431;3.06;13:09:47.000
234.30;67.79E-03;6.869;50.015;300;200E-03;15.884;14.322;0.432;3.07;13:09:48.000
234.26;64.91E-03;6.497;50.014;300;200E-03;15.207;13.749;0.427;3.08;13:09:49.000
234.24;66.79E-03;6.683;50.023;300;200E-03;15.644;14.145;0.427;3.04;13:09:50.000
234.24;63.56E-03;6.325;50.008;300;200E-03;14.888;13.477;0.425;3.06;13:09:51.000
234.25;62.85E-03;6.259;50.009;300;200E-03;14.722;13.325;0.425;3.04;13:09:52.000
234.25;62.26E-03;6.206;50.010;300;200E-03;14.584;13.197;0.426;3.03;13:09:53.000
234.15;66.20E-03;6.728;50.007;300;200E-03;15.500;13.964;0.434;3.05;13:09:54.000
234.14;67.21E-03;6.850;50.010;300;200E-03;15.737;14.168;0.435;2.97;13:09:55.000
234.21;66.56E-03;6.688;50.002;300;200E-03;15.588;14.081;0.429;3.02;13:09:56.000
234.22;67.25E-03;6.862;50.002;300;200E-03;15.752;14.179;0.436;3.03;13:09:57.000
234.28;63.27E-03;6.255;49.997;300;200E-03;14.823;13.439;0.422;3.00;13:09:58.000
234.17;63.57E-03;6.315;50.003;300;200E-03;14.886;13.480;0.424;3.04;13:09:59.000
234.17;67.57E-03;6.939;49.994;300;200E-03;15.824;14.221;0.439;3.07;13:10:00.000
234.19;64.75E-03;6.571;49.996;300;200E-03;15.164;13.666;0.433;3.06;13:10:01.000
234.23;61.51E-03;6.124;49.998;300;200E-03;14.407;13.040;0.425;3.06;13:10:02.000
234.17;61.55E-03;6.104;49.996;300;200E-03;14.413;13.056;0.424;3.05;13:10:03.000
234.11;66.97E-03;6.790;49.995;300;200E-03;15.679;14.132;0.433;3.06;13:10:04.000
234.08;66.39E-03;6.715;49.991;300;200E-03;15.541;14.015;0.432;3.07;13:10:05.000
234.19;62.52E-03;6.303;49.986;300;200E-03;14.642;13.216;0.430;3.06;13:10:06.000
234.18;67.75E-03;6.820;49.987;300;200E-03;15.867;14.326;0.430;3.06;13:10:07.000
234.14;65.84E-03;6.634;49.990;300;200E-03;15.415;13.915;0.430;3.06;13:10:08.000
234.17;66.55E-03;6.785;49.990;300;200E-03;15.584;14.029;0.435;3.09;13:10:09.000
234.16;66.55E-03;6.778;49.979;300;200E-03;15.584;14.033;0.435;3.09;13:10:10.000
234.00;67.03E-03;6.806;49.980;300;200E-03;15.685;14.131;0.434;3.09;13:10:11.000
233.95;67.47E-03;6.908;49.982;300;200E-03;15.784;14.192;0.438;3.10;13:10:12.000
233.72;60.60E-03;6.028;49.980;300;200E-03;14.164;12.817;0.426;3.11;13:10:13.000
233.61;67.43E-03;6.907;49.986;300;200E-03;15.753;14.157;0.438;3.11;13:10:14.000
233.52;65.01E-03;6.649;49.983;300;200E-03;15.182;13.648;0.438;3.08;13:10:15.000
233.61;65.71E-03;6.689;49.990;300;200E-03;15.350;13.816;0.436;3.04;13:10:16.000
233.75;60.84E-03;6.027;49.984;300;200E-03;14.221;12.880;0.424;3.09;13:10:17.000
233.87;66.64E-03;6.847;49.985;300;200E-03;15.585;14.001;0.439;3.10;13:10:18.000
233.81;65.54E-03;6.598;49.988;300;200E-03;15.324;13.830;0.431;3.14;13:10:19.000
233.71;66.81E-03;6.867;49.987;300;200E-03;15.614;14.023;0.440;3.15;13:10:20.000
233.85;61.55E-03;6.171;49.989;300;200E-03;14.393;13.004;0.429;3.12;13:10:21.000
233.92;63.50E-03;6.358;49.988;300;200E-03;14.854;13.424;0.428;3.12;13:10:22.000
233.81;70.87E-03;7.309;50.002;300;200E-03;16.571;14.872;0.441;3.02;13:10:23.000
233.87;64.91E-03;6.496;49.987;300;200E-03;15.182;13.722;0.428;3.07;13:10:24.000
233.87;65.19E-03;6.578;49.987;300;200E-03;15.245;13.753;0.431;3.05;13:10:25.000
234.02;64.06E-03;6.484;49.981;300;200E-03;14.991;13.517;0.433;3.07;13:10:26.000
233.88;65.54E-03;6.627;49.987;300;200E-03;15.329;13.822;0.432;3.08;13:10:27.000
233.73;67.61E-03;6.888;49.985;300;200E-03;15.803;14.223;0.436;3.06;13:10:28.000
233.83;61.37E-03;6.195;49.983;300;200E-03;14.350;12.944;0.432;3.02;13:10:29.000
233.78;67.07E-03;6.826;49.981;300;200E-03;15.679;14.115;0.435;3.01;13:10:30.000
233.83;65.76E-03;6.580;49.989;300;200E-03;15.377;13.898;0.428;3.01;13:10:31.000
233.97;65.56E-03;6.579;49.979;300;200E-03;15.338;13.856;0.429;2.97;13:10:32.000
233.89;64.83E-03;6.473;49.979;300;200E-03;15.162;13.711;0.427;2.95;13:10:33.000
234.07;67.51E-03;6.945;49.978;300;200E-03;15.801;14.193;0.440;2.97;13:10:34.000
234.15;67.68E-03;6.878;49.979;300;200E-03;15.846;14.276;0.434;3.00;13:10:35.000
234.18;62.71E-03;6.309;49.979;300;200E-03;14.684;13.260;0.430;3.04;13:10:36.000
234.06;67.40E-03;6.861;49.980;300;200E-03;15.774;14.204;0.435;3.07;13:10:37.000
234.04;67.70E-03;6.851;49.985;300;200E-03;15.845;14.287;0.432;3.07;13:10:38.000
234.03;62.93E-03;6.316;49.985;300;200E-03;14.727;13.304;0.429;3.15;13:10:39.000
234.04;66.02E-03;6.752;49.988;300;200E-03;15.450;13.897;0.437;3.09;13:10:40.000
234.09;65.91E-03;6.760;49.985;300;200E-03;15.430;13.870;0.438;3.10;13:10:41.000
234.16;66.46E-03;6.861;49.991;300;200E-03;15.562;13.967;0.441;3.07;13:10:42.000
234.19;66.07E-03;6.704;49.992;300;200E-03;15.473;13.945;0.433;3.09;13:10:43.000
234.15;59.84E-03;5.935;49.994;300;200E-03;14.010;12.691;0.424;3.05;13:10:44.000
234.23;61.21E-03;6.151;49.996;300;200E-03;14.336;12.950;0.429;3.05;13:10:45.000
234.14;67.70E-03;6.918;49.994;300;200E-03;15.851;14.262;0.436;3.07;13:10:46.000
234.18;67.57E-03;6.845;49.999;300;200E-03;15.824;14.266;0.433;3.05;13:10:47.000
234.14;63.36E-03;6.347;50.004;300;200E-03;14.836;13.409;0.428;3.07;13:10:48.000
234.08;67.41E-03;6.874;50.002;300;200E-03;15.779;14.204;0.436;3.04;13:10:49.000
234.18;63.97E-03;6.476;50.005;300;200E-03;14.982;13.510;0.432;3.05;13:10:50.000
234.20;68.37E-03;6.875;50.005;300;200E-03;16.012;14.461;0.429;3.03;13:10:51.000
234.27;63.89E-03;6.464;50.006;300;200E-03;14.968;13.501;0.432;3.05;13:10:52.000
234.20;67.14E-03;6.842;50.001;300;200E-03;15.725;14.158;0.435;3.02;13:10:53.000
234.27;67.07E-03;6.923;50.009;300;200E-03;15.712;14.104;0.441;3.03;13:10:54.000
234.29;62.64E-03;6.280;50.009;300;200E-03;14.675;13.264;0.428;3.02;13:10:55.000
234.20;65.19E-03;6.578;50.010;300;200E-03;15.269;13.779;0.431;3.02;13:10:56.000
234.26;63.33E-03;6.352;50.007;300;200E-03;14.836;13.408;0.428;3.03;13:10:57.000
234.28;61.85E-03;6.241;50.008;300;200E-03;14.490;13.077;0.431;3.00;13:10:58.000
234.39;61.47E-03;6.036;50.008;300;200E-03;14.409;13.083;0.419;3.01;13:10:59.000
234.35;67.76E-03;6.878;50.002;300;200E-03;15.880;14.313;0.433;2.99;13:11:00.000
234.23;62.01E-03;6.122;50.009;300;200E-03;14.525;13.172;0.421;2.99;13:11:01.000
234.25;64.00E-03;6.445;50.003;300;200E-03;14.991;13.535;0.430;3.01;13:11:02.000
234.21;67.84E-03;6.907;50.011;300;200E-03;15.888;14.309;0.435;3.09;13:11:03.000
234.30;68.19E-03;6.919;50.005;300;200E-03;15.976;14.400;0.433;3.02;13:11:04.000
234.27;66.81E-03;6.818;50.003;300;200E-03;15.652;14.090;0.436;3.02;13:11:05.000
234.27;68.00E-03;6.866;50.008;300;200E-03;15.931;14.375;0.431;3.02;13:11:06.000
234.24;62.91E-03;6.321;50.007;300;200E-03;14.737;13.312;0.429;3.02;13:11:07.000
234.20;71.64E-03;7.320;50.007;300;200E-03;16.779;15.098;0.436;3.03;13:11:08.000
234.30;69.13E-03;7.078;50.005;300;200E-03;16.197;14.569;0.437;3.05;13:11:09.000
234.28;63.96E-03;6.406;50.006;300;200E-03;14.984;13.546;0.428;3.04;13:11:10.000
234.15;66.96E-03;6.658;50.005;300;200E-03;15.678;14.194;0.425;3.04;13:11:11.000
234.20;66.72E-03;6.748;50.003;300;200E-03;15.626;14.094;0.432;3.03;13:11:12.000
234.23;67.45E-03;6.841;50.001;300;200E-03;15.798;14.240;0.433;3.03;13:11:13.000
234.23;62.59E-03;6.206;50.004;300;200E-03;14.660;13.281;0.423;3.04;13:11:14.000
234.16;68.32E-03;6.876;50.006;300;200E-03;15.997;14.443;0.430;3.05;13:11:15.000
234.21;61.51E-03;6.086;50.002;300;200E-03;14.406;13.058;0.422;3.07;13:11:16.000
234.23;67.74E-03;6.953;50.003;300;200E-03;15.865;14.261;0.438;3.03;13:11:17.000
234.22;60.91E-03;6.093;50.002;300;200E-03;14.267;12.901;0.427;3.05;13:11:18.000
234.32;67.56E-03;6.903;50.009;300;200E-03;15.831;14.247;0.436;2.98;13:11:19.000
234.31;61.94E-03;6.152;50.005;300;200E-03;14.514;13.146;0.424;3.04;13:11:20.000
234.24;66.88E-03;6.819;50.006;300;200E-03;15.665;14.103;0.435;3.00;13:11:21.000
234.30;67.95E-03;6.930;50.001;300;200E-03;15.922;14.335;0.435;3.00;13:11:22.000
234.33;62.70E-03;6.291;50.002;300;200E-03;14.692;13.277;0.428;3.02;13:11:23.000
234.36;61.73E-03;6.185;50.005;300;200E-03;14.466;13.077;0.428;3.00;13:11:24.000
234.24;67.10E-03;6.835;50.000;300;200E-03;15.717;14.152;0.435;2.98;13:11:25.000
234.29;64.63E-03;6.555;49.999;300;200E-03;15.142;13.649;0.433;3.00;13:11:26.000
234.27;67.27E-03;6.826;50.000;300;200E-03;15.760;14.205;0.433;3.00;13:11:27.000
234.32;66.82E-03;6.866;50.000;300;200E-03;15.658;14.073;0.438;3.03;13:11:28.000
234.23;67.41E-03;6.763;50.001;300;200E-03;15.789;14.268;0.428;3.01;13:11:29.000
234.28;67.53E-03;6.877;50.000;300;200E-03;15.821;14.249;0.435;3.05;13:11:30.000
234.28;67.61E-03;6.871;50.000;300;200E-03;15.839;14.271;0.434;3.02;13:11:31.000
234.26;67.15E-03;6.859;50.001;300;200E-03;15.732;14.158;0.436;3.03;13:11:32.000
234.24;68.12E-03;6.876;50.003;300;200E-03;15.955;14.398;0.431;3.02;13:11:33.000
234.27;63.04E-03;6.309;50.001;300;200E-03;14.769;13.354;0.427;3.02;13:11:34.000
234.28;67.80E-03;6.875;50.004;300;200E-03;15.884;14.319;0.433;3.03;13:11:35.000
234.15;67.92E-03;6.893;49.999;300;200E-03;15.902;14.331;0.433;2.99;13:11:36.000
234.21;64.40E-03;6.473;49.998;300;200E-03;15.083;13.623;0.429;3.01;13:11:37.000
234.21;67.26E-03;6.846;50.001;300;200E-03;15.752;14.186;0.435;3.01;13:11:38.000
234.13;63.15E-03;6.359;50.004;300;200E-03;14.786;13.348;0.430;3.04;13:11:39.000
233.98;70.56E-03;7.243;50.008;300;200E-03;16.509;14.835;0.439;3.01;13:11:40.000
234.09;71.72E-03;7.429;50.003;300;200E-03;16.790;15.056;0.442;3.04;13:11:41.000
234.12;63.38E-03;6.460;50.006;300;200E-03;14.840;13.360;0.435;3.04;13:11:42.000
234.13;67.61E-03;6.890;50.004;300;200E-03;15.829;14.250;0.435;3.06;13:11:43.000
234.05;61.00E-03;6.011;50.008;300;200E-03;14.277;12.950;0.421;3.03;13:11:44.000
234.18;61.34E-03;6.054;50.012;300;200E-03;14.365;13.027;0.421;3.05;13:11:45.000
234.03;61.26E-03;6.100;50.006;300;200E-03;14.338;12.975;0.425;3.05;13:11:46.000
234.04;63.82E-03;6.255;50.005;300;200E-03;14.937;13.564;0.419;3.02;13:11:47.000
234.11;63.78E-03;6.281;50.017;300;200E-03;14.932;13.547;0.421;2.99;13:11:48.000
234.02;67.42E-03;6.782;50.012;300;200E-03;15.777;14.245;0.430;3.01;13:11:49.000
234.00;66.07E-03;6.532;50.020;300;200E-03;15.461;14.013;0.423;3.02;13:11:50.000
234.08;68.29E-03;6.886;50.010;300;200E-03;15.984;14.425;0.431;2.99;13:11:51.000
234.07;63.02E-03;6.267;50.011;300;200E-03;14.750;13.353;0.425;3.03;13:11:52.000
233.89;68.97E-03;6.877;50.013;300;200E-03;16.132;14.592;0.426;3.03;13:11:53.000
233.92;68.09E-03;6.919;50.013;300;200E-03;15.928;14.347;0.434;3.04;13:11:54.000
233.91;66.38E-03;6.841;50.007;300;200E-03;15.528;13.939;0.441;3.10;13:11:55.000
233.95;61.48E-03;6.108;50.013;300;200E-03;14.383;13.022;0.425;3.02;13:11:56.000
233.92;67.93E-03;6.881;50.011;300;200E-03;15.890;14.323;0.433;3.00;13:11:57.000
233.88;65.59E-03;6.566;50.010;300;200E-03;15.340;13.864;0.428;3.02;13:11:58.000
233.91;68.16E-03;6.902;50.011;300;200E-03;15.944;14.372;0.433;3.01;13:11:59.000
233.90;68.21E-03;6.860;50.013;300;200E-03;15.954;14.403;0.430;2.99;13:12:00.000
234.01;65.81E-03;6.592;50.009;300;200E-03;15.399;13.917;0.428;3.01;13:12:01.000
233.86;65.27E-03;6.474;50.012;300;200E-03;15.263;13.822;0.424;3.04;13:12:02.000
233.88;70.22E-03;6.935;50.016;300;200E-03;16.422;14.886;0.422;3.02;13:12:03.000
233.96;67.64E-03;6.867;50.010;300;200E-03;15.825;14.258;0.434;3.02;13:12:04.000
233.84;61.10E-03;6.040;50.013;300;200E-03;14.287;12.948;0.423;3.04;13:12:05.000
233.96;67.29E-03;6.876;50.013;300;200E-03;15.743;14.162;0.437;3.02;13:12:06.000
233.88;68.12E-03;6.871;50.013;300;200E-03;15.931;14.373;0.431;3.02;13:12:07.000
233.85;68.25E-03;6.913;50.016;300;200E-03;15.959;14.385;0.433;3.01;13:12:08.000
233.88;65.87E-03;6.636;50.013;300;200E-03;15.407;13.904;0.431;3.00;13:12:09.000
234.07;61.95E-03;6.060;50.012;300;200E-03;14.501;13.174;0.418;2.99;13:12:10.000
234.04;67.99E-03;6.868;50.013;300;200E-03;15.913;14.355;0.432;3.00;13:12:11.000
233.93;68.70E-03;6.914;50.012;300;200E-03;16.070;14.507;0.430;3.01;13:12:12.000
233.90;67.65E-03;6.868;50.018;300;200E-03;15.823;14.254;0.434;3.03;13:12:13.000
233.85;68.02E-03;6.850;50.009;300;200E-03;15.906;14.356;0.431;3.04;13:12:14.000
233.96;60.49E-03;5.925;50.010;300;200E-03;14.152;12.852;0.419;3.02;13:12:15.000
234.01;65.58E-03;6.632;50.009;300;200E-03;15.347;13.840;0.432;3.02;13:12:16.000
233.79;67.99E-03;6.919;50.014;300;200E-03;15.894;14.309;0.435;3.04;13:12:17.000
233.83;67.07E-03;6.842;50.010;300;200E-03;15.684;14.113;0.436;3.03;13:12:18.000
233.93;61.10E-03;6.056;50.011;300;200E-03;14.293;12.947;0.424;3.03;13:12:19.000
233.98;61.09E-03;6.057;50.009;300;200E-03;14.294;12.948;0.424;2.99;13:12:20.000
233.97;62.62E-03;6.209;50.006;300;200E-03;14.651;13.270;0.424;2.99;13:12:21.000
233.99;65.59E-03;6.613;50.008;300;200E-03;15.348;13.850;0.431;3.00;13:12:22.000
234.01;68.65E-03;6.861;50.004;300;200E-03;16.064;14.525;0.427;3.04;13:12:23.000
233.83;62.17E-03;6.167;50.004;300;200E-03;14.538;13.166;0.424;3.00;13:12:24.000
233.85;61.35E-03;6.077;50.003;300;200E-03;14.347;12.996;0.424;3.05;13:12:25.000
233.80;64.40E-03;6.444;50.004;300;200E-03;15.056;13.607;0.428;3.03;13:12:26.000
233.87;67.59E-03;6.913;50.001;300;200E-03;15.807;14.215;0.437;3.06;13:12:27.000
233.81;68.36E-03;6.918;50.005;300;200E-03;15.983;14.408;0.433;3.05;13:12:28.000
233.81;60.69E-03;6.005;49.997;300;200E-03;14.189;12.855;0.423;3.01;13:12:29.000
233.83;65.03E-03;6.559;50.000;300;200E-03;15.206;13.719;0.431;3.06;13:12:30.000
233.83;67.74E-03;6.855;50.002;300;200E-03;15.841;14.281;0.433;3.09;13:12:31.000
233.74;64.30E-03;6.440;49.993;300;200E-03;15.030;13.580;0.428;3.06;13:12:32.000
233.93;64.54E-03;6.366;49.996;300;200E-03;15.097;13.689;0.422;3.00;13:12:33.000
233.90;67.13E-03;6.719;49.996;300;200E-03;15.702;14.192;0.428;3.00;13:12:34.000
233.99;68.14E-03;6.860;50.000;300;200E-03;15.944;14.393;0.430;3.02;13:12:35.000
233.92;64.26E-03;6.332;49.992;300;200E-03;15.033;13.634;0.421;3.02;13:12:36.000
233.93;69.17E-03;6.950;49.999;300;200E-03;16.182;14.613;0.430;3.01;13:12:37.000
234.03;68.30E-03;6.876;49.997;300;200E-03;15.983;14.429;0.430;2.99;13:12:38.000
233.99;68.57E-03;6.854;49.997;300;200E-03;16.045;14.507;0.427;3.02;13:12:39.000
233.97;67.44E-03;6.818;50.006;300;200E-03;15.779;14.230;0.432;3.04;13:12:40.000
234.00;64.18E-03;6.396;50.001;300;200E-03;15.017;13.587;0.426;3.04;13:12:41.000
234.02;60.76E-03;6.019;50.005;300;200E-03;14.218;12.881;0.423;3.02;13:12:42.000
233.97;67.91E-03;6.912;50.005;300;200E-03;15.890;14.308;0.435;3.06;13:12:43.000
234.00;67.82E-03;6.871;50.004;300;200E-03;15.871;14.307;0.433;3.05;13:12:44.000
234.07;62.17E-03;6.173;50.003;300;200E-03;14.552;13.178;0.424;3.05;13:12:45.000
233.94;68.56E-03;6.953;50.000;300;200E-03;16.039;14.454;0.433;3.06;13:12:46.000
233.78;68.38E-03;6.931;50.005;300;200E-03;15.985;14.404;0.434;3.06;13:12:47.000
234.07;66.13E-03;6.708;50.006;300;200E-03;15.479;13.949;0.433;3.04;13:12:48.000
233.93;62.17E-03;6.099;49.999;300;200E-03;14.543;13.203;0.419;3.05;13:12:49.000
234.01;66.38E-03;6.668;49.999;300;200E-03;15.535;14.031;0.429;3.04;13:12:50.000
234.07;61.56E-03;6.120;50.001;300;200E-03;14.409;13.045;0.425;3.04;13:12:51.000
234.03;66.60E-03;6.789;50.001;300;200E-03;15.585;14.029;0.436;3.08;13:12:52.000
234.05;66.95E-03;6.756;50.004;300;200E-03;15.670;14.138;0.431;3.07;13:12:53.000
234.00;66.80E-03;6.755;49.999;300;200E-03;15.631;14.096;0.432;3.08;13:12:54.000
233.95;64.14E-03;6.417;50.004;300;200E-03;15.004;13.563;0.428;3.07;13:12:55.000
233.90;64.54E-03;6.427;50.002;300;200E-03;15.096;13.660;0.426;3.11;13:12:56.000
233.80;67.32E-03;6.810;50.005;300;200E-03;15.739;14.190;0.433;3.10;13:12:57.000
233.81;62.05E-03;6.255;50.007;300;200E-03;14.508;13.091;0.431;3.09;13:12:58.000
233.80;66.67E-03;6.757;50.012;300;200E-03;15.587;14.046;0.434;3.07;13:12:59.000
233.95;65.74E-03;6.729;50.013;300;200E-03;15.379;13.829;0.438;3.09;13:13:00.000
233.85;68.12E-03;6.885;50.011;300;200E-03;15.929;14.365;0.432;3.11;13:13:01.000
233.96;65.14E-03;6.567;50.014;300;200E-03;15.241;13.754;0.431;3.11;13:13:02.000
233.88;67.59E-03;6.834;50.012;300;200E-03;15.808;14.254;0.432;3.13;13:13:03.000
233.91;63.21E-03;6.398;50.013;300;200E-03;14.785;13.329;0.433;3.09;13:13:04.000
233.94;66.63E-03;6.869;50.014;300;200E-03;15.588;13.993;0.441;3.10;13:13:05.000
233.92;68.05E-03;6.896;50.014;300;200E-03;15.919;14.348;0.433;3.10;13:13:06.000
234.00;67.33E-03;6.836;50.008;300;200E-03;15.755;14.195;0.434;3.11;13:13:07.000
233.94;66.92E-03;6.829;50.006;300;200E-03;15.656;14.088;0.436;3.06;13:13:08.000
233.91;66.35E-03;6.651;50.012;300;200E-03;15.519;14.022;0.429;3.07;13:13:09.000
233.94;63.63E-03;6.247;50.007;300;200E-03;14.885;13.511;0.420;3.04;13:13:10.000
233.98;68.39E-03;6.796;50.010;300;200E-03;16.001;14.486;0.425;3.04;13:13:11.000
233.93;62.16E-03;6.154;50.008;300;200E-03;14.541;13.174;0.423;3.03;13:13:12.000
233.98;67.01E-03;6.787;50.008;300;200E-03;15.679;14.134;0.433;3.04;13:13:13.000
233.97;66.47E-03;6.688;50.006;300;200E-03;15.552;14.041;0.430;3.07;13:13:14.000
234.00;67.20E-03;6.731;50.015;300;200E-03;15.724;14.210;0.428;3.05;13:13:15.000
233.94;62.75E-03;6.228;50.007;300;200E-03;14.679;13.292;0.424;3.08;13:13:16.000
234.02;67.10E-03;6.825;50.007;300;200E-03;15.702;14.141;0.435;3.09;13:13:17.000
233.88;65.92E-03;6.610;50.002;300;200E-03;15.417;13.928;0.429;3.10;13:13:18.000
233.97;61.16E-03;6.051;50.006;300;200E-03;14.310;12.968;0.423;3.11;13:13:19.000
234.14;65.12E-03;6.636;50.001;300;200E-03;15.248;13.728;0.435;3.12;13:13:20.000
233.95;61.85E-03;6.129;50.009;300;200E-03;14.471;13.109;0.424;3.14;13:13:21.000
234.12;67.66E-03;6.929;50.003;300;200E-03;15.840;14.244;0.437;3.13;13:13:22.000
234.19;67.24E-03;6.811;50.008;300;200E-03;15.748;14.198;0.433;3.17;13:13:23.000
234.29;62.96E-03;6.331;50.006;300;200E-03;14.751;13.324;0.429;3.17;13:13:24.000
234.26;64.60E-03;6.465;50.006;300;200E-03;15.132;13.681;0.427;3.15;13:13:25.000
234.32;60.74E-03;6.066;50.010;300;200E-03;14.232;12.875;0.426;3.17;13:13:26.000
234.28;66.65E-03;6.840;50.009;300;200E-03;15.615;14.038;0.438;3.16;13:13:27.000
234.23;64.57E-03;6.546;50.012;300;200E-03;15.125;13.635;0.433;3.12;13:13:28.000
234.38;63.64E-03;6.417;50.011;300;200E-03;14.915;13.464;0.430;3.16;13:13:29.000
234.35;71.15E-03;7.385;50.017;300;200E-03;16.674;14.950;0.443;3.13;13:13:30.000
234.36;63.78E-03;6.452;50.013;300;200E-03;14.947;13.483;0.432;3.12;13:13:31.000
234.24;64.62E-03;6.571;50.022;300;200E-03;15.137;13.636;0.434;3.15;13:13:32.000
234.36;61.68E-03;6.099;50.021;300;200E-03;14.456;13.107;0.422;3.16;13:13:33.000
234.23;66.22E-03;6.760;50.021;300;200E-03;15.511;13.960;0.436;3.10;13:13:34.000
234.31;61.16E-03;6.100;50.017;300;200E-03;14.331;12.968;0.426;3.14;13:13:35.000
234.38;57.73E-03;5.630;50.018;300;200E-03;13.531;12.304;0.416;3.12;13:13:36.000
234.37;67.05E-03;6.841;50.018;300;200E-03;15.714;14.147;0.435;3.13;13:13:37.000
234.44;61.43E-03;6.130;50.020;300;200E-03;14.403;13.033;0.426;3.12;13:13:38.000
234.45;65.31E-03;6.622;50.014;300;200E-03;15.313;13.807;0.432;3.10;13:13:39.000
234.25;67.52E-03;6.919;50.016;300;200E-03;15.816;14.223;0.437;3.14;13:13:40.000
234.44;67.62E-03;6.896;50.012;300;200E-03;15.853;14.275;0.435;3.14;13:13:41.000
234.29;67.36E-03;6.789;50.009;300;200E-03;15.783;14.248;0.430;3.13;13:13:42.000
234.35;67.15E-03;6.842;50.016;300;200E-03;15.737;14.172;0.435;3.09;13:13:43.000
234.27;67.56E-03;6.847;50.010;300;200E-03;15.828;14.270;0.433;3.10;13:13:44.000
234.36;66.86E-03;6.792;50.007;300;200E-03;15.670;14.121;0.433;3.09;13:13:45.000
234.22;67.45E-03;6.802;50.009;300;200E-03;15.797;14.258;0.431;3.08;13:13:46.000
234.31;67.11E-03;6.814;50.011;300;200E-03;15.725;14.172;0.433;3.12;13:13:47.000
234.23;66.58E-03;6.773;50.012;300;200E-03;15.595;14.048;0.434;3.17;13:13:48.000
234.22;62.52E-03;6.260;50.006;300;200E-03;14.643;13.237;0.428;3.12;13:13:49.000
234.30;59.11E-03;5.833;50.008;300;200E-03;13.849;12.560;0.421;3.10;13:13:50.000
234.36;63.58E-03;6.381;50.006;300;200E-03;14.900;13.465;0.428;3.08;13:13:51.000
234.29;61.41E-03;6.135;50.001;300;200E-03;14.389;13.015;0.426;3.09;13:13:52.000
234.27;67.33E-03;6.808;50.007;300;200E-03;15.774;14.229;0.432;3.12;13:13:53.000
234.21;66.77E-03;6.801;50.009;300;200E-03;15.639;14.082;0.435;3.09;13:13:54.000
234.30;61.53E-03;6.127;50.011;300;200E-03;14.416;13.049;0.425;3.13;13:13:55.000
234.24;62.11E-03;6.165;50.009;300;200E-03;14.549;13.178;0.424;3.13;13:13:56.000
234.32;67.23E-03;6.866;50.010;300;200E-03;15.753;14.178;0.436;3.14;13:13:57.000
234.24;66.44E-03;6.785;50.004;300;200E-03;15.564;14.007;0.436;3.13;13:13:58.000
234.21;67.51E-03;6.883;50.006;300;200E-03;15.811;14.234;0.435;3.15;13:13:59.000
234.17;61.60E-03;6.091;50.005;300;200E-03;14.424;13.075;0.422;3.14;13:14:00.000
234.18;64.88E-03;6.579;50.003;300;200E-03;15.192;13.694;0.433;3.15;13:14:01.000
234.11;60.75E-03;6.055;49.998;300;200E-03;14.223;12.870;0.426;3.16;13:14:02.000
233.99;60.87E-03;6.074;50.000;300;200E-03;14.242;12.882;0.426;3.16;13:14:03.000
233.96;66.94E-03;6.797;49.998;300;200E-03;15.661;14.109;0.434;3.19;13:14:04.000
233.89;65.22E-03;6.637;49.997;300;200E-03;15.254;13.735;0.435;3.17;13:14:05.000
233.91;66.99E-03;6.781;49.995;300;200E-03;15.671;14.127;0.433;3.19;13:14:06.000
233.81;67.62E-03;6.870;49.995;300;200E-03;15.809;14.238;0.435;3.20;13:14:07.000
233.88;67.57E-03;6.856;49.993;300;200E-03;15.802;14.237;0.434;3.17;13:14:08.000
233.80;66.40E-03;6.715;49.994;300;200E-03;15.524;13.996;0.433;3.16;13:14:09.000
233.78;67.29E-03;6.923;49.995;300;200E-03;15.732;14.127;0.440;3.20;13:14:10.000
233.75;66.93E-03;6.737;49.997;300;200E-03;15.644;14.119;0.431;3.15;13:14:11.000
233.77;65.28E-03;6.532;49.990;300;200E-03;15.261;13.792;0.428;3.16;13:14:12.000
233.76;66.88E-03;6.789;50.001;300;200E-03;15.634;14.083;0.434;3.15;13:14:13.000
233.96;62.70E-03;6.266;50.000;300;200E-03;14.670;13.264;0.427;3.17;13:14:14.000
233.78;62.61E-03;6.221;50.005;300;200E-03;14.636;13.248;0.425;3.17;13:14:15.000
233.82;61.52E-03;6.113;50.010;300;200E-03;14.385;13.021;0.425;3.13;13:14:16.000
233.96;61.63E-03;6.101;50.007;300;200E-03;14.420;13.065;0.423;3.14;13:14:17.000
234.05;67.72E-03;6.911;50.007;300;200E-03;15.850;14.264;0.436;3.14;13:14:18.000
234.06;67.41E-03;6.884;50.011;300;200E-03;15.779;14.198;0.436;3.16;13:14:19.000
234.05;63.31E-03;6.376;50.001;300;200E-03;14.818;13.376;0.430;3.14;13:14:20.000
234.08;61.35E-03;6.094;50.011;300;200E-03;14.361;13.004;0.424;3.19;13:14:21.000
233.98;61.68E-03;6.159;50.010;300;200E-03;14.432;13.052;0.427;3.15;13:14:22.000
234.10;65.51E-03;6.644;50.010;300;200E-03;15.337;13.823;0.433;3.15;13:14:23.000
234.13;60.86E-03;6.118;50.009;300;200E-03;14.250;12.870;0.429;3.17;13:14:24.000
233.98;67.35E-03;6.863;50.010;300;200E-03;15.758;14.185;0.436;3.19;13:14:25.000
233.98;66.79E-03;6.789;50.013;300;200E-03;15.628;14.077;0.434;3.18;13:14:26.000
233.95;67.23E-03;6.877;50.014;300;200E-03;15.729;14.146;0.437;3.20;13:14:27.000
233.95;63.06E-03;6.359;50.013;300;200E-03;14.752;13.311;0.431;3.16;13:14:28.000
234.07;63.90E-03;6.429;50.014;300;200E-03;14.956;13.504;0.430;3.20;13:14:29.000
234.00;60.99E-03;6.081;50.010;300;200E-03;14.271;12.910;0.426;3.18;13:14:30.000
233.98;60.87E-03;6.071;50.016;300;200E-03;14.242;12.883;0.426;3.16;13:14:31.000
233.94;66.90E-03;6.859;50.015;300;200E-03;15.650;14.067;0.438;3.20;13:14:32.000
234.02;68.96E-03;7.147;50.008;300;200E-03;16.139;14.470;0.443;3.18;13:14:33.000
234.14;66.29E-03;6.843;50.007;300;200E-03;15.522;13.932;0.441;3.21;13:14:34.000
234.10;65.48E-03;6.721;50.016;300;200E-03;15.329;13.777;0.438;3.25;13:14:35.000
234.02;66.69E-03;6.702;50.009;300;200E-03;15.607;14.095;0.429;3.21;13:14:36.000
234.02;64.78E-03;6.553;50.013;300;200E-03;15.160;13.671;0.432;3.21;13:14:37.000
234.09;63.02E-03;6.308;50.007;300;200E-03;14.751;13.335;0.428;3.23;13:14:38.000
234.15;61.46E-03;6.148;50.011;300;200E-03;14.390;13.011;0.427;3.25;13:14:39.000
234.11;59.32E-03;5.862;50.017;300;200E-03;13.888;12.590;0.422;3.22;13:14:40.000
234.09;68.02E-03;6.928;50.016;300;200E-03;15.922;14.336;0.435;3.22;13:14:41.000
234.08;66.60E-03;6.746;50.015;300;200E-03;15.589;14.054;0.433;3.21;13:14:42.000
234.13;62.72E-03;6.289;50.012;300;200E-03;14.685;13.270;0.428;3.22;13:14:43.000
234.11;61.20E-03;6.112;50.018;300;200E-03;14.328;12.959;0.427;3.22;13:14:44.000
234.10;60.68E-03;6.054;50.011;300;200E-03;14.204;12.850;0.426;3.21;13:14:45.000
234.19;66.76E-03;6.807;50.015;300;200E-03;15.634;14.074;0.435;3.20;13:14:46.000
234.14;65.89E-03;6.717;50.018;300;200E-03;15.428;13.889;0.435;3.23;13:14:47.000
234.09;65.79E-03;6.759;50.013;300;200E-03;15.399;13.837;0.439;3.23;13:14:48.000
234.07;63.53E-03;6.334;50.013;300;200E-03;14.872;13.456;0.426;3.21;13:14:49.000
234.07;66.62E-03;6.841;50.012;300;200E-03;15.595;14.014;0.439;3.14;13:14:50.000
234.11;66.53E-03;6.817;50.009;300;200E-03;15.576;14.005;0.438;3.17;13:14:51.000
234.13;64.80E-03;6.528;50.002;300;200E-03;15.171;13.695;0.430;3.14;13:14:52.000
233.93;64.70E-03;6.594;49.998;300;200E-03;15.136;13.624;0.436;3.17;13:14:53.000
234.02;67.09E-03;6.835;49.993;300;200E-03;15.701;14.135;0.435;3.17;13:14:54.000
234.15;65.77E-03;6.691;49.984;300;200E-03;15.399;13.870;0.435;3.18;13:14:55.000
234.09;67.93E-03;6.968;49.987;300;200E-03;15.903;14.295;0.438;3.18;13:14:56.000
233.97;67.50E-03;6.891;49.980;300;200E-03;15.794;14.211;0.436;3.17;13:14:57.000
234.10;67.01E-03;6.750;49.984;300;200E-03;15.687;14.160;0.430;3.08;13:14:58.000
234.00;68.15E-03;6.921;49.980;300;200E-03;15.947;14.367;0.434;3.17;13:14:59.000
234.04;67.28E-03;6.864;49.980;300;200E-03;15.747;14.172;0.436;3.19;13:15:00.000
234.04;67.17E-03;6.831;49.981;300;200E-03;15.720;14.158;0.435;3.16;13:15:01.000
234.11;66.21E-03;6.714;49.983;300;200E-03;15.501;13.971;0.433;3.18;13:15:02.000
234.04;65.60E-03;6.594;49.979;300;200E-03;15.353;13.865;0.429;3.16;13:15:03.000
234.06;67.68E-03;6.950;49.983;300;200E-03;15.840;14.234;0.439;3.16;13:15:04.000
233.98;67.70E-03;6.866;49.982;300;200E-03;15.841;14.275;0.433;3.14;13:15:05.000
234.06;67.90E-03;6.886;49.974;300;200E-03;15.893;14.324;0.433;3.14;13:15:06.000
233.98;63.67E-03;6.315;49.984;300;200E-03;14.897;13.493;0.424;3.15;13:15:07.000
234.17;61.99E-03;6.120;49.984;300;200E-03;14.517;13.164;0.422;3.15;13:15:08.000
234.12;66.92E-03;6.729;49.980;300;200E-03;15.668;14.150;0.429;3.15;13:15:09.000
234.18;66.77E-03;6.762;49.989;300;200E-03;15.637;14.099;0.432;3.06;13:15:10.000
234.23;63.13E-03;6.190;49.989;300;200E-03;14.788;13.430;0.419;3.16;13:15:11.000
234.06;61.96E-03;6.194;49.987;300;200E-03;14.503;13.113;0.427;3.13;13:15:12.000
234.18;68.86E-03;6.899;49.983;300;200E-03;16.126;14.575;0.428;3.14;13:15:13.000
234.11;68.31E-03;6.872;49.979;300;200E-03;15.992;14.440;0.430;3.11;13:15:14.000
234.20;64.75E-03;6.482;49.982;300;200E-03;15.164;13.709;0.427;3.14;13:15:15.000
234.07;63.91E-03;6.330;49.985;300;200E-03;14.959;13.553;0.423;3.13;13:15:16.000
234.21;65.57E-03;6.487;49.977;300;200E-03;15.357;13.920;0.422;3.14;13:15:17.000
234.11;62.84E-03;6.306;49.988;300;200E-03;14.711;13.291;0.429;3.07;13:15:18.000
234.25;64.46E-03;6.474;49.989;300;200E-03;15.099;13.640;0.429;3.08;13:15:19.000
234.24;63.98E-03;6.375;49.989;300;200E-03;14.986;13.562;0.425;3.13;13:15:20.000
234.14;66.78E-03;6.751;49.981;300;200E-03;15.635;14.102;0.432;3.08;13:15:21.000
234.20;65.08E-03;6.538;49.982;300;200E-03;15.243;13.769;0.429;3.14;13:15:22.000
234.08;68.62E-03;6.852;49.984;300;200E-03;16.062;14.527;0.427;3.20;13:15:23.000
234.18;65.67E-03;6.561;49.984;300;200E-03;15.379;13.909;0.427;3.16;13:15:24.000
234.20;66.69E-03;6.791;49.983;300;200E-03;15.618;14.064;0.435;3.17;13:15:25.000
234.31;61.79E-03;6.110;49.982;300;200E-03;14.478;13.125;0.422;3.17;13:15:26.000
234.18;67.80E-03;6.830;49.983;300;200E-03;15.876;14.332;0.430;3.14;13:15:27.000
234.15;65.47E-03;6.554;49.981;300;200E-03;15.330;13.858;0.428;3.14;13:15:28.000
234.11;67.90E-03;6.896;49.980;300;200E-03;15.895;14.322;0.434;3.15;13:15:29.000
234.18;66.81E-03;6.694;49.984;300;200E-03;15.645;14.140;0.428;3.19;13:15:30.000
234.14;62.14E-03;6.097;49.988;300;200E-03;14.549;13.210;0.419;3.16;13:15:31.000
234.02;68.07E-03;6.865;49.988;300;200E-03;15.930;14.375;0.431;3.11;13:15:32.000
234.12;67.28E-03;6.848;49.981;300;200E-03;15.751;14.185;0.435;3.20;13:15:33.000
234.11;67.54E-03;6.888;49.991;300;200E-03;15.812;14.232;0.436;3.18;13:15:34.000
234.22;67.71E-03;6.906;49.992;300;200E-03;15.858;14.275;0.435;3.17;13:15:35.000
234.14;64.26E-03;6.417;49.994;300;200E-03;15.046;13.609;0.427;3.12;13:15:36.000
234.12;67.27E-03;6.807;49.981;300;200E-03;15.750;14.202;0.432;3.19;13:15:37.000
234.07;62.96E-03;6.216;49.991;300;200E-03;14.738;13.363;0.422;3.16;13:15:38.000
234.13;61.08E-03;6.033;49.991;300;200E-03;14.302;12.967;0.422;3.13;13:15:39.000
234.24;68.26E-03;6.901;49.991;300;200E-03;15.989;14.422;0.432;3.15;13:15:40.000
234.10;61.65E-03;6.073;49.989;300;200E-03;14.433;13.093;0.421;3.16;13:15:41.000
234.16;68.30E-03;6.794;49.991;300;200E-03;15.994;14.479;0.425;3.12;13:15:42.000
234.20;66.91E-03;6.659;49.992;300;200E-03;15.670;14.184;0.425;3.13;13:15:43.000
234.18;65.63E-03;6.589;49.992;300;200E-03;15.368;13.884;0.429;3.11;13:15:44.000
234.15;67.14E-03;6.773;49.987;300;200E-03;15.721;14.187;0.431;3.13;13:15:45.000
234.14;61.06E-03;6.059;49.987;300;200E-03;14.297;12.949;0.424;3.15;13:15:46.000
234.14;60.76E-03;5.983;49.991;300;200E-03;14.227;12.908;0.421;3.12;13:15:47.000
234.11;64.60E-03;6.487;49.985;300;200E-03;15.123;13.661;0.429;3.14;13:15:48.000
234.14;67.80E-03;6.838;49.991;300;200E-03;15.873;14.325;0.431;3.15;13:15:49.000
234.17;68.15E-03;6.923;49.988;300;200E-03;15.957;14.377;0.434;3.14;13:15:50.000
234.06;68.21E-03;7.008;49.983;300;200E-03;15.966;14.346;0.439;3.15;13:15:51.000
234.09;64.68E-03;6.559;49.985;300;200E-03;15.140;13.645;0.433;3.15;13:15:52.000
234.19;64.31E-03;6.526;49.991;300;200E-03;15.061;13.573;0.433;3.17;13:15:53.000
233.95;62.54E-03;6.289;49.985;300;200E-03;14.631;13.210;0.430;3.12;13:15:54.000
233.79;63.48E-03;6.370;49.995;300;200E-03;14.841;13.404;0.429;3.14;13:15:55.000
233.87;61.43E-03;6.157;49.995;300;200E-03;14.367;12.981;0.429;3.15;13:15:56.000
233.87;66.95E-03;6.797;49.992;300;200E-03;15.658;14.106;0.434;3.16;13:15:57.000
233.90;66.09E-03;6.673;50.000;300;200E-03;15.458;13.944;0.432;3.16;13:15:58.000
233.91;59.88E-03;6.028;49.998;300;200E-03;14.007;12.644;0.430;3.21;13:15:59.000
234.02;62.83E-03;6.360;49.999;300;200E-03;14.704;13.257;0.433;3.17;13:16:00.000
233.94;65.63E-03;6.678;50.004;300;200E-03;15.353;13.824;0.435;3.21;13:16:01.000
234.02;60.85E-03;6.033;50.002;300;200E-03;14.240;12.899;0.424;3.17;13:16:02.000
233.96;62.58E-03;6.277;50.002;300;200E-03;14.641;13.227;0.429;3.20;13:16:03.000
233.79;60.78E-03;6.040;50.000;300;200E-03;14.209;12.861;0.425;3.20;13:16:04.000
234.00;64.52E-03;6.547;50.000;300;200E-03;15.096;13.603;0.434;3.20;13:16:05.000
233.95;65.88E-03;6.661;49.999;300;200E-03;15.413;13.900;0.432;3.18;13:16:06.000
233.86;66.92E-03;6.793;49.999;300;200E-03;15.651;14.100;0.434;3.21;13:16:07.000
233.85;65.86E-03;6.693;49.999;300;200E-03;15.402;13.872;0.435;3.16;13:16:08.000
233.67;67.06E-03;6.872;49.999;300;200E-03;15.671;14.084;0.439;3.20;13:16:09.000
233.87;67.30E-03;6.872;50.004;300;200E-03;15.739;14.159;0.437;3.17;13:16:10.000
233.85;67.47E-03;6.858;49.999;300;200E-03;15.777;14.208;0.435;3.20;13:16:11.000
233.88;68.21E-03;6.919;50.002;300;200E-03;15.953;14.374;0.434;3.18;13:16:12.000
233.93;61.05E-03;6.062;50.000;300;200E-03;14.281;12.931;0.424;3.20;13:16:13.000
233.81;66.80E-03;6.791;50.002;300;200E-03;15.618;14.064;0.435;3.14;13:16:14.000
233.89;60.74E-03;6.043;50.000;300;200E-03;14.206;12.857;0.425;3.16;13:16:15.000
233.91;66.97E-03;6.839;50.001;300;200E-03;15.664;14.092;0.437;3.18;13:16:16.000
233.91;67.18E-03;6.809;49.994;300;200E-03;15.714;14.161;0.433;3.18;13:16:17.000
233.86;60.70E-03;5.986;49.997;300;200E-03;14.195;12.871;0.422;3.16;13:16:18.000
233.90;64.24E-03;6.437;49.990;300;200E-03;15.026;13.578;0.428;3.17;13:16:19.000
233.92;63.92E-03;6.408;49.992;300;200E-03;14.952;13.509;0.429;3.19;13:16:20.000
233.85;57.48E-03;5.578;49.987;300;200E-03;13.442;12.230;0.415;3.17;13:16:21.000
233.86;65.65E-03;6.597;49.991;300;200E-03;15.352;13.863;0.430;3.09;13:16:22.000
233.93;68.75E-03;6.952;49.983;300;200E-03;16.082;14.502;0.432;3.19;13:16:23.000
233.87;62.64E-03;6.188;49.989;300;200E-03;14.650;13.279;0.422;3.15;13:16:24.000
233.84;61.83E-03;6.031;49.987;300;200E-03;14.457;13.140;0.417;3.15;13:16:25.000
233.93;67.45E-03;6.889;49.989;300;200E-03;15.778;14.194;0.437;3.14;13:16:26.000
233.82;67.53E-03;6.798;49.983;300;200E-03;15.789;14.251;0.431;3.19;13:16:27.000
233.87;67.44E-03;6.862;49.994;300;200E-03;15.771;14.200;0.435;3.15;13:16:28.000
233.89;67.59E-03;6.876;49.999;300;200E-03;15.808;14.235;0.435;3.11;13:16:29.000
233.92;60.86E-03;5.999;49.999;300;200E-03;14.236;12.910;0.421;3.10;13:16:30.000
234.04;61.73E-03;6.087;49.994;300;200E-03;14.447;13.103;0.421;3.15;13:16:31.000
234.10;68.89E-03;6.957;50.000;300;200E-03;16.127;14.549;0.431;3.10;13:16:32.000
234.00;68.23E-03;6.867;49.999;300;200E-03;15.965;14.412;0.430;3.15;13:16:33.000
233.99;64.79E-03;6.557;49.999;300;200E-03;15.161;13.669;0.432;3.20;13:16:34.000
233.99;62.14E-03;6.139;50.004;300;200E-03;14.540;13.181;0.422;3.16;13:16:35.000
234.10;65.06E-03;6.429;50.000;300;200E-03;15.231;13.808;0.422;3.20;13:16:36.000
233.99;63.82E-03;6.279;49.999;300;200E-03;14.933;13.549;0.420;3.24;13:16:37.000
233.97;69.69E-03;7.081;50.000;300;200E-03;16.306;14.688;0.434;3.16;13:16:38.000
233.96;65.53E-03;6.541;49.996;300;200E-03;15.331;13.866;0.427;3.17;13:16:39.000
234.06;65.91E-03;6.674;50.004;300;200E-03;15.427;13.908;0.433;3.16;13:16:40.000
233.95;63.97E-03;6.363;50.004;300;200E-03;14.966;13.546;0.425;3.15;13:16:41.000
233.97;69.01E-03;6.982;50.003;300;200E-03;16.146;14.559;0.432;3.16;13:16:42.000
234.02;61.27E-03;6.036;50.001;300;200E-03;14.340;13.008;0.421;3.14;13:16:43.000
234.05;66.46E-03;6.743;50.004;300;200E-03;15.555;14.017;0.434;3.09;13:16:44.000
234.02;61.63E-03;6.087;49.996;300;200E-03;14.422;13.075;0.422;3.14;13:16:45.000
234.18;68.64E-03;6.925;50.000;300;200E-03;16.073;14.505;0.431;3.12;13:16:46.000
234.22;68.59E-03;6.917;50.007;300;200E-03;16.065;14.500;0.431;3.08;13:16:47.000
234.18;68.66E-03;6.929;49.993;300;200E-03;16.079;14.509;0.431;3.12;13:16:48.000
234.21;62.62E-03;6.065;49.999;300;200E-03;14.667;13.354;0.414;3.13;13:16:49.000
234.31;68.32E-03;6.888;49.997;300;200E-03;16.008;14.451;0.430;3.15;13:16:50.000
234.09;68.38E-03;6.861;49.995;300;200E-03;16.008;14.463;0.429;3.10;13:16:51.000
234.07;64.70E-03;6.431;49.992;300;200E-03;15.144;13.711;0.425;3.16;13:16:52.000
234.18;69.25E-03;6.901;50.000;300;200E-03;16.218;14.676;0.425;3.18;13:16:53.000
233.96;68.18E-03;6.815;49.997;300;200E-03;15.953;14.424;0.427;3.16;13:16:54.000
234.11;67.96E-03;6.848;49.994;300;200E-03;15.910;14.361;0.430;3.22;13:16:55.000
234.16;69.56E-03;6.947;49.997;300;200E-03;16.287;14.731;0.427;3.21;13:16:56.000
234.12;59.36E-03;5.748;49.998;300;200E-03;13.898;12.653;0.414;3.14;13:16:57.000
234.06;64.27E-03;6.332;50.000;300;200E-03;15.042;13.644;0.421;3.18;13:16:58.000
234.04;68.64E-03;6.915;49.996;300;200E-03;16.064;14.499;0.430;3.18;13:16:59.000
233.80;65.94E-03;6.520;49.996;300;200E-03;15.416;13.970;0.423;3.13;13:17:00.000
233.74;68.22E-03;6.851;49.990;300;200E-03;15.945;14.398;0.430;3.21;13:17:01.000
233.72;68.31E-03;6.864;50.000;300;200E-03;15.966;14.415;0.430;3.18;13:17:02.000
233.77;63.19E-03;6.166;49.997;300;200E-03;14.772;13.423;0.417;3.12;13:17:03.000
233.69;65.30E-03;6.423;49.992;300;200E-03;15.259;13.841;0.421;3.22;13:17:04.000
233.71;62.19E-03;6.106;49.997;300;200E-03;14.535;13.191;0.420;3.17;13:17:05.000
233.94;63.14E-03;6.167;49.987;300;200E-03;14.771;13.422;0.418;3.16;13:17:06.000
233.84;63.08E-03;6.189;49.997;300;200E-03;14.751;13.390;0.420;3.20;13:17:07.000
233.86;62.78E-03;6.176;49.987;300;200E-03;14.682;13.320;0.421;3.17;13:17:08.000
233.97;68.79E-03;6.917;49.994;300;200E-03;16.095;14.533;0.430;3.16;13:17:09.000
233.88;63.91E-03;6.304;49.985;300;200E-03;14.948;13.553;0.422;3.16;13:17:10.000
234.04;66.48E-03;6.585;49.992;300;200E-03;15.560;14.097;0.423;3.14;13:17:11.000
233.90;65.74E-03;6.530;49.992;300;200E-03;15.376;13.920;0.425;3.16;13:17:12.000
233.97;61.96E-03;6.061;49.994;300;200E-03;14.497;13.169;0.418;3.19;13:17:13.000
234.06;61.97E-03;6.063;49.998;300;200E-03;14.504;13.176;0.418;3.15;13:17:14.000
234.03;61.36E-03;6.003;49.985;300;200E-03;14.361;13.046;0.418;3.18;13:17:15.000
234.08;61.75E-03;6.026;49.995;300;200E-03;14.454;13.138;0.417;3.14;13:17:16.000
234.05;62.07E-03;6.068;49.993;300;200E-03;14.528;13.200;0.418;3.21;13:17:17.000
234.21;61.86E-03;6.030;49.994;300;200E-03;14.489;13.175;0.416;3.18;13:17:18.000
234.15;61.62E-03;6.009;49.996;300;200E-03;14.428;13.117;0.416;3.21;13:17:19.000
234.24;63.04E-03;6.225;50.005;300;200E-03;14.767;13.391;0.422;3.15;13:17:20.000
234.19;63.50E-03;6.187;50.000;300;200E-03;14.871;13.523;0.416;3.15;13:17:21.000
234.18;65.99E-03;6.371;50.002;300;200E-03;15.455;14.080;0.412;3.11;13:17:22.000
234.23;68.93E-03;6.865;50.004;300;200E-03;16.144;14.612;0.425;3.12;13:17:23.000
234.13;61.66E-03;5.938;50.004;300;200E-03;14.436;13.158;0.411;3.12;13:17:24.000
234.16;65.25E-03;6.350;50.004;300;200E-03;15.279;13.897;0.416;3.12;13:17:25.000
234.19;65.20E-03;6.416;50.000;300;200E-03;15.270;13.856;0.420;3.10;13:17:26.000
234.43;68.41E-03;6.800;50.003;300;200E-03;16.038;14.525;0.424;3.11;13:17:27.000
234.38;69.58E-03;6.896;50.000;300;200E-03;16.309;14.779;0.423;3.13;13:17:28.000
234.35;68.96E-03;6.886;49.997;300;200E-03;16.162;14.622;0.426;3.12;13:17:29.000
234.35;64.33E-03;6.350;49.999;300;200E-03;15.075;13.672;0.421;3.10;13:17:30.000
234.41;69.18E-03;6.899;49.998;300;200E-03;16.216;14.675;0.425;3.14;13:17:31.000
234.32;67.02E-03;6.609;49.998;300;200E-03;15.704;14.246;0.421;3.11;13:17:32.000
234.31;69.34E-03;6.862;50.003;300;200E-03;16.246;14.726;0.422;3.12;13:17:33.000
234.38;65.43E-03;6.498;50.001;300;200E-03;15.336;13.891;0.424;3.13;13:17:34.000
234.35;68.61E-03;6.870;50.002;300;200E-03;16.079;14.538;0.427;3.12;13:17:35.000
234.29;65.66E-03;6.468;50.002;300;200E-03;15.384;13.958;0.420;3.11;13:17:36.000
234.31;60.43E-03;5.898;50.006;300;200E-03;14.159;12.873;0.417;3.11;13:17:37.000
234.37;65.90E-03;6.439;50.004;300;200E-03;15.446;14.040;0.417;3.12;13:17:38.000
234.33;65.11E-03;6.440;50.005;300;200E-03;15.258;13.832;0.422;3.12;13:17:39.000
234.38;65.07E-03;6.442;50.002;300;200E-03;15.251;13.824;0.422;3.11;13:17:40.000
234.39;66.61E-03;6.580;50.008;300;200E-03;15.613;14.158;0.421;3.11;13:17:41.000
234.28;63.83E-03;6.294;50.007;300;200E-03;14.953;13.564;0.421;3.11;13:17:42.000
234.25;62.70E-03;6.112;50.011;300;200E-03;14.687;13.355;0.416;3.15;13:17:43.000
234.28;70.87E-03;7.154;50.007;300;200E-03;16.603;14.983;0.431;3.13;13:17:44.000
234.26;73.67E-03;7.430;50.008;300;200E-03;17.258;15.577;0.431;3.12;13:17:45.000
234.23;65.23E-03;6.437;50.009;300;200E-03;15.280;13.857;0.421;3.17;13:17:46.000
234.15;65.29E-03;6.442;50.013;300;200E-03;15.287;13.864;0.421;3.17;13:17:47.000
234.26;65.88E-03;6.563;50.014;300;200E-03;15.434;13.969;0.425;3.16;13:17:48.000
234.32;63.26E-03;6.145;50.014;300;200E-03;14.822;13.488;0.415;3.19;13:17:49.000
234.26;62.78E-03;6.143;50.015;300;200E-03;14.708;13.363;0.418;3.16;13:17:50.000
234.29;62.75E-03;6.038;50.019;300;200E-03;14.701;13.404;0.411;3.18;13:17:51.000
234.24;66.06E-03;6.572;50.016;300;200E-03;15.473;14.008;0.425;3.14;13:17:52.000
234.09;63.93E-03;6.318;50.014;300;200E-03;14.965;13.566;0.422;3.14;13:17:53.000
234.12;66.94E-03;6.645;50.012;300;200E-03;15.673;14.195;0.424;3.13;13:17:54.000
234.11;62.16E-03;6.128;50.005;300;200E-03;14.551;13.198;0.421;3.16;13:17:55.000
234.13;65.50E-03;6.531;50.007;300;200E-03;15.336;13.876;0.426;3.12;13:17:56.000
234.13;68.12E-03;6.857;50.009;300;200E-03;15.949;14.400;0.430;3.13;13:17:57.000
234.11;67.88E-03;6.803;50.001;300;200E-03;15.892;14.362;0.428;3.13;13:17:58.000
234.12;65.32E-03;6.513;50.005;300;200E-03;15.292;13.836;0.426;3.17;13:17:59.000
234.21;63.01E-03;6.224;50.005;300;200E-03;14.758;13.381;0.422;3.13;13:18:00.000
234.16;68.15E-03;6.865;50.007;300;200E-03;15.958;14.407;0.430;3.13;13:18:01.000
234.15;64.84E-03;6.451;49.999;300;200E-03;15.182;13.743;0.425;3.12;13:18:02.000
234.26;61.53E-03;6.023;50.003;300;200E-03;14.413;13.094;0.418;3.06;13:18:03.000
234.24;67.47E-03;6.688;50.003;300;200E-03;15.805;14.320;0.423;3.12;13:18:04.000
234.15;67.85E-03;6.789;50.000;300;200E-03;15.888;14.364;0.427;3.12;13:18:05.000
234.27;68.38E-03;6.874;49.998;300;200E-03;16.019;14.468;0.429;3.13;13:18:06.000
234.26;68.11E-03;6.856;49.994;300;200E-03;15.955;14.407;0.430;3.14;13:18:07.000
234.16;67.41E-03;6.672;49.998;300;200E-03;15.784;14.305;0.423;3.12;13:18:08.000
234.32;62.84E-03;6.157;49.995;300;200E-03;14.724;13.374;0.418;3.12;13:18:09.000
234.30;65.75E-03;6.493;49.990;300;200E-03;15.404;13.969;0.422;3.13;13:18:10.000
234.30;69.00E-03;6.890;49.991;300;200E-03;16.167;14.626;0.426;3.13;13:18:11.000
234.13;63.15E-03;6.164;49.994;300;200E-03;14.786;13.440;0.417;3.12;13:18:12.000
234.10;65.21E-03;6.462;49.994;300;200E-03;15.266;13.831;0.423;3.13;13:18:13.000
234.28;67.89E-03;6.833;49.988;300;200E-03;15.905;14.362;0.430;3.12;13:18:14.000
234.17;62.51E-03;6.117;49.995;300;200E-03;14.638;13.298;0.418;3.16;13:18:15.000
234.25;61.12E-03;6.049;49.997;300;200E-03;14.317;12.977;0.422;3.15;13:18:16.000
234.25;68.43E-03;6.961;49.992;300;200E-03;16.031;14.440;0.434;3.13;13:18:17.000
234.22;68.81E-03;6.914;49.995;300;200E-03;16.118;14.560;0.429;3.14;13:18:18.000
234.10;68.11E-03;6.847;49.993;300;200E-03;15.945;14.400;0.429;3.15;13:18:19.000
234.16;65.11E-03;6.370;49.997;300;200E-03;15.246;13.852;0.418;3.11;13:18:20.000
234.07;62.12E-03;6.079;49.997;300;200E-03;14.541;13.209;0.418;3.10;13:18:21.000
234.13;64.08E-03;6.351;49.997;300;200E-03;15.002;13.592;0.423;3.11;13:18:22.000
234.20;62.47E-03;6.104;49.998;300;200E-03;14.631;13.297;0.417;3.11;13:18:23.000
234.17;68.03E-03;6.823;50.000;300;200E-03;15.931;14.396;0.428;3.12;13:18:24.000
234.14;67.16E-03;6.739;50.000;300;200E-03;15.725;14.208;0.429;3.13;13:18:25.000
234.05;63.41E-03;6.253;50.003;300;200E-03;14.841;13.460;0.421;3.14;13:18:26.000
234.04;66.31E-03;6.653;50.001;300;200E-03;15.520;14.021;0.429;3.14;13:18:27.000
234.14;61.21E-03;6.001;50.006;300;200E-03;14.331;13.014;0.419;3.10;13:18:28.000
234.16;66.72E-03;6.632;50.001;300;200E-03;15.623;14.146;0.424;3.14;13:18:29.000
234.01;65.65E-03;6.556;50.006;300;200E-03;15.362;13.893;0.427;3.14;13:18:30.000
234.01;62.16E-03;6.118;50.007;300;200E-03;14.545;13.196;0.421;3.09;13:18:31.000
234.12;63.46E-03;6.277;50.004;300;200E-03;14.858;13.468;0.422;3.10;13:18:32.000
234.19;64.94E-03;6.482;50.004;300;200E-03;15.208;13.757;0.426;3.13;13:18:33.000
234.27;64.65E-03;6.442;50.006;300;200E-03;15.146;13.707;0.425;3.14;13:18:34.000
234.13;66.16E-03;6.665;50.008;300;200E-03;15.489;13.982;0.430;3.11;13:18:35.000
234.23;67.76E-03;6.707;50.007;300;200E-03;15.872;14.385;0.423;3.13;13:18:36.000
234.24;70.27E-03;7.120;50.010;300;200E-03;16.460;14.841;0.433;3.12;13:18:37.000
234.25;67.82E-03;6.851;50.011;300;200E-03;15.887;14.334;0.431;3.14;13:18:38.000
234.14;61.57E-03;6.037;50.009;300;200E-03;14.417;13.092;0.419;3.11;13:18:39.000
234.27;60.22E-03;5.951;50.006;300;200E-03;14.107;12.790;0.422;3.13;13:18:40.000
234.28;67.00E-03;6.857;50.009;300;200E-03;15.696;14.119;0.437;3.16;13:18:41.000
234.23;68.70E-03;6.895;50.013;300;200E-03;16.092;14.540;0.428;3.19;13:18:42.000
234.26;62.31E-03;6.087;50.008;300;200E-03;14.596;13.267;0.417;3.19;13:18:43.000
234.23;66.81E-03;6.634;50.012;300;200E-03;15.648;14.173;0.424;3.19;13:18:44.000
234.24;68.74E-03;6.904;50.001;300;200E-03;16.101;14.546;0.429;3.18;13:18:45.000
234.13;68.22E-03;6.883;50.002;300;200E-03;15.973;14.414;0.431;3.17;13:18:46.000
234.07;64.55E-03;6.424;50.003;300;200E-03;15.108;13.674;0.425;3.17;13:18:47.000
233.94;67.64E-03;6.855;50.001;300;200E-03;15.824;14.262;0.433;3.11;13:18:48.000
234.06;68.37E-03;6.928;49.996;300;200E-03;16.002;14.424;0.433;3.13;13:18:49.000
234.21;63.17E-03;6.255;49.999;300;200E-03;14.796;13.409;0.423;3.13;13:18:50.000
234.14;57.46E-03;5.572;49.993;300;200E-03;13.454;12.246;0.414;3.11;13:18:51.000
234.07;59.30E-03;5.737;49.994;300;200E-03;13.881;12.641;0.413;3.13;13:18:52.000
234.24;61.22E-03;6.045;49.993;300;200E-03;14.340;13.003;0.422;3.11;13:18:53.000
234.28;67.73E-03;6.896;49.991;300;200E-03;15.867;14.290;0.435;3.11;13:18:54.000
234.35;68.88E-03;6.947;49.992;300;200E-03;16.141;14.570;0.430;3.12;13:18:55.000
234.22;64.09E-03;6.356;49.991;300;200E-03;15.011;13.599;0.423;3.10;13:18:56.000
234.25;67.97E-03;6.884;49.988;300;200E-03;15.921;14.356;0.432;3.10;13:18:57.000
234.34;66.82E-03;6.700;49.990;300;200E-03;15.658;14.152;0.428;3.09;13:18:58.000
234.18;67.97E-03;6.883;49.990;300;200E-03;15.918;14.353;0.432;3.11;13:18:59.000
234.37;68.82E-03;6.871;49.988;300;200E-03;16.128;14.591;0.426;3.08;13:19:00.000
234.16;67.45E-03;6.835;49.986;300;200E-03;15.795;14.239;0.433;3.10;13:19:01.000
234.25;65.19E-03;6.535;49.983;300;200E-03;15.272;13.803;0.428;3.07;13:19:02.000
234.25;62.21E-03;6.063;49.984;300;200E-03;14.573;13.252;0.416;3.12;13:19:03.000
234.10;65.10E-03;6.483;49.990;300;200E-03;15.240;13.792;0.425;3.12;13:19:04.000
234.23;61.73E-03;6.101;49.987;300;200E-03;14.458;13.108;0.422;3.14;13:19:05.000
234.25;67.82E-03;6.772;49.994;300;200E-03;15.887;14.371;0.426;3.12;13:19:06.000
233.94;68.18E-03;6.862;49.987;300;200E-03;15.949;14.398;0.430;3.08;13:19:07.000
234.27;61.17E-03;6.055;49.992;300;200E-03;14.331;12.989;0.423;3.13;13:19:08.000
234.25;68.49E-03;6.905;49.991;300;200E-03;16.044;14.482;0.430;3.15;13:19:09.000
234.09;68.14E-03;6.785;49.995;300;200E-03;15.950;14.435;0.425;3.14;13:19:10.000
234.20;67.39E-03;6.841;49.998;300;200E-03;15.783;14.223;0.433;3.21;13:19:11.000
234.21;64.57E-03;6.414;49.989;300;200E-03;15.122;13.695;0.424;3.16;13:19:12.000
234.25;65.62E-03;6.545;50.004;300;200E-03;15.373;13.910;0.426;3.18;13:19:13.000
234.46;61.67E-03;6.133;50.004;300;200E-03;14.460;13.095;0.424;3.16;13:19:14.000
234.27;67.87E-03;6.869;49.999;300;200E-03;15.899;14.339;0.432;3.14;13:19:15.000
234.26;61.28E-03;6.065;50.007;300;200E-03;14.356;13.011;0.422;3.14;13:19:16.000
234.39;66.10E-03;6.626;50.003;300;200E-03;15.494;14.006;0.428;3.15;13:19:17.000
234.23;62.21E-03;6.188;50.010;300;200E-03;14.571;13.192;0.425;3.15;13:19:18.000
234.39;64.21E-03;6.308;50.009;300;200E-03;15.051;13.665;0.419;3.17;13:19:19.000
234.32;71.55E-03;7.336;50.013;300;200E-03;16.766;15.076;0.438;3.14;13:19:20.000
234.28;60.90E-03;5.985;50.011;300;200E-03;14.267;12.951;0.420;3.12;13:19:21.000
234.39;62.58E-03;6.186;50.003;300;200E-03;14.667;13.299;0.422;3.13;13:19:22.000
234.16;67.86E-03;6.876;50.004;300;200E-03;15.891;14.326;0.433;3.15;13:19:23.000
234.26;61.61E-03;6.056;50.002;300;200E-03;14.433;13.101;0.420;3.14;13:19:24.000
234.18;64.19E-03;6.341;50.006;300;200E-03;15.031;13.628;0.422;3.20;13:19:25.000
234.04;65.57E-03;6.505;50.003;300;200E-03;15.345;13.898;0.424;3.18;13:19:26.000
234.22;62.17E-03;6.116;50.003;300;200E-03;14.561;13.214;0.420;3.16;13:19:27.000
234.15;63.75E-03;6.273;50.005;300;200E-03;14.927;13.545;0.420;3.16;13:19:28.000
233.89;64.82E-03;6.482;50.003;300;200E-03;15.161;13.706;0.428;3.12;13:19:29.000
233.95;65.83E-03;6.601;50.002;300;200E-03;15.401;13.915;0.429;3.11;13:19:30.000
233.92;61.72E-03;6.072;50.000;300;200E-03;14.436;13.097;0.421;3.15;13:19:31.000
234.06;61.43E-03;5.991;50.000;300;200E-03;14.380;13.072;0.417;3.15;13:19:32.000
234.02;61.23E-03;6.045;50.007;300;200E-03;14.328;12.991;0.422;3.12;13:19:33.000
233.93;62.76E-03;6.186;50.001;300;200E-03;14.682;13.315;0.421;3.13;13:19:34.000
234.03;62.32E-03;6.085;50.000;300;200E-03;14.585;13.255;0.417;3.16;13:19:35.000
233.85;68.55E-03;6.891;50.003;300;200E-03;16.030;14.474;0.430;3.16;13:19:36.000
234.03;68.26E-03;6.881;50.002;300;200E-03;15.976;14.418;0.431;3.16;13:19:37.000
233.97;65.06E-03;6.418;50.006;300;200E-03;15.222;13.803;0.422;3.13;13:19:38.000
234.14;68.67E-03;6.889;50.002;300;200E-03;16.078;14.527;0.429;3.17;13:19:39.000
234.09;69.13E-03;6.935;50.005;300;200E-03;16.182;14.621;0.429;3.13;13:19:40.000
234.03;68.44E-03;6.859;50.003;300;200E-03;16.016;14.473;0.428;3.18;13:19:41.000
234.04;67.63E-03;6.749;50.006;300;200E-03;15.828;14.317;0.426;3.17;13:19:42.000
233.89;68.95E-03;6.919;50.001;300;200E-03;16.128;14.568;0.429;3.18;13:19:43.000
233.98;62.70E-03;6.080;50.007;300;200E-03;14.671;13.352;0.414;3.11;13:19:44.000
233.84;65.61E-03;6.397;50.010;300;200E-03;15.342;13.945;0.417;3.11;13:19:45.000
233.94;64.81E-03;6.310;50.006;300;200E-03;15.161;13.785;0.416;3.10;13:19:46.000
233.90;62.21E-03;6.037;50.004;300;200E-03;14.552;13.240;0.415;3.13;13:19:47.000
233.94;66.71E-03;6.662;50.001;300;200E-03;15.606;14.112;0.427;3.18;13:19:48.000
234.02;69.27E-03;6.900;50.000;300;200E-03;16.209;14.668;0.426;3.18;13:19:49.000
233.88;65.44E-03;6.441;49.997;300;200E-03;15.304;13.883;0.421;3.18;13:19:50.000
234.09;62.47E-03;6.075;50.003;300;200E-03;14.622;13.301;0.415;3.15;13:19:51.000
233.82;61.54E-03;6.013;50.002;300;200E-03;14.389;13.072;0.418;3.13;13:19:52.000
233.87;62.78E-03;6.073;50.007;300;200E-03;14.682;13.367;0.414;3.17;13:19:53.000
233.93;61.83E-03;6.046;50.004;300;200E-03;14.464;13.139;0.418;3.14;13:19:54.000
233.88;62.24E-03;6.063;50.005;300;200E-03;14.558;13.235;0.416;3.17;13:19:55.000
233.99;65.15E-03;6.441;50.010;300;200E-03;15.245;13.817;0.423;3.18;13:19:56.000
233.92;61.61E-03;6.058;50.012;300;200E-03;14.412;13.077;0.420;3.14;13:19:57.000
234.01;61.93E-03;6.103;50.018;300;200E-03;14.491;13.143;0.421;3.16;13:19:58.000
234.09;68.18E-03;6.869;50.017;300;200E-03;15.961;14.407;0.430;3.15;13:19:59.000
233.96;65.79E-03;6.495;50.011;300;200E-03;15.392;13.955;0.422;3.15;13:20:00.000
233.82;68.72E-03;6.839;50.013;300;200E-03;16.068;14.540;0.426;3.18;13:20:01.000
234.15;68.84E-03;6.890;50.015;300;200E-03;16.119;14.572;0.427;3.16;13:20:02.000
233.90;68.51E-03;6.880;50.015;300;200E-03;16.025;14.473;0.429;3.15;13:20:03.000
234.11;63.72E-03;6.329;50.015;300;200E-03;14.919;13.510;0.424;3.17;13:20:04.000
234.15;65.04E-03;6.390;50.013;300;200E-03;15.228;13.823;0.420;3.15;13:20:05.000
233.96;68.89E-03;6.833;50.014;300;200E-03;16.117;14.597;0.424;3.13;13:20:06.000
233.86;66.34E-03;6.546;50.007;300;200E-03;15.515;14.066;0.422;3.13;13:20:07.000
233.89;72.23E-03;7.117;50.011;300;200E-03;16.893;15.320;0.421;3.14;13:20:08.000
234.06;64.73E-03;6.367;50.008;300;200E-03;15.151;13.748;0.420;3.19;13:20:09.000
234.27;61.59E-03;5.956;50.009;300;200E-03;14.429;13.142;0.413;3.14;13:20:10.000
234.18;69.92E-03;6.927;50.003;300;200E-03;16.375;14.838;0.423;3.15;13:20:11.000
234.12;66.64E-03;6.586;50.005;300;200E-03;15.601;14.142;0.422;3.12;13:20:12.000
234.04;68.18E-03;6.786;50.009;300;200E-03;15.957;14.442;0.425;3.15;13:20:13.000
234.12;63.40E-03;6.228;50.002;300;200E-03;14.842;13.473;0.420;3.13;13:20:14.000
234.14;62.26E-03;6.091;50.005;300;200E-03;14.578;13.244;0.418;3.16;13:20:15.000
234.08;66.18E-03;6.475;50.002;300;200E-03;15.491;14.073;0.418;3.15;13:20:16.000
234.17;69.21E-03;6.907;50.006;300;200E-03;16.207;14.662;0.426;3.15;13:20:17.000
234.12;65.75E-03;6.438;50.000;300;200E-03;15.393;13.982;0.418;3.13;13:20:18.000
234.14;63.00E-03;6.199;49.994;300;200E-03;14.751;13.385;0.420;3.17;13:20:19.000
233.99;65.03E-03;6.402;49.998;300;200E-03;15.216;13.804;0.421;3.16;13:20:20.000
233.97;62.74E-03;6.127;49.991;300;200E-03;14.679;13.340;0.417;3.16;13:20:21.000
234.05;61.76E-03;6.044;49.997;300;200E-03;14.454;13.130;0.418;3.16;13:20:22.000
234.14;63.76E-03;6.310;49.992;300;200E-03;14.928;13.529;0.423;3.17;13:20:23.000
234.11;66.90E-03;6.646;49.995;300;200E-03;15.661;14.181;0.424;3.17;13:20:24.000
234.02;67.80E-03;6.847;49.991;300;200E-03;15.867;14.314;0.432;3.19;13:20:25.000
234.12;68.18E-03;6.915;49.998;300;200E-03;15.962;14.386;0.433;3.17;13:20:26.000
234.08;61.65E-03;6.081;49.994;300;200E-03;14.432;13.088;0.421;3.16;13:20:27.000
234.01;68.83E-03;6.905;49.999;300;200E-03;16.107;14.551;0.429;3.16;13:20:28.000
234.10;68.19E-03;6.904;49.999;300;200E-03;15.963;14.393;0.433;3.16;13:20:29.000
233.97;62.00E-03;6.115;50.003;300;200E-03;14.506;13.154;0.422;3.19;13:20:30.000
233.90;68.26E-03;6.824;49.998;300;200E-03;15.966;14.434;0.427;3.20;13:20:31.000
233.93;67.40E-03;6.787;50.004;300;200E-03;15.766;14.231;0.430;3.20;13:20:32.000
233.82;61.60E-03;6.069;49.998;300;200E-03;14.404;13.063;0.421;3.18;13:20:33.000
233.81;66.14E-03;6.588;50.000;300;200E-03;15.464;13.990;0.426;3.17;13:20:34.000
233.76;62.69E-03;6.244;50.005;300;200E-03;14.655;13.258;0.426;3.19;13:20:35.000
233.90;66.02E-03;6.593;50.006;300;200E-03;15.441;13.963;0.427;3.17;13:20:36.000
233.93;70.40E-03;7.127;50.002;300;200E-03;16.468;14.846;0.433;3.16;13:20:37.000
233.94;63.58E-03;6.345;50.011;300;200E-03;14.873;13.452;0.427;3.18;13:20:38.000
233.98;61.62E-03;6.107;50.012;300;200E-03;14.417;13.060;0.424;3.18;13:20:39.000
233.97;65.28E-03;6.544;50.010;300;200E-03;15.274;13.801;0.428;3.19;13:20:40.000
233.92;62.19E-03;6.150;50.013;300;200E-03;14.547;13.183;0.423;3.22;13:20:41.000
233.83;64.12E-03;6.346;50.012;300;200E-03;14.993;13.584;0.423;3.20;13:20:42.000
233.97;65.00E-03;6.497;50.018;300;200E-03;15.208;13.750;0.427;3.21;13:20:43.000
233.93;61.44E-03;6.082;50.016;300;200E-03;14.372;13.022;0.423;3.21;13:20:44.000
233.97;61.53E-03;6.070;50.022;300;200E-03;14.397;13.054;0.422;3.21;13:20:45.000
234.00;62.93E-03;6.223;50.012;300;200E-03;14.726;13.347;0.423;3.20;13:20:46.000
233.95;68.04E-03;6.823;50.021;300;200E-03;15.917;14.381;0.429;3.21;13:20:47.000
233.87;68.71E-03;6.843;50.014;300;200E-03;16.070;14.540;0.426;3.23;13:20:48.000
234.03;59.24E-03;5.688;50.015;300;200E-03;13.864;12.643;0.410;3.23;13:20:49.000
234.00;60.95E-03;5.925;50.012;300;200E-03;14.262;12.973;0.415;3.22;13:20:50.000
234.01;68.05E-03;6.895;50.014;300;200E-03;15.925;14.355;0.433;3.25;13:20:51.000
234.12;63.72E-03;6.313;50.011;300;200E-03;14.919;13.517;0.423;3.21;13:20:52.000
234.21;62.89E-03;6.130;50.008;300;200E-03;14.730;13.394;0.416;3.21;13:20:53.000
234.14;68.82E-03;6.903;50.007;300;200E-03;16.113;14.560;0.428;3.17;13:20:54.000
234.15;67.49E-03;6.827;50.013;300;200E-03;15.803;14.252;0.432;3.18;13:20:55.000
234.15;67.97E-03;6.866;50.004;300;200E-03;15.915;14.358;0.431;3.19;13:20:56.000
234.19;64.74E-03;6.426;50.005;300;200E-03;15.161;13.732;0.424;3.17;13:20:57.000
234.21;64.72E-03;6.424;50.001;300;200E-03;15.158;13.729;0.424;3.17;13:20:58.000
234.12;63.97E-03;6.362;49.998;300;200E-03;14.977;13.558;0.425;3.16;13:20:59.000
234.20;67.83E-03;6.798;50.000;300;200E-03;15.887;14.359;0.428;3.19;13:21:00.000
233.99;65.63E-03;6.463;49.999;300;200E-03;15.357;13.930;0.421;3.19;13:21:01.000
234.21;68.38E-03;6.905;49.999;300;200E-03;16.015;14.451;0.431;3.19;13:21:02.000
233.94;61.53E-03;6.065;49.993;300;200E-03;14.394;13.053;0.421;3.21;13:21:03.000
234.05;61.85E-03;6.060;49.996;300;200E-03;14.476;13.147;0.419;3.22;13:21:04.000
234.14;61.83E-03;6.062;49.995;300;200E-03;14.477;13.147;0.419;3.23;13:21:05.000
233.97;66.78E-03;6.733;50.001;300;200E-03;15.624;14.099;0.431;3.24;13:21:06.000
234.18;67.66E-03;6.820;50.002;300;200E-03;15.844;14.301;0.430;3.24;13:21:07.000
234.15;63.15E-03;6.258;50.001;300;200E-03;14.786;13.397;0.423;3.21;13:21:08.000
234.09;68.12E-03;6.932;50.006;300;200E-03;15.947;14.362;0.435;3.19;13:21:09.000
233.96;68.22E-03;6.859;50.011;300;200E-03;15.960;14.412;0.430;3.20;13:21:10.000
234.07;68.06E-03;6.865;50.010;300;200E-03;15.930;14.375;0.431;3.20;13:21:11.000
234.17;68.85E-03;6.909;50.010;300;200E-03;16.123;14.568;0.429;3.21;13:21:12.000
234.16;61.12E-03;5.964;50.010;300;200E-03;14.313;13.011;0.417;3.21;13:21:13.000
234.01;57.91E-03;5.637;50.014;300;200E-03;13.551;12.323;0.416;3.21;13:21:14.000
234.06;67.39E-03;6.715;50.018;300;200E-03;15.774;14.274;0.426;3.24;13:21:15.000
234.10;65.90E-03;6.619;50.020;300;200E-03;15.428;13.935;0.429;3.20;13:21:16.000
234.01;69.19E-03;6.909;50.025;300;200E-03;16.191;14.643;0.427;3.15;13:21:17.000
234.27;68.19E-03;6.784;50.020;300;200E-03;15.974;14.462;0.425;3.15;13:21:18.000
233.99;68.27E-03;6.795;50.027;300;200E-03;15.974;14.457;0.425;3.20;13:21:19.000
234.19;62.23E-03;6.092;50.025;300;200E-03;14.575;13.241;0.418;3.18;13:21:20.000
234.23;62.37E-03;6.123;50.022;300;200E-03;14.610;13.265;0.419;3.19;13:21:21.000
234.34;67.58E-03;6.715;50.023;300;200E-03;15.836;14.342;0.424;3.25;13:21:22.000
234.32;68.37E-03;6.803;50.017;300;200E-03;16.022;14.506;0.425;3.21;13:21:23.000
234.32;67.51E-03;6.704;50.018;300;200E-03;15.819;14.328;0.424;3.21;13:21:24.000
234.17;66.13E-03;6.451;50.019;300;200E-03;15.486;14.078;0.417;3.21;13:21:25.000
234.15;64.30E-03;6.319;50.019;300;200E-03;15.056;13.666;0.420;3.23;13:21:26.000
234.31;60.16E-03;5.805;50.019;300;200E-03;14.096;12.845;0.412;3.25;13:21:27.000
234.32;61.94E-03;6.068;50.015;300;200E-03;14.514;13.185;0.418;3.25;13:21:28.000
234.36;68.26E-03;6.755;50.015;300;200E-03;15.997;14.501;0.422;3.24;13:21:29.000
234.25;63.35E-03;6.210;50.011;300;200E-03;14.839;13.477;0.418;3.23;13:21:30.000
234.28;68.86E-03;6.886;50.018;300;200E-03;16.133;14.590;0.427;3.25;13:21:31.000
234.30;68.42E-03;6.852;50.014;300;200E-03;16.031;14.492;0.427;3.24;13:21:32.000
234.14;61.96E-03;6.068;50.018;300;200E-03;14.508;13.178;0.418;3.21;13:21:33.000
234.14;65.72E-03;6.516;50.017;300;200E-03;15.389;13.941;0.423;3.21;13:21:34.000
234.15;61.69E-03;6.083;50.019;300;200E-03;14.444;13.101;0.421;3.22;13:21:35.000
234.17;68.12E-03;6.874;50.014;300;200E-03;15.951;14.394;0.431;3.24;13:21:36.000
234.19;62.21E-03;6.107;50.018;300;200E-03;14.569;13.227;0.419;3.21;13:21:37.000
234.14;68.21E-03;6.851;50.017;300;200E-03;15.970;14.425;0.429;3.22;13:21:38.000
234.11;63.83E-03;6.288;50.015;300;200E-03;14.943;13.556;0.421;3.23;13:21:39.000
234.13;58.78E-03;5.650;50.021;300;200E-03;13.763;12.549;0.411;3.20;13:21:40.000
234.08;68.15E-03;6.789;50.021;300;200E-03;15.951;14.435;0.426;3.21;13:21:41.000
234.14;67.31E-03;6.685;50.023;300;200E-03;15.759;14.271;0.424;3.20;13:21:42.000
234.10;68.98E-03;6.918;50.025;300;200E-03;16.148;14.592;0.428;3.25;13:21:43.000
234.10;64.04E-03;6.200;50.021;300;200E-03;14.991;13.649;0.414;3.22;13:21:44.000
234.12;63.08E-03;6.216;50.022;300;200E-03;14.768;13.397;0.421;3.24;13:21:45.000
234.24;67.24E-03;6.746;50.017;300;200E-03;15.751;14.233;0.428;3.22;13:21:46.000
234.23;64.10E-03;6.310;50.014;300;200E-03;15.014;13.623;0.420;3.20;13:21:47.000
234.26;68.20E-03;6.876;50.016;300;200E-03;15.977;14.421;0.430;3.19;13:21:48.000
234.37;62.01E-03;6.042;50.017;300;200E-03;14.534;13.219;0.416;3.22;13:21:49.000
234.21;68.86E-03;6.909;50.016;300;200E-03;16.128;14.574;0.428;3.23;13:21:50.000
234.35;61.09E-03;5.967;50.014;300;200E-03;14.316;13.013;0.417;3.21;13:21:51.000
234.40;63.86E-03;6.281;50.016;300;200E-03;14.969;13.588;0.420;3.17;13:21:52.000
234.28;59.05E-03;5.708;50.015;300;200E-03;13.835;12.603;0.413;3.19;13:21:53.000
234.30;59.14E-03;5.655;50.012;300;200E-03;13.856;12.650;0.408;3.15;13:21:54.000
234.31;63.84E-03;6.256;50.013;300;200E-03;14.959;13.588;0.418;3.16;13:21:55.000
234.11;67.18E-03;6.720;50.011;300;200E-03;15.727;14.218;0.427;3.21;13:21:56.000
234.27;67.63E-03;6.662;50.009;300;200E-03;15.843;14.374;0.421;3.19;13:21:57.000
234.15;64.88E-03;6.412;50.012;300;200E-03;15.190;13.771;0.422;3.21;13:21:58.000
234.24;71.48E-03;7.342;50.012;300;200E-03;16.742;15.047;0.439;3.20;13:21:59.000
234.28;65.30E-03;6.511;50.010;300;200E-03;15.299;13.844;0.426;3.22;13:22:00.000
234.22;68.15E-03;6.794;50.012;300;200E-03;15.963;14.445;0.426;3.22;13:22:01.000
234.16;66.95E-03;6.644;50.011;300;200E-03;15.677;14.200;0.424;3.22;13:22:02.000
234.04;65.49E-03;6.505;50.016;300;200E-03;15.326;13.877;0.424;3.24;13:22:03.000
234.26;64.70E-03;6.359;50.014;300;200E-03;15.156;13.757;0.420;3.23;13:22:04.000
234.06;68.20E-03;6.823;50.011;300;200E-03;15.962;14.430;0.427;3.20;13:22:05.000
234.13;61.53E-03;5.998;50.014;300;200E-03;14.405;13.097;0.416;3.22;13:22:06.000
234.05;63.64E-03;6.248;50.016;300;200E-03;14.894;13.520;0.420;3.22;13:22:07.000
234.24;68.24E-03;6.858;50.015;300;200E-03;15.986;14.440;0.429;3.19;13:22:08.000
234.25;61.74E-03;6.061;50.010;300;200E-03;14.463;13.132;0.419;3.22;13:22:09.000
234.27;69.11E-03;6.887;50.012;300;200E-03;16.191;14.653;0.425;3.21;13:22:10.000
234.17;67.85E-03;6.845;50.017;300;200E-03;15.889;14.339;0.431;3.21;13:22:11.000
234.15;68.47E-03;6.879;50.016;300;200E-03;16.032;14.481;0.429;3.22;13:22:12.000
234.15;68.52E-03;6.886;50.017;300;200E-03;16.045;14.492;0.429;3.22;13:22:13.000
234.12;62.06E-03;6.083;50.019;300;200E-03;14.529;13.195;0.419;3.23;13:22:14.000
234.13;68.36E-03;6.840;50.018;300;200E-03;16.004;14.469;0.427;3.23;13:22:15.000
234.02;69.04E-03;6.958;50.016;300;200E-03;16.156;14.581;0.431;3.23;13:22:16.000
234.10;63.10E-03;6.290;50.016;300;200E-03;14.771;13.365;0.426;3.28;13:22:17.000
234.16;67.19E-03;6.704;50.011;300;200E-03;15.732;14.233;0.426;3.28;13:22:18.000
234.12;67.73E-03;6.836;50.012;300;200E-03;15.858;14.309;0.431;3.26;13:22:19.000
234.20;62.16E-03;6.132;50.007;300;200E-03;14.559;13.205;0.421;3.25;13:22:20.000
234.09;66.47E-03;6.732;50.011;300;200E-03;15.560;14.028;0.433;3.27;13:22:21.000
234.17;67.81E-03;6.855;50.004;300;200E-03;15.879;14.322;0.432;3.25;13:22:22.000
234.03;68.38E-03;6.824;49.998;300;200E-03;16.002;14.474;0.426;3.24;13:22:23.000
234.03;68.08E-03;6.878;49.998;300;200E-03;15.933;14.372;0.432;3.21;13:22:24.000
233.76;67.51E-03;6.869;49.998;300;200E-03;15.782;14.209;0.435;3.23;13:22:25.000
234.02;64.83E-03;6.473;49.997;300;200E-03;15.172;13.722;0.427;3.24;13:22:26.000
233.98;67.78E-03;6.900;49.999;300;200E-03;15.861;14.281;0.435;3.24;13:22:27.000
234.19;61.15E-03;6.105;49.999;300;200E-03;14.322;12.955;0.426;3.22;13:22:28.000
233.99;63.70E-03;6.262;49.997;300;200E-03;14.905;13.525;0.420;3.23;13:22:29.000
234.01;64.49E-03;6.465;50.001;300;200E-03;15.090;13.635;0.428;3.24;13:22:30.000
234.05;64.51E-03;6.379;49.998;300;200E-03;15.099;13.686;0.422;3.24;13:22:31.000
233.95;62.33E-03;6.112;50.000;300;200E-03;14.582;13.239;0.419;3.22;13:22:32.000
233.91;62.97E-03;6.226;50.004;300;200E-03;14.730;13.349;0.423;3.23;13:22:33.000
233.91;67.66E-03;6.845;50.000;300;200E-03;15.826;14.269;0.433;3.24;13:22:34.000
233.96;68.14E-03;6.934;50.003;300;200E-03;15.943;14.356;0.435;3.24;13:22:35.000
233.79;61.35E-03;6.044;50.002;300;200E-03;14.342;13.007;0.421;3.24;13:22:36.000
233.98;70.42E-03;7.198;50.003;300;200E-03;16.476;14.821;0.437;3.22;13:22:37.000
233.98;63.79E-03;6.370;50.006;300;200E-03;14.926;13.499;0.427;3.25;13:22:38.000
234.02;64.54E-03;6.400;50.000;300;200E-03;15.104;13.681;0.424;3.23;13:22:39.000
233.90;65.45E-03;6.506;50.010;300;200E-03;15.309;13.858;0.425;3.25;13:22:40.000
234.14;64.89E-03;6.406;50.007;300;200E-03;15.194;13.778;0.422;3.21;13:22:41.000
234.10;68.52E-03;6.947;50.011;300;200E-03;16.041;14.459;0.433;3.24;13:22:42.000
234.05;64.38E-03;6.372;50.011;300;200E-03;15.069;13.655;0.423;3.29;13:22:43.000
234.08;65.81E-03;6.644;50.011;300;200E-03;15.404;13.897;0.431;3.27;13:22:44.000
233.88;60.92E-03;6.024;50.007;300;200E-03;14.248;12.912;0.423;3.31;13:22:45.000
233.92;62.09E-03;6.036;50.013;300;200E-03;14.524;13.211;0.416;3.27;13:22:46.000
233.90;61.83E-03;6.121;50.010;300;200E-03;14.462;13.102;0.423;3.31;13:22:47.000
233.98;71.34E-03;7.324;50.018;300;200E-03;16.692;14.999;0.439;3.26;13:22:48.000
233.90;66.09E-03;6.650;50.012;300;200E-03;15.459;13.955;0.430;3.30;13:22:49.000
233.93;64.76E-03;6.390;50.016;300;200E-03;15.150;13.737;0.422;3.25;13:22:50.000
233.98;67.41E-03;6.797;50.015;300;200E-03;15.772;14.232;0.431;3.24;13:22:51.000
234.12;65.64E-03;6.577;50.016;300;200E-03;15.367;13.889;0.428;3.27;13:22:52.000
234.03;61.76E-03;6.099;50.018;300;200E-03;14.453;13.103;0.422;3.26;13:22:53.000
233.97;64.40E-03;6.407;50.019;300;200E-03;15.067;13.637;0.425;3.26;13:22:54.000
234.00;61.38E-03;6.088;50.015;300;200E-03;14.363;13.009;0.424;3.29;13:22:55.000
233.99;61.75E-03;6.099;50.010;300;200E-03;14.449;13.099;0.422;3.25;13:22:56.000
233.88;61.55E-03;6.103;50.007;300;200E-03;14.394;13.037;0.424;3.24;13:22:57.000
234.02;67.01E-03;6.774;50.008;300;200E-03;15.682;14.143;0.432;3.27;13:22:58.000
234.00;62.52E-03;6.149;50.000;300;200E-03;14.629;13.274;0.420;3.21;13:22:59.000
234.01;60.85E-03;5.997;50.008;300;200E-03;14.238;12.914;0.421;3.23;13:23:00.000
233.85;61.76E-03;6.060;50.000;300;200E-03;14.443;13.110;0.420;3.24;13:23:01.000
233.99;64.86E-03;6.396;49.999;300;200E-03;15.177;13.763;0.421;3.20;13:23:02.000
234.05;64.49E-03;6.440;50.000;300;200E-03;15.094;13.652;0.427;3.20;13:23:03.000
233.94;62.48E-03;6.105;49.996;300;200E-03;14.617;13.282;0.418;3.24;13:23:04.000
233.74;61.34E-03;6.086;49.999;300;200E-03;14.339;12.983;0.424;3.23;13:23:05.000
233.89;58.77E-03;5.743;50.000;300;200E-03;13.746;12.489;0.418;3.24;13:23:06.000
233.95;62.06E-03;6.068;50.000;300;200E-03;14.518;13.189;0.418;3.22;13:23:07.000
233.76;62.26E-03;6.066;49.996;300;200E-03;14.554;13.230;0.417;3.20;13:23:08.000
233.87;66.79E-03;6.680;49.996;300;200E-03;15.620;14.119;0.428;3.19;13:23:09.000
233.94;61.97E-03;6.131;49.995;300;200E-03;14.497;13.136;0.423;3.21;13:23:10.000
233.92;66.65E-03;6.694;49.988;300;200E-03;15.591;14.081;0.429;3.24;13:23:11.000
233.89;67.95E-03;6.881;49.991;300;200E-03;15.893;14.326;0.433;3.25;13:23:12.000
233.98;63.76E-03;6.364;49.989;300;200E-03;14.919;13.494;0.427;3.24;13:23:13.000
234.00;60.80E-03;6.009;49.988;300;200E-03;14.228;12.897;0.422;3.24;13:23:14.000
234.00;67.92E-03;6.870;49.989;300;200E-03;15.893;14.331;0.432;3.21;13:23:15.000
234.12;67.19E-03;6.614;49.987;300;200E-03;15.731;14.273;0.420;3.21;13:23:16.000
234.04;62.28E-03;6.054;49.987;300;200E-03;14.576;13.260;0.415;3.21;13:23:17.000
234.14;63.56E-03;6.226;49.986;300;200E-03;14.883;13.518;0.418;3.24;13:23:18.000
233.98;67.23E-03;6.720;49.987;300;200E-03;15.731;14.223;0.427;3.26;13:23:19.000
233.99;65.55E-03;6.542;49.989;300;200E-03;15.337;13.872;0.427;3.23;13:23:20.000
233.92;66.15E-03;6.528;49.989;300;200E-03;15.473;14.029;0.422;3.22;13:23:21.000
234.08;68.63E-03;6.811;49.986;300;200E-03;16.066;14.550;0.424;3.25;13:23:22.000
233.96;64.28E-03;6.335;49.990;300;200E-03;15.038;13.639;0.421;3.21;13:23:23.000
233.94;68.65E-03;6.827;49.993;300;200E-03;16.060;14.537;0.425;3.22;13:23:24.000
233.92;63.90E-03;6.258;49.992;300;200E-03;14.948;13.575;0.419;3.26;13:23:25.000
233.98;68.18E-03;6.782;49.989;300;200E-03;15.952;14.438;0.425;3.24;13:23:26.000
233.94;66.12E-03;6.518;49.994;300;200E-03;15.467;14.027;0.421;3.24;13:23:27.000
234.02;61.85E-03;6.081;49.992;300;200E-03;14.473;13.133;0.420;3.25;13:23:28.000
233.70;62.05E-03;6.061;49.998;300;200E-03;14.500;13.173;0.418;3.27;13:23:29.000
233.89;69.64E-03;6.889;49.999;300;200E-03;16.288;14.759;0.423;3.28;13:23:30.000
233.84;68.79E-03;6.862;50.000;300;200E-03;16.085;14.548;0.427;3.22;13:23:31.000
234.07;62.62E-03;6.081;49.998;300;200E-03;14.657;13.336;0.415;3.17;13:23:32.000
234.05;61.30E-03;5.940;50.000;300;200E-03;14.348;13.061;0.414;3.19;13:23:33.000
233.94;60.86E-03;5.894;50.002;300;200E-03;14.238;12.961;0.414;3.18;13:23:34.000
233.94;62.91E-03;6.073;50.004;300;200E-03;14.718;13.407;0.413;3.17;13:23:35.000
234.04;71.07E-03;7.153;50.006;300;200E-03;16.632;15.015;0.430;3.16;13:23:36.000
233.94;70.43E-03;6.988;50.012;300;200E-03;16.476;14.921;0.424;3.19;13:23:37.000
233.80;65.30E-03;6.381;50.015;300;200E-03;15.266;13.869;0.418;3.19;13:23:38.000
233.93;66.39E-03;6.568;50.012;300;200E-03;15.531;14.073;0.423;3.20;13:23:39.000
233.90;64.55E-03;6.419;50.017;300;200E-03;15.098;13.665;0.425;3.22;13:23:40.000
233.98;65.76E-03;6.461;50.011;300;200E-03;15.386;13.964;0.420;3.23;13:23:41.000
233.99;67.55E-03;6.711;50.015;300;200E-03;15.807;14.311;0.425;3.24;13:23:42.000
233.91;67.04E-03;6.633;50.014;300;200E-03;15.680;14.209;0.423;3.25;13:23:43.000
234.04;63.36E-03;6.147;50.013;300;200E-03;14.829;13.495;0.414;3.25;13:23:44.000
234.00;68.00E-03;6.710;50.013;300;200E-03;15.912;14.428;0.422;3.27;13:23:45.000
234.03;68.77E-03;6.894;50.017;300;200E-03;16.093;14.541;0.428;3.27;13:23:46.000
233.86;61.94E-03;6.025;50.012;300;200E-03;14.486;13.174;0.416;3.24;13:23:47.000
233.88;62.89E-03;6.102;50.013;300;200E-03;14.708;13.383;0.415;3.26;13:23:48.000
234.03;62.63E-03;6.102;50.012;300;200E-03;14.657;13.327;0.416;3.28;13:23:49.000
234.08;64.74E-03;6.382;50.009;300;200E-03;15.154;13.745;0.421;3.27;13:23:50.000
233.94;68.36E-03;6.868;50.010;300;200E-03;15.992;14.442;0.429;3.24;13:23:51.000
234.03;65.80E-03;6.488;50.011;300;200E-03;15.400;13.967;0.421;3.28;13:23:52.000
234.03;58.67E-03;5.625;50.012;300;200E-03;13.731;12.526;0.410;3.26;13:23:53.000
233.85;61.74E-03;5.974;50.004;300;200E-03;14.437;13.144;0.414;3.25;13:23:54.000
233.98;67.36E-03;6.669;50.011;300;200E-03;15.761;14.281;0.423;3.26;13:23:55.000
234.06;63.13E-03;6.059;50.009;300;200E-03;14.777;13.478;0.410;3.27;13:23:56.000
234.04;62.15E-03;6.057;50.009;300;200E-03;14.546;13.225;0.416;3.26;13:23:57.000
233.89;68.80E-03;6.900;50.001;300;200E-03;16.093;14.538;0.429;3.33;13:23:58.000
233.97;62.31E-03;6.077;50.007;300;200E-03;14.580;13.253;0.417;3.28;13:23:59.000
233.97;68.39E-03;6.826;50.011;300;200E-03;16.002;14.473;0.427;3.26;13:24:00.000
233.96;68.09E-03;6.598;50.004;300;200E-03;15.929;14.498;0.414;3.27;13:24:01.000
233.96;63.67E-03;6.280;50.007;300;200E-03;14.895;13.507;0.422;3.26;13:24:02.000
233.91;69.16E-03;6.897;50.001;300;200E-03;16.177;14.634;0.426;3.24;13:24:03.000
234.06;66.25E-03;6.575;50.004;300;200E-03;15.506;14.043;0.424;3.24;13:24:04.000
234.01;64.46E-03;6.286;50.003;300;200E-03;15.084;13.712;0.417;3.26;13:24:05.000
233.93;65.94E-03;6.537;50.003;300;200E-03;15.425;13.971;0.424;3.26;13:24:06.000
233.96;60.98E-03;5.927;50.007;300;200E-03;14.267;12.977;0.415;3.23;13:24:07.000
234.03;68.65E-03;6.824;50.005;300;200E-03;16.067;14.546;0.425;3.24;13:24:08.000
233.86;64.39E-03;6.303;49.994;300;200E-03;15.059;13.676;0.419;3.20;13:24:09.000
234.04;62.50E-03;6.075;49.998;300;200E-03;14.627;13.306;0.415;3.29;13:24:10.000
234.00;67.53E-03;6.697;49.992;300;200E-03;15.802;14.312;0.424;3.22;13:24:11.000
233.89;63.62E-03;6.156;50.001;300;200E-03;14.880;13.548;0.414;3.26;13:24:12.000
234.12;62.58E-03;6.083;50.004;300;200E-03;14.652;13.330;0.415;3.34;13:24:13.000
234.07;61.55E-03;6.000;50.003;300;200E-03;14.408;13.099;0.416;3.25;13:24:14.000
234.02;63.36E-03;6.140;49.998;300;200E-03;14.827;13.496;0.414;3.24;13:24:15.000
234.03;62.62E-03;6.075;50.003;300;200E-03;14.654;13.336;0.415;3.23;13:24:16.000
233.97;62.27E-03;6.085;50.004;300;200E-03;14.570;13.239;0.418;3.19;13:24:17.000
234.04;62.78E-03;6.113;50.005;300;200E-03;14.694;13.362;0.416;3.25;13:24:18.000
234.06;61.23E-03;5.854;50.011;300;200E-03;14.331;13.081;0.408;3.25;13:24:19.000
234.02;58.93E-03;5.627;50.007;300;200E-03;13.791;12.590;0.408;3.22;13:24:20.000
234.00;62.89E-03;6.104;50.013;300;200E-03;14.716;13.390;0.415;3.27;13:24:21.000
234.00;62.66E-03;6.085;50.010;300;200E-03;14.663;13.341;0.415;3.26;13:24:22.000
233.99;64.42E-03;6.334;50.003;300;200E-03;15.073;13.678;0.420;3.17;13:24:23.000
234.06;62.36E-03;6.090;50.005;300;200E-03;14.596;13.265;0.417;3.24;13:24:24.000
234.07;66.26E-03;6.563;50.006;300;200E-03;15.509;14.051;0.423;3.21;13:24:25.000
234.03;68.67E-03;6.831;50.008;300;200E-03;16.072;14.548;0.425;3.21;13:24:26.000
233.93;68.92E-03;6.873;50.003;300;200E-03;16.121;14.583;0.426;3.21;13:24:27.000
234.08;64.77E-03;6.332;50.004;300;200E-03;15.162;13.776;0.418;3.21;13:24:28.000
233.92;64.02E-03;6.224;50.005;300;200E-03;14.975;13.620;0.416;3.18;13:24:29.000
233.98;62.85E-03;6.094;50.004;300;200E-03;14.706;13.384;0.414;3.19;13:24:30.000
233.92;62.04E-03;6.031;50.001;300;200E-03;14.511;13.198;0.416;3.19;13:24:31.000
233.92;68.63E-03;6.884;50.002;300;200E-03;16.054;14.503;0.429;3.20;13:24:32.000
233.95;59.63E-03;5.704;50.008;300;200E-03;13.951;12.731;0.409;3.26;13:24:33.000
233.96;61.57E-03;5.956;50.009;300;200E-03;14.405;13.116;0.413;3.26;13:24:34.000
233.99;62.77E-03;6.117;50.004;300;200E-03;14.689;13.354;0.416;3.27;13:24:35.000
233.96;69.28E-03;6.921;50.010;300;200E-03;16.209;14.657;0.427;3.32;13:24:36.000
234.00;62.97E-03;6.077;50.001;300;200E-03;14.734;13.423;0.412;3.27;13:24:37.000
233.91;65.48E-03;6.442;50.007;300;200E-03;15.317;13.896;0.421;3.24;13:24:38.000
233.91;67.86E-03;6.739;50.009;300;200E-03;15.873;14.372;0.425;3.27;13:24:39.000
233.89;67.26E-03;6.628;50.007;300;200E-03;15.731;14.267;0.421;3.28;13:24:40.000
233.87;61.43E-03;5.908;50.009;300;200E-03;14.368;13.097;0.411;3.27;13:24:41.000
234.02;62.89E-03;6.093;50.010;300;200E-03;14.717;13.397;0.414;3.25;13:24:42.000
234.12;63.51E-03;6.171;50.007;300;200E-03;14.868;13.527;0.415;3.25;13:24:43.000
234.07;69.23E-03;6.886;50.011;300;200E-03;16.206;14.670;0.425;3.24;13:24:44.000
233.95;67.17E-03;6.613;50.011;300;200E-03;15.715;14.256;0.421;3.22;13:24:45.000
233.98;65.62E-03;6.490;50.008;300;200E-03;15.354;13.915;0.423;3.27;13:24:46.000
234.16;64.97E-03;6.421;50.006;300;200E-03;15.214;13.792;0.422;3.29;13:24:47.000
234.18;67.32E-03;6.582;50.006;300;200E-03;15.764;14.324;0.418;3.25;13:24:48.000
234.24;66.01E-03;6.449;50.012;300;200E-03;15.462;14.053;0.417;3.25;13:24:49.000
234.25;66.02E-03;6.499;50.003;300;200E-03;15.466;14.034;0.420;3.31;13:24:50.000
234.22;71.50E-03;7.218;50.011;300;200E-03;16.747;15.112;0.431;3.25;13:24:51.000
234.25;61.84E-03;6.036;50.003;300;200E-03;14.485;13.167;0.417;3.26;13:24:52.000
234.30;68.65E-03;6.854;50.001;300;200E-03;16.085;14.552;0.426;3.25;13:24:53.000
234.21;66.40E-03;6.542;50.004;300;200E-03;15.551;14.108;0.421;3.22;13:24:54.000
233.90;59.66E-03;5.710;50.006;300;200E-03;13.955;12.734;0.409;3.20;13:24:55.000
234.07;62.82E-03;6.094;49.996;300;200E-03;14.703;13.381;0.414;3.23;13:24:56.000
234.12;63.11E-03;6.171;49.996;300;200E-03;14.775;13.424;0.418;3.24;13:24:57.000
234.07;69.37E-03;6.973;50.000;300;200E-03;16.238;14.665;0.429;3.23;13:24:58.000
234.16;68.40E-03;6.859;50.003;300;200E-03;16.017;14.474;0.428;3.22;13:24:59.000
233.95;62.34E-03;6.065;49.999;300;200E-03;14.584;13.263;0.416;3.22;13:25:00.000
233.99;65.76E-03;6.444;49.997;300;200E-03;15.387;13.972;0.419;3.22;13:25:01.000
234.08;62.38E-03;6.082;49.998;300;200E-03;14.603;13.276;0.417;3.21;13:25:02.000
234.14;68.51E-03;6.862;50.001;300;200E-03;16.041;14.499;0.428;3.21;13:25:03.000
234.02;67.42E-03;6.764;50.007;300;200E-03;15.778;14.255;0.429;3.24;13:25:04.000
234.02;66.36E-03;6.495;50.006;300;200E-03;15.529;14.106;0.418;3.24;13:25:05.000
233.97;66.60E-03;6.650;50.009;300;200E-03;15.583;14.092;0.427;3.24;13:25:06.000
234.02;61.91E-03;6.044;50.007;300;200E-03;14.487;13.166;0.417;3.25;13:25:07.000
234.05;61.43E-03;6.034;50.006;300;200E-03;14.378;13.051;0.420;3.25;13:25:08.000
233.91;65.29E-03;6.514;50.010;300;200E-03;15.272;13.813;0.427;3.26;13:25:09.000
233.83;67.68E-03;6.822;50.007;300;200E-03;15.826;14.280;0.431;3.33;13:25:10.000
233.82;65.37E-03;6.541;50.012;300;200E-03;15.285;13.814;0.428;3.28;13:25:11.000
233.90;68.66E-03;6.873;50.013;300;200E-03;16.059;14.514;0.428;3.27;13:25:12.000
233.99;68.13E-03;6.888;50.013;300;200E-03;15.941;14.376;0.432;3.29;13:25:13.000
233.95;61.83E-03;6.123;50.015;300;200E-03;14.466;13.106;0.423;3.24;13:25:14.000
233.95;62.06E-03;6.131;50.008;300;200E-03;14.519;13.161;0.422;3.29;13:25:15.000
233.91;63.40E-03;6.251;50.010;300;200E-03;14.830;13.449;0.422;3.24;13:25:16.000
233.98;61.53E-03;5.994;50.007;300;200E-03;14.396;13.089;0.416;3.27;13:25:17.000
233.87;61.62E-03;6.061;50.012;300;200E-03;14.411;13.075;0.421;3.24;13:25:18.000
234.02;66.48E-03;6.654;50.017;300;200E-03;15.557;14.062;0.428;3.26;13:25:19.000
233.89;68.18E-03;6.860;50.009;300;200E-03;15.948;14.397;0.430;3.27;13:25:20.000
233.85;64.34E-03;6.391;50.008;300;200E-03;15.045;13.620;0.425;3.22;13:25:21.000
233.94;59.77E-03;5.755;50.011;300;200E-03;13.981;12.742;0.412;3.20;13:25:22.000
233.91;64.81E-03;6.421;50.013;300;200E-03;15.159;13.732;0.424;3.22;13:25:23.000
233.85;61.71E-03;6.037;50.015;300;200E-03;14.430;13.106;0.418;3.21;13:25:24.000
233.94;69.31E-03;6.948;50.016;300;200E-03;16.215;14.650;0.429;3.23;13:25:25.000
233.92;68.39E-03;6.888;50.014;300;200E-03;15.998;14.439;0.431;3.21;13:25:26.000
233.87;65.94E-03;6.558;50.009;300;200E-03;15.421;13.957;0.425;3.19;13:25:27.000
233.94;67.94E-03;6.844;50.011;300;200E-03;15.894;14.345;0.431;3.20;13:25:28.000
233.86;67.81E-03;6.905;50.006;300;200E-03;15.858;14.276;0.435;3.23;13:25:29.000
233.90;62.40E-03;6.177;50.008;300;200E-03;14.595;13.223;0.423;3.21;13:25:30.000
233.92;61.52E-03;6.072;50.004;300;200E-03;14.391;13.047;0.422;3.23;13:25:31.000
234.00;64.24E-03;6.412;50.007;300;200E-03;15.032;13.596;0.427;3.22;13:25:32.000
233.94;63.88E-03;6.300;50.011;300;200E-03;14.943;13.550;0.422;3.18;13:25:33.000
233.95;64.42E-03;6.476;50.003;300;200E-03;15.071;13.609;0.430;3.24;13:25:34.000
233.94;65.17E-03;6.541;49.999;300;200E-03;15.247;13.773;0.429;3.29;13:25:35.000
233.82;65.01E-03;6.470;49.999;300;200E-03;15.201;13.756;0.426;3.27;13:25:36.000
233.98;69.22E-03;6.996;49.997;300;200E-03;16.197;14.609;0.432;3.23;13:25:37.000
233.94;64.93E-03;6.474;49.999;300;200E-03;15.190;13.742;0.426;3.24;13:25:38.000
233.84;61.18E-03;5.997;49.999;300;200E-03;14.306;12.988;0.419;3.19;13:25:39.000
234.00;66.04E-03;6.619;49.994;300;200E-03;15.454;13.964;0.428;3.24;13:25:40.000
233.94;62.03E-03;6.134;49.997;300;200E-03;14.511;13.150;0.423;3.26;13:25:41.000
233.91;62.58E-03;6.135;49.993;300;200E-03;14.638;13.291;0.419;3.25;13:25:42.000
233.87;67.23E-03;6.721;50.000;300;200E-03;15.722;14.213;0.427;3.26;13:25:43.000
233.89;62.46E-03;6.183;50.000;300;200E-03;14.609;13.236;0.423;3.27;13:25:44.000
233.82;60.99E-03;5.963;50.002;300;200E-03;14.260;12.953;0.418;3.26;13:25:45.000
233.87;61.94E-03;6.075;49.997;300;200E-03;14.486;13.151;0.419;3.25;13:25:46.000
234.04;61.65E-03;6.054;50.001;300;200E-03;14.430;13.099;0.420;3.29;13:25:47.000
234.04;68.94E-03;6.900;50.001;300;200E-03;16.135;14.585;0.428;3.26;13:25:48.000
233.95;62.20E-03;6.076;50.004;300;200E-03;14.552;13.223;0.418;3.22;13:25:49.000
233.87;62.24E-03;6.073;49.999;300;200E-03;14.555;13.228;0.417;3.22;13:25:50.000
233.81;66.57E-03;6.664;49.998;300;200E-03;15.564;14.065;0.428;3.27;13:25:51.000
233.83;67.88E-03;6.812;50.005;300;200E-03;15.872;14.336;0.429;3.22;13:25:52.000
233.87;61.87E-03;6.050;49.994;300;200E-03;14.469;13.143;0.418;3.29;13:25:53.000
233.84;68.69E-03;6.875;49.999;300;200E-03;16.063;14.517;0.428;3.27;13:25:54.000
233.94;68.93E-03;6.916;50.000;300;200E-03;16.126;14.568;0.429;3.26;13:25:55.000
234.08;62.92E-03;6.202;50.003;300;200E-03;14.728;13.359;0.421;3.32;13:25:56.000
nan;nan;nan;nan;300;1;nan;nan;nan;nan;13:25:57.000
nan;nan;nan;nan;300;200E-03;nan;nan;nan;nan;13:25:58.000
233.97;66.07E-03;6.542;50.007;300;200E-03;15.459;14.006;0.423;3.26;13:25:59.000
233.99;62.26E-03;6.123;50.003;300;200E-03;14.569;13.220;0.420;3.19;13:26:00.000
233.97;68.33E-03;6.876;49.999;300;200E-03;15.987;14.433;0.430;3.23;13:26:01.000
233.96;58.49E-03;6.008;50.005;300;200E-03;13.684;12.295;0.439;3.24;13:26:02.000
233.92;62.89E-03;6.413;49.999;300;200E-03;14.711;13.240;0.436;3.25;13:26:03.000
234.03;61.05E-03;6.128;49.996;300;200E-03;14.288;12.907;0.429;3.27;13:26:04.000
234.06;67.39E-03;6.980;49.998;300;200E-03;15.774;14.145;0.443;3.26;13:26:05.000
234.08;60.86E-03;6.055;49.998;300;200E-03;14.246;12.895;0.425;3.27;13:26:06.000
234.05;62.43E-03;6.312;49.998;300;200E-03;14.612;13.178;0.432;3.25;13:26:07.000
233.92;60.66E-03;6.089;49.996;300;200E-03;14.190;12.817;0.429;3.27;13:26:08.000
233.93;66.56E-03;6.897;49.995;300;200E-03;15.570;13.960;0.443;3.25;13:26:09.000
233.90;60.37E-03;6.041;49.989;300;200E-03;14.120;12.763;0.428;3.27;13:26:10.000
233.99;61.75E-03;6.186;49.998;300;200E-03;14.449;13.058;0.428;3.28;13:26:11.000
234.01;67.07E-03;6.946;49.996;300;200E-03;15.695;14.074;0.443;3.28;13:26:12.000
233.90;62.84E-03;6.350;50.000;300;200E-03;14.698;13.255;0.432;3.28;13:26:13.000
233.93;60.89E-03;6.100;49.994;300;200E-03;14.245;12.873;0.428;3.30;13:26:14.000
233.98;61.89E-03;6.256;49.990;300;200E-03;14.482;13.060;0.432;3.25;13:26:15.000
233.92;61.34E-03;6.158;49.990;300;200E-03;14.350;12.961;0.429;3.27;13:26:16.000
233.80;61.17E-03;6.093;49.997;300;200E-03;14.301;12.938;0.426;3.25;13:26:17.000
233.81;65.39E-03;6.710;49.995;300;200E-03;15.289;13.737;0.439;3.29;13:26:18.000
233.90;70.57E-03;7.471;49.993;300;200E-03;16.507;14.720;0.453;3.28;13:26:19.000
233.96;62.98E-03;6.403;49.998;300;200E-03;14.735;13.272;0.435;3.28;13:26:20.000
233.94;63.03E-03;6.385;49.990;300;200E-03;14.744;13.290;0.433;3.29;13:26:21.000
233.90;63.34E-03;6.378;49.996;300;200E-03;14.816;13.373;0.430;3.30;13:26:22.000
233.82;64.09E-03;6.511;49.998;300;200E-03;14.985;13.497;0.434;3.31;13:26:23.000
233.94;64.45E-03;6.558;49.998;300;200E-03;15.077;13.577;0.435;3.23;13:26:24.000
233.93;65.95E-03;6.803;49.997;300;200E-03;15.426;13.845;0.441;3.29;13:26:25.000
233.87;61.25E-03;6.107;49.993;300;200E-03;14.324;12.957;0.426;3.28;13:26:26.000
233.92;64.84E-03;6.587;49.998;300;200E-03;15.166;13.661;0.434;3.27;13:26:27.000
233.98;59.38E-03;5.914;49.998;300;200E-03;13.892;12.571;0.426;3.28;13:26:28.000
233.92;63.89E-03;6.489;49.997;300;200E-03;14.946;13.464;0.434;3.26;13:26:29.000
233.95;63.18E-03;6.382;49.997;300;200E-03;14.781;13.333;0.432;3.25;13:26:30.000
233.85;66.63E-03;6.877;49.993;300;200E-03;15.583;13.983;0.441;3.27;13:26:31.000
234.08;66.55E-03;6.898;49.997;300;200E-03;15.579;13.968;0.443;3.27;13:26:32.000
233.98;63.64E-03;6.496;50.002;300;200E-03;14.891;13.399;0.436;3.28;13:26:33.000
233.87;60.45E-03;6.003;49.997;300;200E-03;14.137;12.799;0.425;3.28;13:26:34.000
234.07;63.70E-03;6.501;50.003;300;200E-03;14.910;13.418;0.436;3.28;13:26:35.000
233.81;63.90E-03;6.487;50.002;300;200E-03;14.940;13.458;0.434;3.26;13:26:36.000
233.74;66.99E-03;6.934;49.996;300;200E-03;15.657;14.038;0.443;3.28;13:26:37.000
233.79;67.19E-03;6.870;49.998;300;200E-03;15.709;14.127;0.437;3.27;13:26:38.000
233.76;65.57E-03;6.728;50.003;300;200E-03;15.327;13.771;0.439;3.26;13:26:39.000
233.86;69.11E-03;7.160;50.001;300;200E-03;16.162;14.490;0.443;3.27;13:26:40.000
233.91;63.21E-03;6.383;50.004;300;200E-03;14.786;13.337;0.432;3.27;13:26:41.000
233.80;64.11E-03;6.513;50.000;300;200E-03;14.988;13.499;0.435;3.29;13:26:42.000
233.73;64.21E-03;6.475;50.007;300;200E-03;15.007;13.539;0.431;3.29;13:26:43.000
233.76;67.20E-03;6.882;50.001;300;200E-03;15.708;14.120;0.438;3.27;13:26:44.000
233.77;60.85E-03;6.059;50.005;300;200E-03;14.226;12.871;0.426;3.27;13:26:45.000
233.80;60.54E-03;6.015;50.005;300;200E-03;14.155;12.813;0.425;3.21;13:26:46.000
233.72;61.12E-03;6.069;50.007;300;200E-03;14.285;12.931;0.425;3.22;13:26:47.000
233.77;64.04E-03;6.524;50.004;300;200E-03;14.970;13.473;0.436;3.20;13:26:48.000
233.87;60.82E-03;6.073;50.005;300;200E-03;14.224;12.863;0.427;3.21;13:26:49.000
233.82;63.67E-03;6.479;50.002;300;200E-03;14.887;13.403;0.435;3.20;13:26:50.000
233.94;66.60E-03;6.907;50.004;300;200E-03;15.579;13.964;0.443;3.27;13:26:51.000
233.90;61.40E-03;6.089;50.003;300;200E-03;14.362;13.007;0.424;3.23;13:26:52.000
233.77;63.78E-03;6.445;50.003;300;200E-03;14.910;13.445;0.432;3.27;13:26:53.000
233.94;63.66E-03;6.463;50.000;300;200E-03;14.894;13.418;0.434;3.25;13:26:54.000
233.88;61.06E-03;6.084;50.000;300;200E-03;14.280;12.919;0.426;3.25;13:26:55.000
233.89;60.17E-03;5.981;50.002;300;200E-03;14.073;12.739;0.425;3.26;13:26:56.000
233.88;64.41E-03;6.561;49.999;300;200E-03;15.064;13.560;0.436;3.25;13:26:57.000
233.93;66.70E-03;6.876;50.004;300;200E-03;15.603;14.006;0.441;3.24;13:26:58.000
233.93;63.39E-03;6.374;49.998;300;200E-03;14.829;13.389;0.430;3.27;13:26:59.000
233.90;60.68E-03;6.083;50.007;300;200E-03;14.193;12.823;0.429;3.26;13:27:00.000
233.91;62.16E-03;6.253;50.005;300;200E-03;14.540;13.126;0.430;3.26;13:27:01.000
234.07;63.14E-03;6.394;50.005;300;200E-03;14.779;13.324;0.433;3.21;13:27:02.000
233.97;65.23E-03;6.721;50.007;300;200E-03;15.262;13.703;0.440;3.22;13:27:03.000
234.00;60.02E-03;6.000;50.009;300;200E-03;14.045;12.699;0.427;3.22;13:27:04.000
233.95;64.68E-03;6.601;50.008;300;200E-03;15.133;13.617;0.436;3.23;13:27:05.000
233.72;62.73E-03;6.278;50.007;300;200E-03;14.662;13.250;0.428;3.24;13:27:06.000
233.73;66.10E-03;6.724;50.007;300;200E-03;15.450;13.910;0.435;3.23;13:27:07.000
233.84;60.31E-03;5.952;50.007;300;200E-03;14.103;12.786;0.422;3.21;13:27:08.000
233.65;66.11E-03;6.869;50.000;300;200E-03;15.446;13.835;0.445;3.23;13:27:09.000
233.72;60.71E-03;6.050;50.005;300;200E-03;14.189;12.835;0.426;3.23;13:27:10.000
233.74;60.39E-03;6.044;50.002;300;200E-03;14.117;12.758;0.428;3.23;13:27:11.000
233.68;63.93E-03;6.516;50.001;300;200E-03;14.939;13.442;0.436;3.22;13:27:12.000
233.75;70.24E-03;7.380;50.002;300;200E-03;16.419;14.667;0.449;3.24;13:27:13.000
233.73;65.68E-03;6.768;50.006;300;200E-03;15.352;13.779;0.441;3.22;13:27:14.000
233.71;62.29E-03;6.370;50.006;300;200E-03;14.557;13.089;0.438;3.19;13:27:15.000
233.64;63.13E-03;6.407;50.004;300;200E-03;14.749;13.284;0.434;3.22;13:27:16.000
233.67;62.97E-03;6.402;50.001;300;200E-03;14.714;13.248;0.435;3.24;13:27:17.000
233.74;60.60E-03;6.027;50.007;300;200E-03;14.165;12.819;0.425;3.23;13:27:18.000
233.53;64.42E-03;6.546;50.011;300;200E-03;15.045;13.546;0.435;3.23;13:27:19.000
233.69;61.39E-03;6.103;50.009;300;200E-03;14.346;12.983;0.425;3.22;13:27:20.000
233.67;64.04E-03;6.518;50.015;300;200E-03;14.963;13.469;0.436;3.18;13:27:21.000
233.73;60.88E-03;6.068;50.011;300;200E-03;14.231;12.872;0.426;3.19;13:27:22.000
233.80;62.88E-03;6.362;50.006;300;200E-03;14.702;13.254;0.433;3.18;13:27:23.000
233.69;61.14E-03;6.108;50.010;300;200E-03;14.289;12.918;0.427;3.16;13:27:24.000
233.76;66.53E-03;6.862;50.005;300;200E-03;15.551;13.956;0.441;3.20;13:27:25.000
233.58;66.58E-03;6.834;50.007;300;200E-03;15.552;13.970;0.439;3.17;13:27:26.000
233.73;60.52E-03;6.053;50.008;300;200E-03;14.145;12.784;0.428;3.17;13:27:27.000
233.63;60.32E-03;6.044;50.007;300;200E-03;14.093;12.731;0.429;3.20;13:27:28.000
233.77;66.07E-03;6.913;50.009;300;200E-03;15.445;13.812;0.448;3.22;13:27:29.000
233.81;59.05E-03;5.901;50.004;300;200E-03;13.808;12.484;0.427;3.22;13:27:30.000
233.86;63.40E-03;6.470;50.008;300;200E-03;14.825;13.339;0.436;3.23;13:27:31.000
233.75;59.84E-03;5.988;50.006;300;200E-03;13.988;12.641;0.428;3.22;13:27:32.000
233.75;66.58E-03;6.899;50.004;300;200E-03;15.562;13.950;0.443;3.21;13:27:33.000
233.79;66.19E-03;6.875;50.011;300;200E-03;15.476;13.865;0.444;3.18;13:27:34.000
233.77;62.58E-03;6.298;50.007;300;200E-03;14.630;13.205;0.431;3.16;13:27:35.000
233.82;67.22E-03;6.887;50.005;300;200E-03;15.717;14.128;0.438;3.17;13:27:36.000
233.71;64.82E-03;6.558;50.009;300;200E-03;15.149;13.656;0.433;3.19;13:27:37.000
233.84;68.01E-03;6.984;50.010;300;200E-03;15.903;14.287;0.439;3.18;13:27:38.000
233.73;61.69E-03;6.091;50.006;300;200E-03;14.419;13.069;0.422;3.20;13:27:39.000
233.56;64.74E-03;6.513;50.009;300;200E-03;15.121;13.647;0.431;3.20;13:27:40.000
233.69;61.30E-03;6.075;50.008;300;200E-03;14.324;12.972;0.424;3.20;13:27:41.000
233.75;60.95E-03;6.061;50.013;300;200E-03;14.246;12.892;0.425;3.19;13:27:42.000
233.68;63.28E-03;6.429;50.014;300;200E-03;14.787;13.317;0.435;3.17;13:27:43.000
233.54;60.55E-03;6.040;50.015;300;200E-03;14.141;12.786;0.427;3.24;13:27:44.000
233.67;62.77E-03;6.349;50.014;300;200E-03;14.668;13.222;0.433;3.24;13:27:45.000
233.77;60.46E-03;6.047;50.017;300;200E-03;14.133;12.774;0.428;3.23;13:27:46.000
233.68;64.18E-03;6.551;50.017;300;200E-03;14.997;13.491;0.437;3.25;13:27:47.000
233.79;66.99E-03;6.896;50.020;300;200E-03;15.662;14.062;0.440;3.20;13:27:48.000
233.74;60.33E-03;6.039;50.013;300;200E-03;14.103;12.744;0.428;3.20;13:27:49.000
233.87;60.55E-03;6.088;50.008;300;200E-03;14.161;12.786;0.430;3.18;13:27:50.000
233.86;61.83E-03;6.188;50.010;300;200E-03;14.459;13.068;0.428;3.22;13:27:51.000
233.76;66.17E-03;6.894;50.006;300;200E-03;15.468;13.847;0.446;3.23;13:27:52.000
233.67;63.82E-03;6.461;50.006;300;200E-03;14.912;13.440;0.433;3.23;13:27:53.000
233.78;60.70E-03;6.061;50.003;300;200E-03;14.190;12.830;0.427;3.20;13:27:54.000
233.94;65.31E-03;6.767;50.002;300;200E-03;15.279;13.698;0.443;3.20;13:27:55.000
233.88;58.76E-03;5.844;49.996;300;200E-03;13.743;12.438;0.425;3.20;13:27:56.000
233.84;58.10E-03;5.737;49.997;300;200E-03;13.587;12.316;0.422;3.23;13:27:57.000
233.80;61.05E-03;6.096;49.998;300;200E-03;14.274;12.907;0.427;3.19;13:27:58.000
233.75;61.91E-03;6.203;49.997;300;200E-03;14.470;13.073;0.429;3.18;13:27:59.000
233.96;60.10E-03;6.009;49.993;300;200E-03;14.061;12.712;0.427;3.17;13:28:00.000
233.76;60.50E-03;6.064;49.991;300;200E-03;14.142;12.776;0.429;3.16;13:28:01.000
233.95;60.83E-03;6.054;49.991;300;200E-03;14.232;12.880;0.425;3.15;13:28:02.000
233.88;59.88E-03;6.007;49.994;300;200E-03;14.005;12.651;0.429;3.18;13:28:03.000
233.80;64.56E-03;6.605;49.990;300;200E-03;15.095;13.574;0.438;3.14;13:28:04.000
233.93;59.88E-03;6.004;49.988;300;200E-03;14.009;12.657;0.429;3.17;13:28:05.000
233.91;61.23E-03;6.137;49.986;300;200E-03;14.321;12.940;0.429;3.17;13:28:06.000
233.80;63.17E-03;6.413;49.996;300;200E-03;14.770;13.305;0.434;3.15;13:28:07.000
233.80;66.15E-03;6.861;49.987;300;200E-03;15.465;13.860;0.444;3.18;13:28:08.000
233.82;61.85E-03;6.269;49.989;300;200E-03;14.461;13.031;0.434;3.18;13:28:09.000
233.85;62.07E-03;6.271;49.996;300;200E-03;14.515;13.091;0.432;3.18;13:28:10.000
233.69;62.78E-03;6.403;49.988;300;200E-03;14.672;13.201;0.436;3.19;13:28:11.000
233.92;69.62E-03;7.322;49.994;300;200E-03;16.285;14.547;0.450;3.19;13:28:12.000
233.81;68.72E-03;7.302;49.995;300;200E-03;16.068;14.313;0.454;3.21;13:28:13.000
233.79;66.81E-03;7.022;49.993;300;200E-03;15.620;13.953;0.450;3.25;13:28:14.000
233.74;62.70E-03;6.404;49.996;300;200E-03;14.656;13.183;0.437;3.22;13:28:15.000
233.71;60.74E-03;6.141;49.990;300;200E-03;14.196;12.799;0.433;3.20;13:28:16.000
233.59;59.21E-03;5.965;49.994;300;200E-03;13.830;12.478;0.431;3.22;13:28:17.000
233.67;66.07E-03;6.792;49.998;300;200E-03;15.438;13.864;0.440;3.17;13:28:18.000
233.64;62.92E-03;6.231;49.996;300;200E-03;14.700;13.315;0.424;3.17;13:28:19.000
233.72;61.13E-03;6.110;49.997;300;200E-03;14.288;12.915;0.428;3.18;13:28:20.000
233.70;63.31E-03;6.388;50.006;300;200E-03;14.797;13.347;0.432;3.19;13:28:21.000
233.71;60.81E-03;6.068;49.998;300;200E-03;14.211;12.850;0.427;3.20;13:28:22.000
233.69;63.69E-03;6.454;50.003;300;200E-03;14.885;13.413;0.434;3.17;13:28:23.000
233.61;66.39E-03;6.866;49.999;300;200E-03;15.510;13.907;0.443;3.19;13:28:24.000
233.73;60.74E-03;6.179;50.003;300;200E-03;14.197;12.782;0.435;3.24;13:28:25.000
233.61;63.06E-03;6.486;50.006;300;200E-03;14.733;13.228;0.440;3.22;13:28:26.000
233.65;60.06E-03;6.038;50.003;300;200E-03;14.033;12.667;0.430;3.21;13:28:27.000
233.70;60.20E-03;6.038;50.008;300;200E-03;14.070;12.708;0.429;3.21;13:28:28.000
233.73;66.43E-03;6.872;50.008;300;200E-03;15.527;13.924;0.443;3.19;13:28:29.000
233.70;59.25E-03;5.908;50.007;300;200E-03;13.848;12.524;0.427;3.18;13:28:30.000
233.84;60.16E-03;6.052;50.007;300;200E-03;14.068;12.699;0.430;3.18;13:28:31.000
233.83;59.63E-03;5.992;50.011;300;200E-03;13.943;12.590;0.430;3.19;13:28:32.000
233.72;60.54E-03;6.078;50.017;300;200E-03;14.148;12.776;0.430;3.21;13:28:33.000
233.80;61.35E-03;6.164;50.008;300;200E-03;14.343;12.951;0.430;3.21;13:28:34.000
233.81;60.20E-03;6.071;50.011;300;200E-03;14.076;12.699;0.431;3.20;13:28:35.000
233.85;60.56E-03;6.113;50.011;300;200E-03;14.163;12.776;0.432;3.20;13:28:36.000
233.90;61.62E-03;6.260;50.015;300;200E-03;14.413;12.982;0.434;3.19;13:28:37.000
233.79;65.95E-03;6.873;50.012;300;200E-03;15.417;13.800;0.446;3.20;13:28:38.000
233.84;60.28E-03;6.050;50.013;300;200E-03;14.095;12.730;0.429;3.17;13:28:39.000
233.88;63.00E-03;6.437;50.015;300;200E-03;14.735;13.255;0.437;3.20;13:28:40.000
233.89;62.10E-03;6.311;50.009;300;200E-03;14.524;13.081;0.434;3.21;13:28:41.000
234.02;66.14E-03;6.910;50.014;300;200E-03;15.478;13.850;0.446;3.21;13:28:42.000
233.92;64.50E-03;6.622;50.015;300;200E-03;15.089;13.558;0.439;3.22;13:28:43.000
233.84;59.58E-03;5.971;50.009;300;200E-03;13.931;12.587;0.429;3.19;13:28:44.000
233.84;63.78E-03;6.614;50.014;300;200E-03;14.914;13.367;0.443;3.18;13:28:45.000
233.86;60.53E-03;6.109;50.017;300;200E-03;14.156;12.770;0.432;3.20;13:28:46.000
233.89;60.44E-03;6.045;50.013;300;200E-03;14.136;12.779;0.428;3.19;13:28:47.000
233.87;67.26E-03;6.905;50.016;300;200E-03;15.729;14.132;0.439;3.22;13:28:48.000
233.93;66.78E-03;6.862;50.009;300;200E-03;15.621;14.033;0.439;3.19;13:28:49.000
233.85;60.46E-03;6.000;50.007;300;200E-03;14.139;12.803;0.424;3.23;13:28:50.000
233.97;66.71E-03;6.891;50.001;300;200E-03;15.609;14.005;0.442;3.22;13:28:51.000
233.85;65.12E-03;6.641;50.005;300;200E-03;15.230;13.705;0.436;3.21;13:28:52.000
234.03;60.41E-03;6.022;50.004;300;200E-03;14.137;12.790;0.426;3.19;13:28:53.000
233.88;63.30E-03;6.399;50.002;300;200E-03;14.804;13.350;0.432;3.18;13:28:54.000
233.99;61.32E-03;6.159;50.001;300;200E-03;14.349;12.960;0.429;3.18;13:28:55.000
234.00;57.90E-03;5.596;50.003;300;200E-03;13.550;12.340;0.413;3.21;13:28:56.000
234.04;59.59E-03;5.847;49.994;300;200E-03;13.946;12.661;0.419;3.23;13:28:57.000
233.95;66.67E-03;6.868;49.998;300;200E-03;15.597;14.003;0.440;3.20;13:28:58.000
233.81;63.12E-03;6.388;49.990;300;200E-03;14.758;13.304;0.433;3.21;13:28:59.000
233.73;60.89E-03;6.055;49.997;300;200E-03;14.231;12.879;0.425;3.23;13:29:00.000
233.71;65.12E-03;6.596;49.993;300;200E-03;15.219;13.715;0.433;3.23;13:29:01.000
233.97;61.40E-03;6.126;49.996;300;200E-03;14.365;12.993;0.426;3.24;13:29:02.000
233.97;66.77E-03;6.876;49.988;300;200E-03;15.621;14.027;0.440;3.23;13:29:03.000
233.92;68.26E-03;7.124;49.995;300;200E-03;15.967;14.289;0.446;3.24;13:29:04.000
233.92;64.84E-03;6.547;49.982;300;200E-03;15.168;13.682;0.432;3.24;13:29:05.000
233.88;62.78E-03;6.314;49.986;300;200E-03;14.682;13.255;0.430;3.20;13:29:06.000
233.88;63.69E-03;6.433;49.982;300;200E-03;14.895;13.434;0.432;3.19;13:29:07.000
234.04;63.25E-03;6.416;49.982;300;200E-03;14.802;13.339;0.433;3.20;13:29:08.000
233.86;62.95E-03;6.350;49.984;300;200E-03;14.722;13.282;0.431;3.15;13:29:09.000
233.85;60.94E-03;6.111;49.980;300;200E-03;14.250;12.873;0.429;3.17;13:29:10.000
233.85;64.46E-03;6.570;49.981;300;200E-03;15.074;13.567;0.436;3.19;13:29:11.000
233.92;61.45E-03;6.156;49.984;300;200E-03;14.375;12.990;0.428;3.18;13:29:12.000
233.88;66.74E-03;6.895;49.983;300;200E-03;15.609;14.004;0.442;3.21;13:29:13.000
233.89;62.91E-03;6.344;49.987;300;200E-03;14.714;13.276;0.431;3.19;13:29:14.000
233.89;65.21E-03;6.667;49.985;300;200E-03;15.252;13.718;0.437;3.23;13:29:15.000
233.87;61.22E-03;6.044;49.991;300;200E-03;14.319;12.981;0.422;3.19;13:29:16.000
233.87;64.13E-03;6.491;49.990;300;200E-03;14.998;13.520;0.433;3.20;13:29:17.000
233.94;57.03E-03;5.518;49.991;300;200E-03;13.341;12.146;0.414;3.20;13:29:18.000
233.85;61.06E-03;6.035;49.990;300;200E-03;14.278;12.940;0.423;3.21;13:29:19.000
233.86;67.54E-03;6.912;49.995;300;200E-03;15.795;14.202;0.438;3.20;13:29:20.000
233.99;63.46E-03;6.343;49.998;300;200E-03;14.849;13.426;0.427;3.16;13:29:21.000
233.99;66.14E-03;6.811;49.994;300;200E-03;15.476;13.896;0.440;3.18;13:29:22.000
234.00;65.70E-03;6.719;49.997;300;200E-03;15.373;13.827;0.437;3.19;13:29:23.000
233.97;61.05E-03;6.066;50.005;300;200E-03;14.283;12.931;0.425;3.20;13:29:24.000
234.08;61.12E-03;6.099;50.005;300;200E-03;14.308;12.943;0.426;3.20;13:29:25.000
233.82;63.40E-03;6.380;50.006;300;200E-03;14.825;13.382;0.430;3.20;13:29:26.000
234.07;66.93E-03;6.902;50.010;300;200E-03;15.665;14.063;0.441;3.21;13:29:27.000
234.04;65.97E-03;6.785;50.007;300;200E-03;15.439;13.868;0.439;3.20;13:29:28.000
234.11;64.59E-03;6.550;50.014;300;200E-03;15.122;13.630;0.433;3.18;13:29:29.000
234.04;65.40E-03;6.706;50.012;300;200E-03;15.305;13.758;0.438;3.18;13:29:30.000
234.14;57.12E-03;5.556;50.012;300;200E-03;13.374;12.166;0.415;3.17;13:29:31.000
234.22;67.93E-03;6.982;50.008;300;200E-03;15.912;14.298;0.439;3.21;13:29:32.000
234.12;65.11E-03;6.626;50.014;300;200E-03;15.244;13.728;0.435;3.22;13:29:33.000
234.01;61.17E-03;6.105;50.017;300;200E-03;14.314;12.947;0.426;3.23;13:29:34.000
233.99;63.65E-03;6.438;50.014;300;200E-03;14.893;13.429;0.432;3.20;13:29:35.000
233.98;67.04E-03;6.852;50.017;300;200E-03;15.687;14.112;0.437;3.18;13:29:36.000
234.06;65.52E-03;6.682;50.017;300;200E-03;15.336;13.804;0.436;3.21;13:29:37.000
234.02;61.76E-03;6.197;50.013;300;200E-03;14.453;13.057;0.429;3.18;13:29:38.000
234.04;60.89E-03;6.063;50.011;300;200E-03;14.250;12.896;0.425;3.16;13:29:39.000
234.02;60.23E-03;5.976;50.013;300;200E-03;14.095;12.766;0.424;3.17;13:29:40.000
234.07;66.04E-03;6.798;50.012;300;200E-03;15.458;13.883;0.440;3.15;13:29:41.000
234.18;66.78E-03;6.874;50.010;300;200E-03;15.639;14.047;0.440;3.17;13:29:42.000
234.08;60.89E-03;6.068;50.011;300;200E-03;14.254;12.897;0.426;3.17;13:29:43.000
234.11;60.82E-03;6.043;50.006;300;200E-03;14.238;12.892;0.424;3.18;13:29:44.000
233.98;65.09E-03;6.640;50.008;300;200E-03;15.229;13.705;0.436;3.15;13:29:45.000
233.98;66.76E-03;6.872;50.005;300;200E-03;15.620;14.027;0.440;3.16;13:29:46.000
234.00;60.97E-03;6.088;50.006;300;200E-03;14.266;12.902;0.427;3.14;13:29:47.000
234.12;60.57E-03;6.005;50.001;300;200E-03;14.181;12.847;0.423;3.16;13:29:48.000
234.13;64.74E-03;6.601;50.003;300;200E-03;15.157;13.644;0.436;3.16;13:29:49.000
234.09;60.79E-03;6.032;49.997;300;200E-03;14.230;12.888;0.424;3.16;13:29:50.000
234.14;61.02E-03;6.069;50.004;300;200E-03;14.287;12.933;0.425;3.16;13:29:51.000
234.09;61.07E-03;6.081;50.001;300;200E-03;14.296;12.938;0.425;3.16;13:29:52.000
234.06;66.69E-03;6.861;49.997;300;200E-03;15.608;14.019;0.440;3.18;13:29:53.000
234.06;61.95E-03;6.227;49.989;300;200E-03;14.500;13.095;0.429;3.17;13:29:54.000
234.05;64.05E-03;6.521;49.999;300;200E-03;14.990;13.498;0.435;3.17;13:29:55.000
234.07;59.23E-03;5.886;49.994;300;200E-03;13.864;12.553;0.425;3.17;13:29:56.000
234.13;63.04E-03;6.398;50.002;300;200E-03;14.759;13.300;0.433;3.19;13:29:57.000
234.04;66.85E-03;6.871;50.001;300;200E-03;15.644;14.054;0.439;3.23;13:29:58.000
234.02;65.20E-03;6.680;50.000;300;200E-03;15.258;13.718;0.438;3.20;13:29:59.000
233.99;67.07E-03;6.902;50.000;300;200E-03;15.694;14.094;0.440;3.17;13:30:00.000
234.06;68.92E-03;7.137;50.001;300;200E-03;16.131;14.466;0.442;3.16;13:30:01.000
234.04;62.19E-03;6.282;50.007;300;200E-03;14.554;13.129;0.432;3.13;13:30:02.000
234.06;63.23E-03;6.388;50.016;300;200E-03;14.799;13.349;0.432;3.12;13:30:03.000
234.12;70.27E-03;7.389;50.007;300;200E-03;16.451;14.698;0.449;3.17;13:30:04.000
234.12;63.43E-03;6.335;50.007;300;200E-03;14.849;13.430;0.427;3.16;13:30:05.000
234.15;63.83E-03;6.390;50.006;300;200E-03;14.945;13.510;0.428;3.17;13:30:06.000
234.18;61.78E-03;6.144;50.001;300;200E-03;14.468;13.098;0.425;3.14;13:30:07.000
234.09;62.68E-03;6.301;50.007;300;200E-03;14.673;13.251;0.429;3.15;13:30:08.000
234.06;64.03E-03;6.596;50.000;300;200E-03;14.988;13.459;0.440;3.20;13:30:09.000
234.13;60.95E-03;6.063;50.004;300;200E-03;14.269;12.917;0.425;3.27;13:30:10.000
234.08;66.99E-03;6.930;50.010;300;200E-03;15.682;14.067;0.442;3.19;13:30:11.000
234.15;61.77E-03;6.163;50.005;300;200E-03;14.463;13.084;0.426;3.20;13:30:12.000
234.15;65.78E-03;6.775;49.992;300;200E-03;15.402;13.832;0.440;3.21;13:30:13.000
234.01;61.17E-03;6.087;49.995;300;200E-03;14.316;12.957;0.425;3.16;13:30:14.000
233.98;61.37E-03;6.100;49.998;300;200E-03;14.359;12.999;0.425;3.18;13:30:15.000
234.05;65.05E-03;6.639;49.993;300;200E-03;15.226;13.702;0.436;3.16;13:30:16.000
234.06;59.38E-03;5.878;50.003;300;200E-03;13.898;12.594;0.423;3.16;13:30:17.000
234.02;67.22E-03;6.911;49.998;300;200E-03;15.731;14.132;0.439;3.15;13:30:18.000
233.93;61.86E-03;6.118;49.993;300;200E-03;14.472;13.115;0.423;3.14;13:30:19.000
234.10;61.15E-03;6.108;49.999;300;200E-03;14.314;12.946;0.427;3.18;13:30:20.000
234.02;65.11E-03;6.596;50.000;300;200E-03;15.236;13.734;0.433;3.14;13:30:21.000
234.05;62.56E-03;6.296;49.994;300;200E-03;14.641;13.218;0.430;3.17;13:30:22.000
234.04;61.55E-03;6.151;49.997;300;200E-03;14.406;13.027;0.427;3.22;13:30:23.000
233.99;61.67E-03;6.068;49.993;300;200E-03;14.430;13.092;0.421;3.21;13:30:24.000
233.99;66.95E-03;6.885;49.994;300;200E-03;15.665;14.071;0.440;3.17;13:30:25.000
233.94;66.40E-03;6.811;49.994;300;200E-03;15.534;13.961;0.438;3.22;13:30:26.000
233.95;63.95E-03;6.477;49.995;300;200E-03;14.961;13.486;0.433;3.24;13:30:27.000
233.94;63.07E-03;6.305;50.002;300;200E-03;14.754;13.339;0.427;3.23;13:30:28.000
233.96;67.14E-03;6.901;49.990;300;200E-03;15.708;14.111;0.439;3.29;13:30:29.000
233.92;60.42E-03;5.929;49.990;300;200E-03;14.133;12.829;0.420;3.22;13:30:30.000
233.85;59.27E-03;5.854;49.992;300;200E-03;13.859;12.563;0.422;3.25;13:30:31.000
233.85;66.06E-03;6.780;49.991;300;200E-03;15.447;13.880;0.439;3.27;13:30:32.000
233.69;63.39E-03;6.396;49.991;300;200E-03;14.813;13.361;0.432;3.27;13:30:33.000
233.64;63.03E-03;6.324;49.995;300;200E-03;14.725;13.298;0.429;3.17;13:30:34.000
233.68;61.21E-03;6.083;49.983;300;200E-03;14.303;12.944;0.425;3.21;13:30:35.000
233.63;61.27E-03;6.080;49.988;300;200E-03;14.314;12.959;0.425;3.25;13:30:36.000
233.38;66.05E-03;6.754;49.997;300;200E-03;15.413;13.855;0.438;3.17;13:30:37.000
233.52;61.74E-03;6.171;49.987;300;200E-03;14.418;13.030;0.428;3.18;13:30:38.000
233.60;61.27E-03;6.067;49.987;300;200E-03;14.312;12.963;0.424;3.18;13:30:39.000
233.54;64.85E-03;6.580;49.984;300;200E-03;15.146;13.642;0.434;3.17;13:30:40.000
233.57;68.27E-03;7.094;49.981;300;200E-03;15.945;14.281;0.445;3.16;13:30:41.000
233.49;62.80E-03;6.367;49.988;300;200E-03;14.662;13.207;0.434;3.21;13:30:42.000
233.55;63.33E-03;6.404;49.985;300;200E-03;14.791;13.332;0.433;3.20;13:30:43.000
233.54;67.07E-03;6.807;49.985;300;200E-03;15.664;14.108;0.435;3.21;13:30:44.000
233.71;63.88E-03;6.436;49.988;300;200E-03;14.930;13.472;0.431;3.24;13:30:45.000
233.67;64.45E-03;6.485;49.993;300;200E-03;15.060;13.592;0.431;3.23;13:30:46.000
233.63;63.41E-03;6.406;49.994;300;200E-03;14.815;13.359;0.432;3.20;13:30:47.000
233.64;63.52E-03;6.399;49.994;300;200E-03;14.842;13.391;0.431;3.19;13:30:48.000
233.61;63.58E-03;6.403;49.995;300;200E-03;14.853;13.402;0.431;3.21;13:30:49.000
233.64;63.97E-03;6.498;49.995;300;200E-03;14.946;13.459;0.435;3.15;13:30:50.000
233.84;60.45E-03;6.001;50.001;300;200E-03;14.136;12.799;0.424;3.14;13:30:51.000
233.77;59.09E-03;5.804;50.000;300;200E-03;13.813;12.534;0.420;3.18;13:30:52.000
233.91;59.07E-03;5.816;49.999;300;200E-03;13.817;12.534;0.421;3.14;13:30:53.000
233.86;61.27E-03;6.089;49.999;300;200E-03;14.328;12.970;0.425;3.14;13:30:54.000
233.77;63.53E-03;6.365;50.004;300;200E-03;14.851;13.418;0.429;3.13;13:30:55.000
233.72;61.11E-03;6.071;50.001;300;200E-03;14.282;12.928;0.425;3.15;13:30:56.000
233.71;63.68E-03;6.455;50.005;300;200E-03;14.883;13.411;0.434;3.13;13:30:57.000
233.78;61.31E-03;6.069;50.008;300;200E-03;14.334;12.986;0.423;3.13;13:30:58.000
233.76;64.11E-03;6.495;50.009;300;200E-03;14.986;13.505;0.433;3.10;13:30:59.000
233.71;65.42E-03;6.698;50.006;300;200E-03;15.288;13.743;0.438;3.14;13:31:00.000
233.67;67.45E-03;6.914;50.002;300;200E-03;15.761;14.163;0.439;3.13;13:31:01.000
233.83;61.49E-03;6.130;49.998;300;200E-03;14.379;13.007;0.426;3.16;13:31:02.000
233.79;65.49E-03;6.695;49.998;300;200E-03;15.312;13.770;0.437;3.17;13:31:03.000
233.77;59.09E-03;5.766;50.001;300;200E-03;13.813;12.552;0.417;3.18;13:31:04.000
233.86;59.42E-03;5.864;49.998;300;200E-03;13.896;12.598;0.422;3.18;13:31:05.000
233.80;60.62E-03;6.013;49.999;300;200E-03;14.173;12.835;0.424;3.16;13:31:06.000
233.82;64.95E-03;6.638;50.002;300;200E-03;15.186;13.659;0.437;3.19;13:31:07.000
233.78;66.91E-03;6.895;49.996;300;200E-03;15.642;14.040;0.441;3.19;13:31:08.000
233.86;62.97E-03;6.337;49.997;300;200E-03;14.727;13.294;0.430;3.15;13:31:09.000
233.67;61.35E-03;6.084;49.992;300;200E-03;14.335;12.980;0.424;3.16;13:31:10.000
233.78;65.78E-03;6.738;49.994;300;200E-03;15.378;13.823;0.438;3.17;13:31:11.000
233.75;60.97E-03;6.071;49.996;300;200E-03;14.252;12.894;0.426;3.17;13:31:12.000
233.74;63.32E-03;6.353;49.995;300;200E-03;14.802;13.369;0.429;3.18;13:31:13.000
233.87;64.07E-03;6.434;49.994;300;200E-03;14.984;13.532;0.429;3.15;13:31:14.000
233.80;62.53E-03;6.281;49.991;300;200E-03;14.620;13.202;0.430;3.15;13:31:15.000
233.74;61.48E-03;6.096;49.994;300;200E-03;14.370;13.014;0.424;3.15;13:31:16.000
233.81;63.46E-03;6.342;50.002;300;200E-03;14.838;13.415;0.427;3.20;13:31:17.000
233.91;60.80E-03;6.074;49.995;300;200E-03;14.222;12.860;0.427;3.17;13:31:18.000
233.91;61.52E-03;6.089;49.998;300;200E-03;14.389;13.037;0.423;3.14;13:31:19.000
233.95;66.65E-03;6.863;49.998;300;200E-03;15.593;14.001;0.440;3.18;13:31:20.000
234.07;67.39E-03;6.937;49.999;300;200E-03;15.774;14.167;0.440;3.19;13:31:21.000
234.03;61.47E-03;6.113;49.999;300;200E-03;14.386;13.023;0.425;3.17;13:31:22.000
233.91;64.44E-03;6.510;49.997;300;200E-03;15.073;13.595;0.432;3.17;13:31:23.000
233.85;63.15E-03;6.366;49.997;300;200E-03;14.768;13.325;0.431;3.19;13:31:24.000
233.95;67.50E-03;6.947;49.999;300;200E-03;15.791;14.180;0.440;3.20;13:31:25.000
233.94;60.72E-03;5.970;50.001;300;200E-03;14.204;12.889;0.420;3.19;13:31:26.000
234.02;60.65E-03;6.023;50.002;300;200E-03;14.193;12.852;0.424;3.21;13:31:27.000
234.05;63.18E-03;6.356;50.002;300;200E-03;14.787;13.351;0.430;3.20;13:31:28.000
234.09;42.05E-03;3.685;50.006;300;200E-03;9.843;9.127;0.374;3.18;13:31:29.000
nan;nan;nan;nan;300;100E-03;nan;nan;nan;nan;13:31:30.000
234.03;45.41E-03;4.081;50.005;300;100E-03;10.628;9.813;0.384;3.24;13:31:31.000
234.06;50.52E-03;4.660;50.006;300;100E-03;11.824;10.867;0.394;3.19;13:31:32.000
233.97;46.35E-03;4.191;50.006;300;100E-03;10.845;10.002;0.386;3.18;13:31:33.000
234.05;41.31E-03;3.601;50.007;300;100E-03;9.668;8.972;0.372;3.17;13:31:34.000
233.89;41.53E-03;3.562;50.007;300;100E-03;9.714;9.037;0.367;3.15;13:31:35.000
233.97;41.62E-03;3.623;50.008;300;100E-03;9.738;9.039;0.372;3.18;13:31:36.000
233.79;40.74E-03;3.517;50.012;300;100E-03;9.524;8.851;0.369;3.18;13:31:37.000
233.87;41.65E-03;3.595;50.007;300;100E-03;9.742;9.054;0.369;3.17;13:31:38.000
233.90;41.56E-03;3.640;50.004;300;100E-03;9.722;9.015;0.374;3.19;13:31:39.000
233.85;41.08E-03;3.567;50.011;300;100E-03;9.606;8.919;0.371;3.19;13:31:40.000
233.92;41.30E-03;3.575;50.007;300;100E-03;9.661;8.976;0.370;3.22;13:31:41.000
233.80;41.44E-03;3.600;50.009;300;100E-03;9.688;8.995;0.372;3.18;13:31:42.000
233.83;41.48E-03;3.591;50.007;300;100E-03;9.699;9.009;0.370;3.17;13:31:43.000
233.82;42.09E-03;3.61;50.012;300;500E-03;9.84;9.15;0.367;3.17;13:31:44.000
233.82;41.05E-03;3.560;50.009;300;100E-03;9.599;8.914;0.371;3.23;13:31:45.000
233.86;41.05E-03;3.554;50.014;300;100E-03;9.600;8.918;0.370;3.23;13:31:46.000
233.85;41.52E-03;3.572;50.011;300;100E-03;9.710;9.029;0.368;3.24;13:31:47.000
233.89;41.18E-03;3.553;50.015;300;100E-03;9.632;8.952;0.369;3.26;13:31:48.000
233.88;41.10E-03;3.545;50.017;300;100E-03;9.613;8.935;0.369;3.27;13:31:49.000
233.88;40.21E-03;3.464;50.009;300;100E-03;9.403;8.742;0.368;3.24;13:31:50.000
233.97;40.78E-03;3.528;50.006;300;100E-03;9.542;8.865;0.370;3.23;13:31:51.000
233.88;40.99E-03;3.516;50.010;300;100E-03;9.587;8.920;0.367;3.19;13:31:52.000
233.91;41.03E-03;3.529;50.010;300;100E-03;9.598;8.926;0.368;3.20;13:31:53.000
233.95;41.01E-03;3.552;50.007;300;100E-03;9.595;8.913;0.370;3.21;13:31:54.000
233.96;44.81E-03;4.026;50.003;300;100E-03;10.484;9.681;0.384;3.21;13:31:55.000
233.99;45.05E-03;4.023;50.000;300;100E-03;10.541;9.743;0.382;3.22;13:31:56.000
233.95;41.14E-03;3.563;50.003;300;100E-03;9.625;8.941;0.370;3.22;13:31:57.000
233.99;45.16E-03;4.087;49.998;300;100E-03;10.567;9.744;0.387;3.24;13:31:58.000
234.03;44.39E-03;3.992;50.000;300;100E-03;10.388;9.591;0.384;3.24;13:31:59.000
233.91;45.05E-03;4.032;50.003;300;100E-03;10.538;9.736;0.383;3.23;13:32:00.000
233.99;46.44E-03;4.185;50.004;300;100E-03;10.865;10.027;0.385;3.21;13:32:01.000
234.07;46.86E-03;4.288;49.998;300;100E-03;10.969;10.096;0.391;3.21;13:32:02.000
234.03;48.02E-03;4.402;50.000;300;100E-03;11.239;10.341;0.392;3.22;13:32:03.000
234.10;48.51E-03;4.457;50.006;300;100E-03;11.357;10.446;0.392;3.22;13:32:04.000
234.02;47.25E-03;4.293;50.003;300;100E-03;11.059;10.191;0.388;3.22;13:32:05.000
233.89;inf;inf;50.007;300;100E-03;inf;inf;inf;3.25;13:32:06.000
233.96;41.96E-03;3.60;50.005;300;500E-03;9.82;9.13;0.367;3.22;13:32:07.000
233.95;40.33E-03;3.485;50.008;300;100E-03;9.434;8.767;0.369;3.16;13:32:08.000
234.11;40.29E-03;3.485;50.003;300;100E-03;9.432;8.765;0.369;3.19;13:32:09.000
234.03;39.90E-03;3.435;50.002;300;100E-03;9.339;8.684;0.368;3.21;13:32:10.000
234.05;39.66E-03;3.398;49.997;300;100E-03;9.283;8.638;0.366;3.16;13:32:11.000
234.05;40.73E-03;3.536;49.998;300;100E-03;9.534;8.854;0.371;3.18;13:32:12.000
234.06;40.77E-03;3.538;50.000;300;100E-03;9.544;8.864;0.371;3.19;13:32:13.000
234.02;40.24E-03;3.467;50.001;300;100E-03;9.418;8.756;0.368;3.20;13:32:14.000
234.07;39.67E-03;3.391;50.000;300;100E-03;9.285;8.644;0.365;3.20;13:32:15.000
234.10;39.99E-03;3.445;49.995;300;100E-03;9.362;8.705;0.368;3.17;13:32:16.000
234.13;40.50E-03;3.525;49.998;300;100E-03;9.482;8.803;0.372;3.20;13:32:17.000
234.09;40.49E-03;3.504;49.990;300;100E-03;9.479;8.808;0.370;3.20;13:32:18.000
234.04;40.86E-03;3.519;49.999;300;100E-03;9.563;8.892;0.368;3.17;13:32:19.000
234.26;40.40E-03;3.464;49.994;300;100E-03;9.464;8.807;0.366;3.19;13:32:20.000
234.29;40.22E-03;3.436;49.991;300;100E-03;9.424;8.775;0.365;3.16;13:32:21.000
234.31;42.33E-03;3.67;49.996;300;500E-03;9.92;9.21;0.370;3.17;13:32:22.000
234.41;40.30E-03;3.482;49.989;300;100E-03;9.447;8.782;0.369;3.15;13:32:23.000
234.45;40.73E-03;3.553;49.987;300;100E-03;9.549;8.863;0.372;3.16;13:32:24.000
234.36;40.59E-03;3.465;49.990;300;100E-03;9.514;8.860;0.364;3.20;13:32:25.000
234.16;40.05E-03;3.415;49.989;300;100E-03;9.378;8.735;0.364;3.16;13:32:26.000
234.26;40.15E-03;3.452;49.985;300;100E-03;9.406;8.750;0.367;3.16;13:32:27.000
234.24;40.16E-03;3.436;49.988;300;100E-03;9.407;8.757;0.365;3.18;13:32:28.000
234.18;40.35E-03;3.425;49.989;300;100E-03;9.449;8.806;0.362;3.21;13:32:29.000
234.15;40.81E-03;3.508;49.987;300;100E-03;9.557;8.890;0.367;3.22;13:32:30.000
234.12;40.35E-03;3.466;49.990;300;100E-03;9.448;8.789;0.367;3.23;13:32:31.000
234.12;42.65E-03;3.732;49.987;300;100E-03;9.985;9.261;0.374;3.16;13:32:32.000
234.07;41.05E-03;3.551;49.988;300;100E-03;9.608;8.927;0.370;3.22;13:32:33.000
233.95;43.68E-03;3.844;49.983;300;100E-03;10.218;9.467;0.376;3.17;13:32:34.000
233.82;45.68E-03;4.047;49.988;300;100E-03;10.680;9.883;0.379;3.19;13:32:35.000
234.01;45.35E-03;4.074;49.984;300;100E-03;10.612;9.798;0.384;3.24;13:32:36.000
234.04;47.65E-03;4.338;49.985;300;100E-03;11.153;10.275;0.389;3.19;13:32:37.000
233.99;48.33E-03;4.434;49.986;300;100E-03;11.308;10.402;0.392;3.20;13:32:38.000
233.98;49.81E-03;4.599;49.985;300;100E-03;11.654;10.708;0.395;3.20;13:32:39.000
233.89;40.96E-03;3.523;49.991;300;100E-03;9.580;8.909;0.368;3.21;13:32:40.000
233.85;inf;inf;49.995;300;100E-03;inf;inf;inf;3.23;13:32:41.000
nan;nan;nan;nan;300;100E-03;nan;nan;nan;nan;13:32:42.000
233.97;42.60E-03;3.766;49.988;300;100E-03;9.966;9.227;0.378;3.22;13:32:43.000
233.90;42.16E-03;3.708;49.998;300;100E-03;9.860;9.137;0.376;3.21;13:32:44.000
233.88;39.79E-03;3.434;49.992;300;100E-03;9.306;8.649;0.369;3.23;13:32:45.000
233.84;39.67E-03;3.397;49.991;300;100E-03;9.276;8.631;0.366;3.27;13:32:46.000
233.81;40.14E-03;3.412;49.992;300;100E-03;9.384;8.742;0.364;3.24;13:32:47.000
233.81;39.86E-03;3.411;49.992;300;100E-03;9.320;8.674;0.366;3.25;13:32:48.000
233.85;39.91E-03;3.435;49.985;300;100E-03;9.334;8.679;0.368;3.27;13:32:49.000
233.86;39.50E-03;3.378;49.990;300;100E-03;9.238;8.598;0.366;3.21;13:32:50.000
233.71;39.95E-03;3.399;49.985;300;100E-03;9.336;8.695;0.364;3.25;13:32:51.000
233.85;40.39E-03;3.463;49.982;300;100E-03;9.446;8.789;0.367;3.25;13:32:52.000
233.92;39.70E-03;3.442;49.981;300;100E-03;9.287;8.625;0.371;3.22;13:32:53.000
233.70;39.95E-03;3.418;49.984;300;100E-03;9.336;8.687;0.366;3.25;13:32:54.000
233.77;39.16E-03;3.347;49.984;300;100E-03;9.155;8.521;0.366;3.22;13:32:55.000
233.85;39.92E-03;3.461;49.989;300;100E-03;9.336;8.671;0.371;3.23;13:32:56.000
233.70;39.96E-03;3.434;49.986;300;100E-03;9.338;8.683;0.368;3.22;13:32:57.000
233.66;39.85E-03;3.432;49.986;300;100E-03;9.312;8.656;0.369;3.24;13:32:58.000
233.71;40.43E-03;3.420;49.979;300;100E-03;9.448;8.807;0.362;3.25;13:32:59.000
233.68;39.95E-03;3.399;49.989;300;100E-03;9.335;8.694;0.364;3.20;13:33:00.000
233.73;40.31E-03;3.496;49.984;300;100E-03;9.421;8.748;0.371;3.25;13:33:01.000
233.67;39.74E-03;3.359;49.987;300;100E-03;9.285;8.656;0.362;3.22;13:33:02.000
233.64;39.53E-03;3.386;49.985;300;100E-03;9.237;8.594;0.367;3.23;13:33:03.000
233.58;39.50E-03;3.398;49.991;300;100E-03;9.226;8.578;0.368;3.18;13:33:04.000
nan;nan;nan;nan;300;500E-03;nan;nan;nan;nan;13:33:05.000
nan;nan;nan;nan;300;100E-03;nan;nan;nan;nan;13:33:06.000
233.70;45.32E-03;4.034;49.986;300;100E-03;10.592;9.794;0.381;3.21;13:33:07.000
233.70;42.13E-03;3.655;49.986;300;100E-03;9.847;9.143;0.371;3.24;13:33:08.000
233.69;44.31E-03;3.960;49.984;300;100E-03;10.354;9.567;0.382;3.21;13:33:09.000
233.67;44.90E-03;3.998;49.983;300;100E-03;10.492;9.701;0.381;3.21;13:33:10.000
233.81;47.73E-03;4.259;49.982;300;100E-03;11.160;10.315;0.382;3.24;13:33:11.000
233.56;47.60E-03;4.330;49.982;300;100E-03;11.117;10.239;0.390;3.24;13:33:12.000
233.71;40.91E-03;3.501;49.977;300;100E-03;9.562;8.898;0.366;3.21;13:33:13.000
233.64;42.28E-03;3.644;49.988;300;100E-03;9.879;9.183;0.369;3.26;13:33:14.000
233.67;39.62E-03;3.379;49.985;300;100E-03;9.258;8.619;0.365;3.23;13:33:15.000
233.61;39.56E-03;3.36;49.987;300;500E-03;9.24;8.61;0.364;3.24;13:33:16.000
233.73;39.83E-03;3.403;49.986;300;100E-03;9.309;8.665;0.366;3.25;13:33:17.000
233.72;40.56E-03;3.44;49.994;300;500E-03;9.48;8.83;0.363;3.24;13:33:18.000
233.80;40.00E-03;3.435;49.993;300;100E-03;9.353;8.700;0.367;3.21;13:33:19.000
233.78;39.99E-03;3.424;49.986;300;100E-03;9.349;8.700;0.366;3.20;13:33:20.000
233.76;40.07E-03;3.461;49.991;300;100E-03;9.366;8.702;0.370;3.21;13:33:21.000
233.77;40.16E-03;3.460;49.994;300;100E-03;9.389;8.728;0.369;3.23;13:33:22.000
233.62;40.29E-03;3.473;49.994;300;100E-03;9.413;8.749;0.369;3.22;13:33:23.000
233.70;40.10E-03;3.424;49.996;300;100E-03;9.371;8.723;0.365;3.20;13:33:24.000
233.88;39.68E-03;3.393;49.992;300;100E-03;9.279;8.637;0.366;3.21;13:33:25.000
233.91;39.23E-03;3.337;49.996;300;100E-03;9.175;8.547;0.364;3.23;13:33:26.000
233.86;40.47E-03;3.471;49.996;300;100E-03;9.464;8.804;0.367;3.20;13:33:27.000
233.83;39.62E-03;3.379;49.996;300;100E-03;9.264;8.625;0.365;3.23;13:33:28.000
233.97;39.97E-03;3.399;49.988;300;100E-03;9.352;8.712;0.363;3.23;13:33:29.000
234.02;39.30E-03;3.372;49.985;300;100E-03;9.198;8.558;0.367;3.21;13:33:30.000
233.85;40.30E-03;3.461;49.987;300;100E-03;9.425;8.766;0.367;3.23;13:33:31.000
233.86;39.92E-03;3.406;49.988;300;100E-03;9.336;8.693;0.365;3.23;13:33:32.000
233.79;40.04E-03;3.407;49.988;300;100E-03;9.361;8.719;0.364;3.23;13:33:33.000
234.05;39.24E-03;3.333;49.989;300;100E-03;9.183;8.557;0.363;3.21;13:33:34.000
233.97;39.56E-03;3.367;49.988;300;100E-03;9.256;8.622;0.364;3.22;13:33:35.000
233.85;39.49E-03;3.403;49.989;300;100E-03;9.234;8.584;0.369;3.20;13:33:36.000
233.97;41.14E-03;3.532;49.994;300;100E-03;9.626;8.954;0.367;3.19;13:33:37.000
233.91;39.22E-03;3.351;49.995;300;100E-03;9.174;8.540;0.365;3.22;13:33:38.000
233.86;42.80E-03;3.788;49.994;300;100E-03;10.009;9.264;0.378;3.21;13:33:39.000
233.93;40.28E-03;3.468;49.993;300;100E-03;9.424;8.763;0.368;3.23;13:33:40.000
233.83;38.17E-03;3.21;49.994;300;500E-03;8.93;8.33;0.359;3.23;13:33:41.000
233.63;38.01E-03;3.177;49.995;300;100E-03;8.881;8.294;0.358;3.23;13:33:42.000
233.82;46.61E-03;4.235;49.996;300;100E-03;10.898;10.042;0.389;3.24;13:33:43.000
233.91;45.22E-03;4.025;49.989;300;100E-03;10.577;9.781;0.381;3.22;13:33:44.000
233.86;47.35E-03;4.247;49.988;300;100E-03;11.072;10.225;0.384;3.23;13:33:45.000
233.90;49.06E-03;4.497;49.991;300;100E-03;11.476;10.558;0.392;3.25;13:33:46.000
233.97;41.48E-03;3.600;49.990;300;100E-03;9.705;9.013;0.371;3.23;13:33:47.000
233.85;43.34E-03;3.761;49.989;300;100E-03;10.134;9.410;0.371;3.24;13:33:48.000
233.95;39.48E-03;3.364;49.995;300;100E-03;9.237;8.603;0.364;3.22;13:33:49.000
233.91;39.68E-03;3.376;49.992;300;100E-03;9.281;8.645;0.364;3.23;13:33:50.000
233.96;39.72E-03;3.379;49.993;300;100E-03;9.294;8.657;0.364;3.21;13:33:51.000
233.87;39.67E-03;3.360;49.991;300;100E-03;9.278;8.648;0.362;3.23;13:33:52.000
233.78;39.52E-03;3.353;49.985;300;100E-03;9.240;8.610;0.363;3.24;13:33:53.000
234.04;39.56E-03;3.375;49.989;300;100E-03;9.258;8.621;0.365;3.23;13:33:54.000
233.79;39.58E-03;3.361;49.990;300;100E-03;9.252;8.620;0.363;3.23;13:33:55.000
233.68;40.21E-03;3.42;49.989;300;500E-03;9.40;8.75;0.364;3.27;13:33:56.000
233.88;39.21E-03;3.332;49.988;300;100E-03;9.171;8.544;0.363;3.22;13:33:57.000
233.63;39.67E-03;3.362;49.990;300;100E-03;9.269;8.638;0.363;3.24;13:33:58.000
233.64;40.27E-03;3.446;49.990;300;100E-03;9.409;8.755;0.366;3.23;13:33:59.000
233.89;39.07E-03;3.361;49.991;300;100E-03;9.137;8.496;0.368;3.21;13:34:00.000
233.84;39.00E-03;3.350;49.990;300;100E-03;9.119;8.482;0.367;3.22;13:34:01.000
233.74;39.30E-03;3.389;49.991;300;100E-03;9.187;8.539;0.369;3.22;13:34:02.000
233.58;37.43E-03;3.07;49.993;300;500E-03;8.74;8.18;0.351;3.24;13:34:03.000
233.72;37.24E-03;3.101;49.991;300;100E-03;8.704;8.132;0.356;3.20;13:34:04.000
233.83;38.69E-03;3.302;49.996;300;100E-03;9.047;8.423;0.365;3.21;13:34:05.000
233.86;40.38E-03;3.447;49.991;300;100E-03;9.443;8.791;0.365;3.21;13:34:06.000
233.88;39.90E-03;3.356;49.997;300;100E-03;9.332;8.707;0.360;3.25;13:34:07.000
233.91;40.23E-03;3.443;49.994;300;100E-03;9.410;8.757;0.366;3.22;13:34:08.000
233.91;43.06E-03;3.794;49.995;300;100E-03;10.072;9.330;0.377;3.25;13:34:09.000
233.96;39.49E-03;3.389;49.999;300;100E-03;9.238;8.594;0.367;3.23;13:34:10.000
233.92;39.52E-03;3.376;49.994;300;100E-03;9.244;8.606;0.365;3.23;13:34:11.000
233.83;39.35E-03;3.358;49.991;300;100E-03;9.201;8.567;0.365;3.21;13:34:12.000
nan;nan;nan;nan;300;500E-03;nan;nan;nan;nan;13:34:13.000
nan;nan;nan;nan;300;100E-03;nan;nan;nan;nan;13:34:14.000
234.03;46.75E-03;4.219;49.989;300;100E-03;10.940;10.093;0.386;3.20;13:34:15.000
234.02;43.19E-03;3.843;49.982;300;100E-03;10.107;9.348;0.380;3.20;13:34:16.000
233.97;46.01E-03;4.134;49.981;300;100E-03;10.765;9.939;0.384;3.20;13:34:17.000
234.00;45.74E-03;4.121;49.982;300;100E-03;10.704;9.879;0.385;3.22;13:34:18.000
234.09;47.42E-03;4.319;49.974;300;100E-03;11.101;10.226;0.389;3.20;13:34:19.000
233.96;46.63E-03;4.228;49.977;300;100E-03;10.909;10.056;0.388;3.22;13:34:20.000
233.92;42.08E-03;3.666;49.972;300;100E-03;9.844;9.136;0.372;3.26;13:34:21.000
233.95;43.75E-03;3.866;49.977;300;100E-03;10.234;9.476;0.378;3.21;13:34:22.000
234.01;39.02E-03;3.340;49.981;300;100E-03;9.132;8.499;0.366;3.20;13:34:23.000
233.95;39.15E-03;3.359;49.970;300;100E-03;9.159;8.521;0.367;3.19;13:34:24.000
233.89;38.71E-03;3.299;49.976;300;100E-03;9.054;8.432;0.364;3.22;13:34:25.000
233.95;39.35E-03;3.357;49.971;300;100E-03;9.206;8.572;0.365;3.19;13:34:26.000
233.97;39.30E-03;3.340;49.979;300;100E-03;9.196;8.568;0.363;3.21;13:34:27.000
234.01;39.80E-03;3.347;49.971;300;100E-03;9.313;8.691;0.359;3.22;13:34:28.000
234.12;39.65E-03;3.400;49.975;300;100E-03;9.284;8.639;0.366;3.21;13:34:29.000
234.05;39.46E-03;3.396;49.978;300;100E-03;9.235;8.588;0.368;3.20;13:34:30.000
233.99;39.78E-03;3.38;49.980;300;500E-03;9.31;8.67;0.363;3.19;13:34:31.000
233.98;39.53E-03;3.396;49.977;300;100E-03;9.249;8.603;0.367;3.18;13:34:32.000
234.03;39.09E-03;3.321;49.977;300;100E-03;9.148;8.524;0.363;3.19;13:34:33.000
234.05;38.76E-03;3.313;49.981;300;100E-03;9.071;8.444;0.365;3.18;13:34:34.000
233.99;39.47E-03;3.313;49.976;300;100E-03;9.235;8.621;0.359;3.19;13:34:35.000
233.97;38.90E-03;3.342;49.976;300;100E-03;9.100;8.464;0.367;3.19;13:34:36.000
233.99;39.24E-03;3.336;49.973;300;100E-03;9.183;8.555;0.363;3.17;13:34:37.000
234.06;39.14E-03;3.355;49.974;300;100E-03;9.160;8.523;0.366;3.20;13:34:38.000
234.02;39.29E-03;3.374;49.970;300;100E-03;9.195;8.554;0.367;3.19;13:34:39.000
234.02;38.79E-03;3.324;49.970;300;100E-03;9.077;8.446;0.366;3.19;13:34:40.000
233.98;39.06E-03;3.327;49.978;300;100E-03;9.139;8.512;0.364;3.19;13:34:41.000
233.96;39.10E-03;3.357;49.974;300;100E-03;9.147;8.509;0.367;3.22;13:34:42.000
234.08;42.09E-03;3.737;49.974;300;100E-03;9.852;9.116;0.379;3.20;13:34:43.000
233.92;42.31E-03;3.704;49.975;300;100E-03;9.897;9.178;0.374;3.23;13:34:44.000
233.96;42.38E-03;3.722;49.981;300;100E-03;9.914;9.189;0.375;3.19;13:34:45.000
234.04;38.91E-03;3.370;49.984;300;100E-03;9.107;8.461;0.370;3.20;13:34:46.000
233.97;38.72E-03;3.331;49.990;300;100E-03;9.060;8.426;0.368;3.17;13:34:47.000
233.95;42.61E-03;3.747;49.981;300;100E-03;9.970;9.239;0.376;3.19;13:34:48.000
234.07;39.90E-03;3.358;49.985;300;100E-03;9.339;8.714;0.360;3.17;13:34:49.000
234.05;41.97E-03;3.680;49.986;300;100E-03;9.824;9.108;0.375;3.19;13:34:50.000
234.05;45.95E-03;4.181;49.991;300;100E-03;10.754;9.908;0.389;3.21;13:34:51.000
234.07;45.53E-03;4.087;49.985;300;100E-03;10.658;9.843;0.383;3.21;13:34:52.000
234.06;48.06E-03;4.391;49.987;300;100E-03;11.250;10.357;0.390;3.21;13:34:53.000
234.02;44.52E-03;3.960;49.987;300;100E-03;10.418;9.636;0.380;3.23;13:34:54.000
234.04;44.25E-03;3.917;49.989;300;100E-03;10.356;9.586;0.378;3.22;13:34:55.000
234.04;45.24E-03;4.009;49.989;300;100E-03;10.588;9.800;0.379;3.21;13:34:56.000
233.99;39.61E-03;3.366;49.985;300;100E-03;9.267;8.635;0.363;3.22;13:34:57.000
234.07;39.10E-03;3.342;49.984;300;100E-03;9.151;8.519;0.365;3.22;13:34:58.000
234.00;39.17E-03;3.335;49.985;300;100E-03;9.166;8.538;0.364;3.23;13:34:59.000
234.11;38.89E-03;3.269;49.986;300;100E-03;9.105;8.498;0.359;3.20;13:35:00.000
234.19;39.74E-03;3.372;49.992;300;100E-03;9.306;8.674;0.362;3.26;13:35:01.000
234.15;39.31E-03;3.364;49.982;300;100E-03;9.204;8.568;0.365;3.20;13:35:02.000
234.21;40.20E-03;3.402;49.987;300;100E-03;9.415;8.779;0.361;3.19;13:35:03.000
234.03;39.27E-03;3.369;49.982;300;100E-03;9.191;8.551;0.367;3.19;13:35:04.000
233.97;39.58E-03;3.368;49.988;300;100E-03;9.261;8.627;0.364;3.22;13:35:05.000
234.09;39.56E-03;3.353;49.988;300;100E-03;9.260;8.632;0.362;3.19;13:35:06.000
234.09;38.75E-03;3.278;49.991;300;100E-03;9.070;8.457;0.361;3.19;13:35:07.000
234.11;39.13E-03;3.295;49.992;300;100E-03;9.160;8.546;0.360;3.21;13:35:08.000
234.14;39.40E-03;3.349;49.989;300;100E-03;9.224;8.595;0.363;3.19;13:35:09.000
234.13;39.37E-03;3.338;49.989;300;100E-03;9.218;8.592;0.362;3.21;13:35:10.000
234.12;39.55E-03;3.358;49.995;300;100E-03;9.259;8.628;0.363;3.17;13:35:11.000
234.05;39.03E-03;3.321;49.996;300;100E-03;9.135;8.510;0.364;3.21;13:35:12.000
233.94;38.79E-03;3.299;49.994;300;100E-03;9.075;8.454;0.364;3.21;13:35:13.000
233.89;39.27E-03;3.358;49.993;300;100E-03;9.184;8.548;0.366;3.19;13:35:14.000
233.97;38.93E-03;3.347;49.992;300;100E-03;9.109;8.472;0.367;3.20;13:35:15.000
233.91;38.95E-03;3.317;49.991;300;100E-03;9.110;8.484;0.364;3.17;13:35:16.000
234.04;39.71E-03;3.413;49.992;300;100E-03;9.293;8.643;0.367;3.18;13:35:17.000
233.96;39.72E-03;3.430;49.989;300;100E-03;9.293;8.637;0.369;3.19;13:35:18.000
234.01;39.00E-03;3.329;49.991;300;100E-03;9.126;8.497;0.365;3.21;13:35:19.000
233.96;38.60E-03;3.275;49.994;300;100E-03;9.032;8.417;0.363;3.18;13:35:20.000
234.02;39.56E-03;3.398;49.993;300;100E-03;9.257;8.611;0.367;3.19;13:35:21.000
234.03;39.40E-03;3.388;49.987;300;100E-03;9.221;8.576;0.367;3.18;13:35:22.000
nan;nan;nan;nan;300;500E-03;nan;nan;nan;nan;13:35:23.000
nan;nan;nan;nan;300;100E-03;nan;nan;nan;nan;13:35:24.000
233.75;44.40E-03;3.951;49.986;300;100E-03;10.378;9.597;0.381;3.23;13:35:25.000
233.78;44.95E-03;4.031;49.990;300;100E-03;10.509;9.705;0.384;3.22;13:35:26.000
233.82;44.76E-03;4.007;49.989;300;100E-03;10.466;9.669;0.383;3.24;13:35:27.000
233.91;46.68E-03;4.227;49.986;300;100E-03;10.920;10.069;0.387;3.27;13:35:28.000
233.87;45.83E-03;4.079;49.989;300;100E-03;10.717;9.911;0.381;3.25;13:35:29.000
233.77;38.93E-03;3.305;49.979;300;100E-03;9.100;8.479;0.363;3.25;13:35:30.000
233.78;39.27E-03;3.349;49.986;300;100E-03;9.182;8.549;0.365;3.28;13:35:31.000
233.82;39.45E-03;3.372;49.975;300;100E-03;9.224;8.586;0.366;3.24;13:35:32.000
233.78;39.18E-03;3.351;49.982;300;100E-03;9.159;8.524;0.366;3.24;13:35:33.000
233.75;39.17E-03;3.339;49.981;300;100E-03;9.157;8.527;0.365;3.26;13:35:34.000
233.61;39.14E-03;3.311;49.979;300;100E-03;9.142;8.522;0.362;3.28;13:35:35.000
233.60;38.86E-03;3.308;49.986;300;100E-03;9.078;8.453;0.364;3.26;13:35:36.000
233.69;39.27E-03;3.326;49.980;300;100E-03;9.177;8.553;0.362;3.28;13:35:37.000
233.67;38.36E-03;3.214;49.983;300;100E-03;8.963;8.367;0.359;3.25;13:35:38.000
233.70;38.50E-03;3.257;49.984;300;100E-03;8.998;8.388;0.362;3.28;13:35:39.000
233.76;39.22E-03;3.319;49.986;300;100E-03;9.168;8.546;0.362;3.26;13:35:40.000
233.76;39.17E-03;3.333;49.985;300;100E-03;9.156;8.527;0.364;3.25;13:35:41.000
233.73;39.45E-03;3.342;49.981;300;100E-03;9.220;8.592;0.363;3.27;13:35:42.000
233.81;38.88E-03;3.298;49.980;300;100E-03;9.091;8.471;0.363;3.29;13:35:43.000
233.80;39.35E-03;3.329;49.987;300;100E-03;9.200;8.576;0.362;3.28;13:35:44.000
233.78;39.09E-03;3.341;49.984;300;100E-03;9.139;8.507;0.366;3.28;13:35:45.000
233.81;39.73E-03;3.390;49.983;300;100E-03;9.289;8.648;0.365;3.26;13:35:46.000
233.80;39.00E-03;3.312;49.987;300;100E-03;9.117;8.494;0.363;3.22;13:35:47.000
233.74;38.91E-03;3.323;49.983;300;100E-03;9.094;8.465;0.365;3.26;13:35:48.000
233.77;38.90E-03;3.317;49.981;300;100E-03;9.094;8.468;0.365;3.26;13:35:49.000
233.79;39.26E-03;3.343;49.984;300;100E-03;9.178;8.547;0.364;3.26;13:35:50.000
233.96;38.61E-03;3.290;49.985;300;100E-03;9.032;8.412;0.364;3.22;13:35:51.000
233.90;38.51E-03;3.258;49.981;300;100E-03;9.007;8.397;0.362;3.20;13:35:52.000
233.90;38.63E-03;3.268;49.982;300;100E-03;9.036;8.425;0.362;3.24;13:35:53.000
233.82;38.79E-03;3.317;49.984;300;100E-03;9.071;8.443;0.366;3.23;13:35:54.000
233.80;38.93E-03;3.318;49.982;300;100E-03;9.102;8.475;0.365;3.22;13:35:55.000
nan;nan;nan;nan;300;500E-03;nan;nan;nan;nan;13:35:56.000
nan;nan;nan;nan;300;200E-03;nan;nan;nan;nan;13:35:57.000
nan;nan;nan;nan;300;100E-03;nan;nan;nan;nan;13:35:58.000
233.81;46.33E-03;4.203;49.988;300;100E-03;10.832;9.983;0.388;3.21;13:35:59.000
233.82;44.20E-03;3.949;49.983;300;100E-03;10.335;9.551;0.382;3.23;13:36:00.000
233.76;43.78E-03;3.914;49.989;300;100E-03;10.234;9.456;0.382;3.18;13:36:01.000
233.78;45.22E-03;4.000;49.984;300;100E-03;10.573;9.787;0.378;3.24;13:36:02.000
233.73;45.53E-03;4.050;49.985;300;100E-03;10.641;9.840;0.381;3.22;13:36:03.000
233.79;39.15E-03;3.319;49.989;300;100E-03;9.154;8.531;0.363;3.21;13:36:04.000
233.77;39.33E-03;3.331;49.984;300;100E-03;9.194;8.569;0.362;3.23;13:36:05.000
233.72;39.40E-03;3.32;49.984;300;500E-03;9.21;8.59;0.361;3.22;13:36:06.000
233.64;38.16E-03;3.248;49.980;300;200E-03;8.915;8.302;0.364;3.25;13:36:07.000
233.68;37.61E-03;3.224;49.982;300;100E-03;8.789;8.176;0.367;3.23;13:36:08.000
233.67;38.60E-03;3.322;49.984;300;100E-03;9.020;8.387;0.368;3.22;13:36:09.000
233.67;39.26E-03;3.344;49.983;300;100E-03;9.173;8.541;0.365;3.25;13:36:10.000
233.63;39.14E-03;3.319;49.983;300;100E-03;9.144;8.520;0.363;3.23;13:36:11.000
233.60;38.26E-03;3.250;49.975;300;100E-03;8.938;8.326;0.364;3.23;13:36:12.000
233.71;39.19E-03;3.363;49.981;300;100E-03;9.160;8.520;0.367;3.24;13:36:13.000
233.59;38.45E-03;3.277;49.981;300;100E-03;8.981;8.362;0.365;3.22;13:36:14.000
233.56;39.03E-03;3.332;49.984;300;100E-03;9.116;8.486;0.365;3.23;13:36:15.000
233.69;38.84E-03;3.338;49.980;300;100E-03;9.077;8.441;0.368;3.23;13:36:16.000
233.74;39.53E-03;3.388;49.982;300;100E-03;9.240;8.596;0.367;3.23;13:36:17.000
233.71;38.26E-03;3.265;49.989;300;100E-03;8.942;8.324;0.365;3.24;13:36:18.000
233.76;38.14E-03;3.231;49.985;300;100E-03;8.916;8.310;0.362;3.21;13:36:19.000
233.79;39.30E-03;3.379;49.981;300;100E-03;9.188;8.544;0.368;3.24;13:36:20.000
233.91;39.70E-03;3.404;49.988;300;100E-03;9.287;8.640;0.367;3.20;13:36:21.000
233.87;38.18E-03;3.236;49.985;300;100E-03;8.930;8.323;0.362;3.24;13:36:22.000
233.84;38.60E-03;3.312;49.980;300;100E-03;9.027;8.397;0.367;3.20;13:36:23.000
233.83;39.52E-03;3.411;49.983;300;100E-03;9.241;8.589;0.369;3.22;13:36:24.000
233.83;38.29E-03;3.269;49.985;300;100E-03;8.952;8.334;0.365;3.22;13:36:25.000
233.92;39.16E-03;3.396;49.986;300;100E-03;9.159;8.507;0.371;3.22;13:36:26.000
233.91;38.82E-03;3.314;49.991;300;100E-03;9.082;8.455;0.365;3.23;13:36:27.000
233.84;38.67E-03;3.309;49.996;300;100E-03;9.043;8.416;0.366;3.27;13:36:28.000
234.07;39.62E-03;3.430;49.995;300;100E-03;9.274;8.617;0.370;3.25;13:36:29.000
234.04;42.42E-03;3.779;49.996;300;100E-03;9.927;9.180;0.381;3.20;13:36:30.000
233.93;41.54E-03;3.634;49.999;300;100E-03;9.717;9.011;0.374;3.23;13:36:31.000
234.03;44.23E-03;3.972;49.999;300;100E-03;10.350;9.558;0.384;3.20;13:36:32.000
234.11;42.95E-03;3.837;49.999;300;100E-03;10.055;9.295;0.382;3.22;13:36:33.000
234.03;42.76E-03;3.821;49.996;300;100E-03;10.007;9.249;0.382;3.21;13:36:34.000
234.07;43.29E-03;3.856;49.995;300;100E-03;10.132;9.370;0.381;3.25;13:36:35.000
233.90;44.33E-03;3.917;49.998;300;100E-03;10.368;9.600;0.378;3.21;13:36:36.000
234.06;45.65E-03;4.092;49.987;300;100E-03;10.684;9.869;0.383;3.20;13:36:37.000
234.12;38.87E-03;3.330;49.989;300;100E-03;9.100;8.469;0.366;3.20;13:36:38.000
234.11;38.74E-03;3.298;49.991;300;100E-03;9.069;8.449;0.364;3.17;13:36:39.000
234.22;39.56E-03;3.395;49.991;300;100E-03;9.266;8.621;0.366;3.17;13:36:40.000
234.24;39.35E-03;3.362;49.989;300;100E-03;9.217;8.581;0.365;3.20;13:36:41.000
234.29;39.37E-03;3.377;49.981;300;100E-03;9.225;8.585;0.366;3.19;13:36:42.000
234.13;38.78E-03;3.314;49.988;300;100E-03;9.080;8.454;0.365;3.20;13:36:43.000
234.18;41.50E-03;3.639;49.985;300;100E-03;9.718;9.011;0.374;3.21;13:36:44.000
234.22;41.47E-03;3.664;49.984;300;100E-03;9.712;8.995;0.377;3.23;13:36:45.000
234.24;42.00E-03;3.701;49.985;300;100E-03;9.838;9.116;0.376;3.22;13:36:46.000
234.15;39.35E-03;3.374;49.976;300;100E-03;9.213;8.573;0.366;3.21;13:36:47.000
234.22;38.82E-03;3.307;49.982;300;100E-03;9.092;8.470;0.364;3.21;13:36:48.000
234.25;38.59E-03;3.311;49.988;300;100E-03;9.040;8.412;0.366;3.25;13:36:49.000
234.15;39.25E-03;3.357;49.986;300;100E-03;9.191;8.556;0.365;3.24;13:36:50.000
234.23;38.55E-03;3.315;49.987;300;100E-03;9.029;8.398;0.367;3.26;13:36:51.000
234.18;38.91E-03;3.308;49.987;300;100E-03;9.112;8.491;0.363;3.26;13:36:52.000
234.21;38.51E-03;3.278;49.983;300;100E-03;9.019;8.402;0.364;3.25;13:36:53.000
234.18;38.83E-03;3.305;49.982;300;100E-03;9.094;8.473;0.363;3.25;13:36:54.000
234.26;39.92E-03;3.417;49.987;300;100E-03;9.351;8.705;0.365;3.25;13:36:55.000
234.24;39.24E-03;3.364;49.989;300;100E-03;9.192;8.554;0.366;3.28;13:36:56.000
234.27;38.67E-03;3.316;49.990;300;100E-03;9.060;8.432;0.366;3.26;13:36:57.000
234.23;39.42E-03;3.390;49.991;300;100E-03;9.234;8.589;0.367;3.26;13:36:58.000
234.31;39.14E-03;3.354;49.992;300;100E-03;9.171;8.536;0.366;3.24;13:36:59.000
234.26;39.29E-03;3.404;49.996;300;100E-03;9.204;8.552;0.370;3.20;13:37:00.000
234.33;39.62E-03;3.425;49.995;300;100E-03;9.283;8.628;0.369;3.19;13:37:01.000
234.41;38.47E-03;3.287;49.993;300;100E-03;9.017;8.397;0.365;3.24;13:37:02.000
234.39;39.34E-03;3.371;49.991;300;100E-03;9.220;8.582;0.366;3.18;13:37:03.000
234.25;42.90E-03;3.810;49.994;300;100E-03;10.048;9.298;0.379;3.23;13:37:04.000
234.44;42.80E-03;3.809;49.994;300;100E-03;10.035;9.284;0.380;3.24;13:37:05.000
234.41;44.20E-03;3.958;50.000;300;100E-03;10.360;9.574;0.382;3.21;13:37:06.000
234.34;43.69E-03;3.907;49.999;300;100E-03;10.239;9.464;0.382;3.18;13:37:07.000
234.37;46.68E-03;4.218;49.993;300;100E-03;10.940;10.094;0.386;3.13;13:37:08.000
nan;nan;nan;nan;300;500E-03;nan;nan;nan;nan;13:37:09.000
nan;nan;nan;nan;300;100E-03;nan;nan;nan;nan;13:37:10.000
234.37;46.01E-03;4.071;49.998;300;100E-03;10.783;9.985;0.378;3.11;13:37:11.000
234.45;39.80E-03;3.359;49.998;300;100E-03;9.331;8.705;0.360;3.13;13:37:12.000
234.39;39.78E-03;3.392;49.994;300;100E-03;9.323;8.684;0.364;3.09;13:37:13.000
234.49;38.72E-03;3.276;49.997;300;100E-03;9.080;8.468;0.361;3.09;13:37:14.000
234.48;39.30E-03;3.334;50.001;300;100E-03;9.215;8.591;0.362;3.11;13:37:15.000
234.50;39.64E-03;3.404;50.000;300;100E-03;9.295;8.650;0.366;3.15;13:37:16.000
234.50;39.43E-03;3.367;49.999;300;100E-03;9.246;8.611;0.364;3.13;13:37:17.000
234.49;38.54E-03;3.286;49.998;300;100E-03;9.038;8.420;0.364;3.18;13:37:18.000
234.43;38.67E-03;3.291;49.998;300;100E-03;9.066;8.447;0.363;3.13;13:37:19.000
234.57;38.67E-03;3.306;49.999;300;100E-03;9.072;8.448;0.364;3.13;13:37:20.000
234.66;39.52E-03;3.404;49.996;300;100E-03;9.275;8.628;0.367;3.18;13:37:21.000
234.50;39.10E-03;3.336;49.995;300;100E-03;9.169;8.540;0.364;3.13;13:37:22.000
234.53;38.82E-03;3.312;49.997;300;100E-03;9.105;8.482;0.364;3.13;13:37:23.000
234.56;38.49E-03;3.288;49.992;300;100E-03;9.027;8.407;0.364;3.15;13:37:24.000
234.67;39.12E-03;3.360;49.991;300;100E-03;9.180;8.543;0.366;3.17;13:37:25.000
234.65;39.55E-03;3.401;49.991;300;100E-03;9.282;8.636;0.366;3.17;13:37:26.000
234.42;38.68E-03;3.324;49.989;300;100E-03;9.068;8.437;0.367;3.19;13:37:27.000
234.49;38.31E-03;3.248;49.987;300;100E-03;8.984;8.376;0.362;3.16;13:37:28.000
234.62;38.70E-03;3.262;49.991;300;100E-03;9.081;8.475;0.359;3.13;13:37:29.000
234.60;38.51E-03;3.301;49.991;300;100E-03;9.034;8.409;0.365;3.14;13:37:30.000
234.47;38.02E-03;3.211;49.991;300;100E-03;8.914;8.316;0.360;3.14;13:37:31.000
234.51;39.14E-03;3.315;49.994;300;100E-03;9.180;8.560;0.361;3.18;13:37:32.000
234.48;39.07E-03;3.342;49.993;300;100E-03;9.162;8.531;0.365;3.15;13:37:33.000
234.38;39.46E-03;3.386;49.994;300;100E-03;9.248;8.606;0.366;3.15;13:37:34.000
234.50;43.65E-03;3.832;49.997;300;100E-03;10.236;9.491;0.374;3.14;13:37:35.000
234.40;38.74E-03;3.322;49.999;300;100E-03;9.081;8.451;0.366;3.17;13:37:36.000
234.43;38.93E-03;3.293;49.993;300;100E-03;9.126;8.511;0.361;3.15;13:37:37.000
234.40;41.96E-03;3.651;49.996;300;100E-03;9.836;9.134;0.371;3.17;13:37:38.000
234.38;43.44E-03;3.860;49.995;300;100E-03;10.182;9.422;0.379;3.16;13:37:39.000
234.35;44.04E-03;3.920;49.997;300;100E-03;10.322;9.549;0.380;3.13;13:37:40.000
234.45;43.88E-03;3.917;50.002;300;100E-03;10.287;9.512;0.381;3.18;13:37:41.000
234.39;45.01E-03;4.021;49.998;300;100E-03;10.549;9.753;0.381;3.16;13:37:42.000
234.37;46.00E-03;4.159;50.002;300;100E-03;10.781;9.947;0.386;3.14;13:37:43.000
234.30;46.63E-03;4.219;50.006;300;100E-03;10.925;10.078;0.386;3.15;13:37:44.000
234.29;45.59E-03;4.081;50.005;300;100E-03;10.682;9.872;0.382;3.13;13:37:45.000
234.39;37.99E-03;3.219;49.999;300;100E-03;8.904;8.302;0.362;3.14;13:37:46.000
234.39;39.32E-03;3.371;50.002;300;100E-03;9.215;8.577;0.366;3.19;13:37:47.000
234.42;39.35E-03;3.33;50.005;300;500E-03;9.22;8.60;0.361;3.19;13:37:48.000
234.38;38.34E-03;3.269;50.004;300;100E-03;8.987;8.371;0.364;3.13;13:37:49.000
234.38;38.57E-03;3.278;50.010;300;100E-03;9.039;8.424;0.363;3.15;13:37:50.000
234.33;39.49E-03;3.365;50.003;300;100E-03;9.255;8.621;0.364;3.17;13:37:51.000
234.31;38.67E-03;3.286;50.007;300;100E-03;9.060;8.443;0.363;3.16;13:37:52.000
234.40;39.05E-03;3.289;50.005;300;100E-03;9.152;8.541;0.359;3.17;13:37:53.000
234.39;38.82E-03;3.305;50.009;300;100E-03;9.099;8.478;0.363;3.17;13:37:54.000
234.34;39.30E-03;3.385;50.007;300;100E-03;9.209;8.564;0.368;3.16;13:37:55.000
234.41;38.83E-03;3.363;50.008;300;100E-03;9.101;8.457;0.369;3.18;13:37:56.000
234.37;38.59E-03;3.315;50.012;300;100E-03;9.045;8.415;0.367;3.16;13:37:57.000
234.40;38.77E-03;3.323;50.013;300;100E-03;9.087;8.458;0.366;3.18;13:37:58.000
234.33;39.38E-03;3.378;50.016;300;100E-03;9.227;8.587;0.366;3.18;13:37:59.000
234.36;38.57E-03;3.311;50.014;300;100E-03;9.040;8.412;0.366;3.16;13:38:00.000
234.34;38.51E-03;3.269;50.017;300;100E-03;9.025;8.412;0.362;3.18;13:38:01.000
234.32;39.10E-03;3.346;50.018;300;100E-03;9.162;8.530;0.365;3.18;13:38:02.000
234.45;39.03E-03;3.366;50.015;300;100E-03;9.152;8.510;0.368;3.18;13:38:03.000
234.39;38.70E-03;3.312;50.006;300;100E-03;9.071;8.445;0.365;3.15;13:38:04.000
234.38;38.68E-03;3.302;50.007;300;100E-03;9.065;8.442;0.364;3.20;13:38:05.000
234.35;38.70E-03;3.300;50.010;300;100E-03;9.069;8.448;0.364;3.15;13:38:06.000
234.32;39.15E-03;3.349;50.004;300;100E-03;9.173;8.540;0.365;3.15;13:38:07.000
234.40;39.56E-03;3.415;50.007;300;100E-03;9.273;8.621;0.368;3.18;13:38:08.000
234.38;38.02E-03;3.204;50.002;300;100E-03;8.910;8.314;0.360;3.19;13:38:09.000
234.45;39.32E-03;3.360;49.999;300;100E-03;9.219;8.585;0.364;3.16;13:38:10.000
234.36;39.27E-03;3.383;50.002;300;100E-03;9.203;8.558;0.368;3.18;13:38:11.000
234.34;39.32E-03;3.380;49.996;300;100E-03;9.215;8.573;0.367;3.16;13:38:12.000
234.28;38.12E-03;3.270;49.991;300;100E-03;8.931;8.311;0.366;3.18;13:38:13.000
234.29;42.71E-03;3.741;49.988;300;100E-03;10.006;9.281;0.374;3.19;13:38:14.000
234.35;43.61E-03;3.928;49.992;300;100E-03;10.219;9.434;0.384;3.19;13:38:15.000
234.34;45.42E-03;4.123;49.992;300;100E-03;10.645;9.814;0.387;3.17;13:38:16.000
234.30;45.71E-03;4.119;49.991;300;100E-03;10.709;9.885;0.385;3.19;13:38:17.000
234.34;44.89E-03;4.071;49.993;300;100E-03;10.520;9.700;0.387;3.21;13:38:18.000
234.33;46.41E-03;4.258;49.985;300;100E-03;10.876;10.007;0.392;3.18;13:38:19.000
234.34;38.60E-03;3.314;49.993;300;100E-03;9.046;8.417;0.366;3.16;13:38:20.000
234.31;inf;inf;49.990;300;100E-03;inf;inf;inf;3.18;13:38:21.000
nan;nan;nan;nan;300;100E-03;nan;nan;nan;nan;13:38:22.000
234.40;38.92E-03;3.318;49.990;300;100E-03;9.123;8.498;0.364;3.16;13:38:23.000
234.33;38.48E-03;3.301;49.986;300;100E-03;9.016;8.391;0.366;3.18;13:38:24.000
234.31;38.37E-03;3.246;49.992;300;100E-03;8.990;8.384;0.361;3.15;13:38:25.000
234.50;39.09E-03;3.377;49.987;300;100E-03;9.167;8.522;0.368;3.17;13:38:26.000
234.47;38.13E-03;3.237;49.991;300;100E-03;8.941;8.334;0.362;3.14;13:38:27.000
234.47;38.95E-03;3.366;49.990;300;100E-03;9.132;8.489;0.369;3.12;13:38:28.000
234.49;38.87E-03;3.346;49.989;300;100E-03;9.113;8.477;0.367;3.14;13:38:29.000
234.60;38.34E-03;3.283;49.985;300;100E-03;8.996;8.375;0.365;3.16;13:38:30.000
234.56;38.23E-03;3.261;49.985;300;100E-03;8.968;8.354;0.364;3.14;13:38:31.000
234.60;39.36E-03;3.386;49.986;300;100E-03;9.235;8.591;0.367;3.19;13:38:32.000
234.52;38.72E-03;3.307;49.988;300;100E-03;9.080;8.456;0.364;3.18;13:38:33.000
234.94;38.92E-03;3.30;49.981;300;500E-03;9.14;8.53;0.361;3.14;13:38:34.000
234.50;38.35E-03;3.234;49.989;300;100E-03;8.993;8.391;0.360;3.18;13:38:35.000
234.41;38.62E-03;3.322;49.988;300;100E-03;9.052;8.420;0.367;3.17;13:38:36.000
234.36;39.09E-03;3.336;49.982;300;100E-03;9.160;8.531;0.364;3.21;13:38:37.000
234.41;38.88E-03;3.350;49.985;300;100E-03;9.115;8.477;0.368;3.24;13:38:38.000
234.45;38.82E-03;3.304;49.984;300;100E-03;9.101;8.480;0.363;3.22;13:38:39.000
234.40;38.38E-03;3.286;49.992;300;100E-03;8.997;8.376;0.365;3.22;13:38:40.000
234.39;39.27E-03;3.364;49.985;300;100E-03;9.205;8.568;0.365;3.25;13:38:41.000
234.54;38.99E-03;3.366;49.987;300;100E-03;9.144;8.502;0.368;3.22;13:38:42.000
234.35;37.70E-03;3.217;49.987;300;100E-03;8.834;8.227;0.364;3.19;13:38:43.000
234.45;39.45E-03;3.422;49.989;300;100E-03;9.248;8.592;0.370;3.22;13:38:44.000
234.46;42.50E-03;3.764;49.988;300;100E-03;9.965;9.226;0.378;3.21;13:38:45.000
234.45;44.19E-03;3.979;49.989;300;100E-03;10.361;9.567;0.384;3.21;13:38:46.000
234.40;43.57E-03;3.906;49.987;300;100E-03;10.212;9.435;0.383;3.21;13:38:47.000
234.33;44.38E-03;3.984;49.990;300;100E-03;10.399;9.606;0.383;3.22;13:38:48.000
234.39;43.85E-03;3.915;49.995;300;100E-03;10.279;9.504;0.381;3.20;13:38:49.000
234.36;45.22E-03;4.092;49.992;300;100E-03;10.598;9.776;0.386;3.19;13:38:50.000
234.42;45.17E-03;4.098;49.992;300;100E-03;10.588;9.763;0.387;3.20;13:38:51.000
234.38;44.45E-03;3.933;49.991;300;100E-03;10.419;9.648;0.377;3.18;13:38:52.000
234.56;45.41E-03;4.135;49.992;300;100E-03;10.651;9.816;0.388;3.21;13:38:53.000
234.41;38.40E-03;3.302;49.994;300;100E-03;9.002;8.374;0.367;3.18;13:38:54.000
234.43;39.04E-03;3.360;49.993;300;100E-03;9.152;8.513;0.367;3.21;13:38:55.000
234.47;37.86E-03;3.228;49.985;300;100E-03;8.876;8.268;0.364;3.19;13:38:56.000
234.43;38.70E-03;3.288;49.988;300;100E-03;9.073;8.457;0.362;3.16;13:38:57.000
234.37;39.15E-03;3.353;49.988;300;100E-03;9.176;8.541;0.365;3.17;13:38:58.000
234.47;38.35E-03;3.287;49.984;300;100E-03;8.993;8.371;0.366;3.29;13:38:59.000
234.55;39.06E-03;3.377;49.985;300;100E-03;9.162;8.517;0.369;3.19;13:39:00.000
234.42;38.74E-03;3.337;49.984;300;100E-03;9.083;8.447;0.367;3.19;13:39:01.000
234.56;38.44E-03;3.311;49.976;300;100E-03;9.015;8.386;0.367;3.19;13:39:02.000
234.42;38.80E-03;3.312;49.980;300;100E-03;9.095;8.471;0.364;3.17;13:39:03.000
234.43;38.24E-03;3.280;49.986;300;100E-03;8.965;8.344;0.366;3.22;13:39:04.000
234.51;39.16E-03;3.352;49.986;300;100E-03;9.184;8.551;0.365;3.20;13:39:05.000
234.49;38.43E-03;3.313;49.980;300;100E-03;9.011;8.380;0.368;3.19;13:39:06.000
234.48;38.83E-03;3.352;49.978;300;100E-03;9.104;8.465;0.368;3.20;13:39:07.000
234.44;38.80E-03;3.272;49.982;300;100E-03;9.097;8.489;0.360;3.21;13:39:08.000
234.51;41.03E-03;3.597;49.984;300;100E-03;9.622;8.925;0.374;3.26;13:39:09.000
234.40;38.82E-03;3.314;49.981;300;100E-03;9.100;8.475;0.364;3.25;13:39:10.000
234.45;38.14E-03;3.244;49.972;300;100E-03;8.941;8.332;0.363;3.18;13:39:11.000
234.47;38.02E-03;3.243;49.976;300;100E-03;8.915;8.305;0.364;3.19;13:39:12.000
234.58;38.29E-03;3.274;49.980;300;100E-03;8.983;8.365;0.364;3.20;13:39:13.000
234.48;38.80E-03;3.309;49.975;300;100E-03;9.098;8.475;0.364;3.15;13:39:14.000
234.55;38.70E-03;3.347;49.978;300;100E-03;9.077;8.438;0.369;3.18;13:39:15.000
234.54;38.90E-03;3.329;49.976;300;100E-03;9.123;8.494;0.365;3.18;13:39:16.000
234.44;39.50E-03;3.417;49.978;300;100E-03;9.260;8.606;0.369;3.13;13:39:17.000
234.44;38.87E-03;3.327;49.972;300;100E-03;9.114;8.485;0.365;3.25;13:39:18.000
234.36;39.20E-03;3.345;49.974;300;100E-03;9.186;8.555;0.364;3.19;13:39:19.000
234.44;38.12E-03;3.277;49.977;300;100E-03;8.938;8.315;0.367;3.18;13:39:20.000
234.36;44.34E-03;3.975;49.971;300;100E-03;10.391;9.600;0.383;3.16;13:39:21.000
234.41;42.38E-03;3.767;49.969;300;100E-03;9.933;9.191;0.379;3.19;13:39:22.000
234.45;43.99E-03;3.946;49.972;300;100E-03;10.313;9.528;0.383;3.29;13:39:23.000
234.37;44.79E-03;4.038;49.967;300;100E-03;10.498;9.690;0.385;3.23;13:39:24.000
234.44;44.66E-03;3.991;49.976;300;100E-03;10.471;9.680;0.381;3.24;13:39:25.000
234.50;45.39E-03;4.098;49.972;300;100E-03;10.645;9.824;0.385;3.22;13:39:26.000
234.49;37.53E-03;3.175;49.966;300;100E-03;8.799;8.207;0.361;3.20;13:39:27.000
234.48;40.44E-03;3.504;49.965;300;100E-03;9.482;8.810;0.370;3.27;13:39:28.000
234.52;37.34E-03;3.153;49.967;300;100E-03;8.756;8.169;0.360;3.26;13:39:29.000
234.50;37.88E-03;3.221;49.974;300;100E-03;8.883;8.278;0.363;3.24;13:39:30.000
234.50;38.06E-03;3.222;49.969;300;100E-03;8.925;8.323;0.361;3.22;13:39:31.000
234.51;37.80E-03;3.252;49.968;300;100E-03;8.864;8.245;0.367;3.27;13:39:32.000
234.45;37.69E-03;3.219;49.974;300;100E-03;8.836;8.229;0.364;3.25;13:39:33.000
234.43;38.11E-03;3.271;49.980;300;100E-03;8.935;8.314;0.366;3.27;13:39:34.000
234.46;37.95E-03;3.250;49.974;300;100E-03;8.897;8.282;0.365;3.28;13:39:35.000
234.52;37.46E-03;3.187;49.977;300;100E-03;8.785;8.186;0.363;3.22;13:39:36.000
234.56;37.29E-03;3.185;49.988;300;100E-03;8.747;8.146;0.364;3.28;13:39:37.000
234.55;37.78E-03;3.245;49.981;300;100E-03;8.861;8.246;0.366;3.21;13:39:38.000
234.47;37.53E-03;3.202;49.978;300;100E-03;8.799;8.196;0.364;3.25;13:39:39.000
234.47;37.33E-03;3.138;49.980;300;100E-03;8.753;8.171;0.359;3.23;13:39:40.000
234.50;38.14E-03;3.279;49.981;300;100E-03;8.945;8.322;0.367;3.23;13:39:41.000
234.59;38.38E-03;3.290;49.985;300;100E-03;9.003;8.380;0.365;3.24;13:39:42.000
234.46;40.99E-03;3.598;49.980;300;100E-03;9.611;8.912;0.374;3.21;13:39:43.000
234.56;39.78E-03;3.429;49.984;300;100E-03;9.332;8.679;0.367;3.23;13:39:44.000
234.60;38.24E-03;3.293;49.978;300;100E-03;8.970;8.344;0.367;3.22;13:39:45.000
234.59;38.34E-03;3.301;49.982;300;100E-03;8.995;8.368;0.367;3.19;13:39:46.000
234.60;37.98E-03;3.294;49.980;300;100E-03;8.910;8.278;0.370;3.22;13:39:47.000
234.46;37.37E-03;3.193;49.979;300;100E-03;8.761;8.158;0.364;3.22;13:39:48.000
234.48;37.70E-03;3.215;49.981;300;100E-03;8.840;8.235;0.364;3.24;13:39:49.000
234.47;38.68E-03;3.340;49.982;300;100E-03;9.070;8.433;0.368;3.26;13:39:50.000
234.51;37.40E-03;3.194;49.981;300;100E-03;8.771;8.169;0.364;3.25;13:39:51.000
234.57;38.40E-03;3.308;49.987;300;100E-03;9.007;8.378;0.367;3.25;13:39:52.000
234.57;39.11E-03;3.384;49.985;300;100E-03;9.174;8.526;0.369;3.23;13:39:53.000
234.64;40.17E-03;3.505;49.986;300;100E-03;9.425;8.749;0.372;3.25;13:39:54.000
234.64;42.18E-03;3.737;49.984;300;100E-03;9.897;9.164;0.378;3.22;13:39:55.000
234.68;42.11E-03;3.735;49.990;300;100E-03;9.882;9.149;0.378;3.21;13:39:56.000
234.66;42.42E-03;3.769;49.995;300;100E-03;9.954;9.213;0.379;3.22;13:39:57.000
234.70;43.80E-03;3.980;49.995;300;100E-03;10.279;9.477;0.387;3.21;13:39:58.000
234.67;46.02E-03;4.222;49.991;300;100E-03;10.800;9.940;0.391;3.25;13:39:59.000
234.65;46.69E-03;4.236;49.991;300;100E-03;10.956;10.104;0.387;3.21;13:40:00.000
234.65;41.79E-03;3.673;49.999;300;100E-03;9.805;9.091;0.375;3.22;13:40:01.000
234.74;43.44E-03;3.849;49.994;300;100E-03;10.198;9.444;0.377;3.20;13:40:02.000
234.72;37.75E-03;3.207;49.996;300;100E-03;8.861;8.260;0.362;3.20;13:40:03.000
234.71;38.19E-03;3.297;49.992;300;100E-03;8.964;8.336;0.368;3.21;13:40:04.000
234.80;38.20E-03;3.298;49.991;300;100E-03;8.969;8.340;0.368;3.18;13:40:05.000
234.83;37.29E-03;3.197;49.995;300;100E-03;8.757;8.152;0.365;3.19;13:40:06.000
234.80;38.42E-03;3.331;49.994;300;100E-03;9.021;8.384;0.369;3.21;13:40:07.000
234.76;37.97E-03;3.198;49.991;300;100E-03;8.913;8.319;0.359;3.20;13:40:08.000
234.75;37.76E-03;3.230;49.991;300;100E-03;8.865;8.256;0.364;3.18;13:40:09.000
234.73;37.19E-03;3.127;49.995;300;100E-03;8.731;8.152;0.358;3.20;13:40:10.000
234.75;38.61E-03;3.297;49.998;300;100E-03;9.064;8.443;0.364;3.23;13:40:11.000
234.72;37.82E-03;3.256;49.997;300;100E-03;8.877;8.258;0.367;3.22;13:40:12.000
234.79;37.97E-03;3.248;49.997;300;100E-03;8.916;8.303;0.364;3.23;13:40:13.000
234.83;38.45E-03;3.332;49.997;300;100E-03;9.028;8.391;0.369;3.24;13:40:14.000
234.79;37.21E-03;3.173;49.998;300;100E-03;8.737;8.141;0.363;3.22;13:40:15.000
234.78;38.28E-03;3.310;49.998;300;100E-03;8.987;8.355;0.368;3.23;13:40:16.000
234.75;38.17E-03;3.283;50.003;300;100E-03;8.959;8.336;0.366;3.22;13:40:17.000
234.75;37.88E-03;3.241;50.002;300;100E-03;8.893;8.281;0.364;3.20;13:40:18.000
234.77;39.39E-03;3.428;50.002;300;100E-03;9.247;8.588;0.371;3.25;13:40:19.000
234.71;38.85E-03;3.356;50.006;300;100E-03;9.119;8.479;0.368;3.22;13:40:20.000
234.74;37.84E-03;3.248;50.005;300;100E-03;8.883;8.268;0.366;3.24;13:40:21.000
234.77;37.73E-03;3.246;50.010;300;100E-03;8.859;8.243;0.366;3.20;13:40:22.000
234.78;39.02E-03;3.358;50.010;300;100E-03;9.160;8.523;0.367;3.19;13:40:23.000
234.71;37.90E-03;3.257;50.006;300;100E-03;8.895;8.278;0.366;3.18;13:40:24.000
234.70;37.94E-03;3.248;50.001;300;100E-03;8.904;8.291;0.365;3.21;13:40:25.000
234.79;37.83E-03;3.245;50.004;300;100E-03;8.882;8.268;0.365;3.19;13:40:26.000
234.74;37.91E-03;3.257;50.009;300;100E-03;8.899;8.281;0.366;3.17;13:40:27.000
234.72;38.31E-03;3.279;50.010;300;100E-03;8.991;8.372;0.365;3.16;13:40:28.000
234.64;41.21E-03;3.614;50.009;300;100E-03;9.669;8.969;0.374;3.14;13:40:29.000
234.77;41.80E-03;3.720;50.007;300;100E-03;9.812;9.079;0.379;3.18;13:40:30.000
234.71;43.24E-03;3.828;50.005;300;100E-03;10.148;9.398;0.377;3.14;13:40:31.000
234.78;43.59E-03;3.830;50.007;300;100E-03;10.233;9.489;0.374;3.16;13:40:32.000
234.87;45.32E-03;4.096;50.006;300;100E-03;10.644;9.825;0.385;3.20;13:40:33.000
234.78;43.93E-03;3.923;50.008;300;100E-03;10.314;9.539;0.380;3.17;13:40:34.000
234.76;42.68E-03;3.758;50.003;300;100E-03;10.020;9.289;0.375;3.21;13:40:35.000
234.74;44.43E-03;3.905;50.004;300;100E-03;10.429;9.671;0.374;3.18;13:40:36.000
234.79;38.56E-03;3.220;50.001;300;100E-03;9.055;8.463;0.356;3.21;13:40:37.000
234.64;38.13E-03;3.197;50.010;300;100E-03;8.946;8.355;0.357;3.19;13:40:38.000
234.69;37.79E-03;3.204;50.009;300;100E-03;8.870;8.270;0.361;3.23;13:40:39.000
234.56;38.18E-03;3.190;50.007;300;100E-03;8.955;8.367;0.356;3.22;13:40:40.000
234.62;38.73E-03;3.316;50.009;300;100E-03;9.086;8.459;0.365;3.23;13:40:41.000
234.61;38.43E-03;3.285;50.007;300;100E-03;9.015;8.395;0.364;3.21;13:40:42.000
234.61;38.64E-03;3.280;50.012;300;100E-03;9.065;8.450;0.362;3.23;13:40:43.000
234.57;38.49E-03;3.292;50.012;300;100E-03;9.030;8.408;0.365;3.20;13:40:44.000
234.59;38.80E-03;3.278;50.010;300;100E-03;9.103;8.492;0.360;3.22;13:40:45.000
234.58;40.94E-03;3.574;50.011;300;100E-03;9.604;8.914;0.372;3.22;13:40:46.000
234.49;40.71E-03;3.538;50.008;300;100E-03;9.547;8.867;0.371;3.27;13:40:47.000
234.52;40.66E-03;3.549;50.017;300;100E-03;9.537;8.852;0.372;3.25;13:40:48.000
234.43;38.05E-03;3.226;50.016;300;100E-03;8.920;8.317;0.362;3.23;13:40:49.000
234.52;38.64E-03;3.270;50.010;300;100E-03;9.063;8.452;0.361;3.21;13:40:50.000
234.56;37.98E-03;3.227;50.010;300;100E-03;8.908;8.303;0.362;3.22;13:40:51.000
234.49;39.19E-03;3.269;50.002;300;100E-03;9.191;8.590;0.356;3.26;13:40:52.000
234.48;39.10E-03;3.325;50.007;300;100E-03;9.169;8.545;0.363;3.28;13:40:53.000
234.49;38.47E-03;3.271;50.003;300;100E-03;9.020;8.406;0.363;3.21;13:40:54.000
234.57;37.35E-03;3.168;50.007;300;100E-03;8.761;8.169;0.362;3.21;13:40:55.000
234.55;38.55E-03;3.291;50.004;300;100E-03;9.041;8.421;0.364;3.23;13:40:56.000
234.58;38.52E-03;3.321;49.998;300;100E-03;9.035;8.402;0.368;3.23;13:40:57.000
234.52;38.52E-03;3.304;49.995;300;100E-03;9.034;8.408;0.366;3.22;13:40:58.000
234.59;38.12E-03;3.233;49.996;300;100E-03;8.944;8.339;0.361;3.25;13:40:59.000
234.52;37.35E-03;3.140;49.997;300;100E-03;8.761;8.179;0.358;3.23;13:41:00.000
234.56;37.82E-03;3.209;50.000;300;100E-03;8.871;8.270;0.362;3.24;13:41:01.000
234.59;38.93E-03;3.362;49.998;300;100E-03;9.133;8.492;0.368;3.21;13:41:02.000
234.58;38.38E-03;3.268;49.991;300;100E-03;9.004;8.389;0.363;3.19;13:41:03.000
234.54;41.87E-03;3.678;49.994;300;100E-03;9.820;9.105;0.375;3.18;13:41:04.000
234.54;42.89E-03;3.812;49.998;300;100E-03;10.059;9.309;0.379;3.22;13:41:05.000
234.58;43.21E-03;3.842;49.995;300;100E-03;10.136;9.380;0.379;3.21;13:41:06.000
234.54;46.28E-03;4.205;50.000;300;100E-03;10.854;10.007;0.387;3.21;13:41:07.000
234.59;44.63E-03;3.982;49.996;300;100E-03;10.469;9.682;0.380;3.19;13:41:08.000
234.69;43.93E-03;3.914;49.998;300;100E-03;10.311;9.539;0.380;3.21;13:41:09.000
234.71;44.15E-03;3.956;49.997;300;100E-03;10.363;9.578;0.382;3.15;13:41:10.000
234.69;38.65E-03;3.302;50.000;300;100E-03;9.071;8.449;0.364;3.19;13:41:11.000
234.66;38.33E-03;3.266;49.996;300;100E-03;8.995;8.381;0.363;3.16;13:41:12.000
234.67;38.05E-03;3.244;50.000;300;100E-03;8.930;8.319;0.363;3.18;13:41:13.000
234.66;38.90E-03;3.32;49.993;300;500E-03;9.13;8.50;0.363;3.19;13:41:14.000
234.66;37.22E-03;3.137;49.995;300;100E-03;8.733;8.150;0.359;3.17;13:41:15.000
234.62;37.67E-03;3.221;49.993;300;100E-03;8.838;8.230;0.364;3.18;13:41:16.000
234.61;38.61E-03;3.28;49.995;300;500E-03;9.06;8.45;0.362;3.18;13:41:17.000
234.50;38.62E-03;3.333;49.988;300;200E-03;9.056;8.421;0.368;3.19;13:41:18.000
234.52;37.55E-03;3.203;49.991;300;100E-03;8.806;8.203;0.364;3.19;13:41:19.000
234.49;38.17E-03;3.276;49.988;300;100E-03;8.951;8.330;0.366;3.17;13:41:20.000
234.47;37.22E-03;3.145;49.988;300;100E-03;8.728;8.142;0.360;3.19;13:41:21.000
234.48;37.67E-03;3.205;49.983;300;100E-03;8.834;8.232;0.363;3.15;13:41:22.000
234.44;38.76E-03;3.259;49.989;300;100E-03;9.086;8.482;0.359;3.18;13:41:23.000
234.44;38.99E-03;3.314;49.982;300;100E-03;9.142;8.520;0.363;3.16;13:41:24.000
234.47;38.43E-03;3.229;49.985;300;100E-03;9.011;8.413;0.358;3.19;13:41:25.000
234.35;37.75E-03;3.198;49.985;300;100E-03;8.846;8.247;0.362;3.18;13:41:26.000
234.41;38.55E-03;3.293;49.986;300;100E-03;9.036;8.414;0.364;3.15;13:41:27.000
234.49;38.90E-03;3.363;49.984;300;100E-03;9.121;8.479;0.369;3.16;13:41:28.000
234.41;37.61E-03;3.222;49.985;300;100E-03;8.817;8.207;0.365;3.15;13:41:29.000
234.31;37.90E-03;3.208;49.985;300;100E-03;8.880;8.280;0.361;3.17;13:41:30.000
234.33;37.32E-03;3.134;49.988;300;100E-03;8.746;8.165;0.358;3.19;13:41:31.000
234.39;37.56E-03;3.175;49.987;300;100E-03;8.804;8.212;0.361;3.20;13:41:32.000
234.28;38.65E-03;3.314;49.990;300;100E-03;9.055;8.427;0.366;3.21;13:41:33.000
234.24;38.46E-03;3.289;49.989;300;100E-03;9.010;8.388;0.365;3.21;13:41:34.000
234.25;38.50E-03;3.275;49.991;300;100E-03;9.018;8.402;0.363;3.20;13:41:35.000
234.31;38.51E-03;3.283;49.985;300;100E-03;9.024;8.405;0.364;3.17;13:41:36.000
234.41;40.74E-03;3.545;49.989;300;100E-03;9.549;8.867;0.371;3.20;13:41:37.000
234.43;40.59E-03;3.518;49.996;300;100E-03;9.516;8.842;0.370;3.18;13:41:38.000
234.41;41.62E-03;3.638;49.988;300;100E-03;9.756;9.053;0.373;3.19;13:41:39.000
234.30;43.76E-03;3.896;49.989;300;100E-03;10.254;9.485;0.380;3.20;13:41:40.000
234.32;42.78E-03;3.798;49.981;300;100E-03;10.026;9.278;0.379;3.20;13:41:41.000
234.23;43.88E-03;3.901;49.987;300;100E-03;10.279;9.510;0.379;3.21;13:41:42.000
234.27;45.66E-03;4.073;49.996;300;100E-03;10.696;9.890;0.381;3.19;13:41:43.000
234.32;44.77E-03;3.970;49.988;300;100E-03;10.490;9.710;0.378;3.22;13:41:44.000
234.30;40.30E-03;3.419;49.989;300;100E-03;9.443;8.802;0.362;3.18;13:41:45.000
234.27;40.96E-03;3.492;49.990;300;100E-03;9.596;8.938;0.364;3.21;13:41:46.000
234.32;38.22E-03;3.230;49.987;300;100E-03;8.956;8.353;0.361;3.24;13:41:47.000
234.31;38.99E-03;3.257;49.988;300;100E-03;9.135;8.534;0.357;3.22;13:41:48.000
234.41;38.61E-03;3.278;49.990;300;100E-03;9.050;8.435;0.362;3.24;13:41:49.000
234.42;38.88E-03;3.316;49.995;300;100E-03;9.115;8.491;0.364;3.22;13:41:50.000
234.33;38.70E-03;3.320;49.992;300;100E-03;9.069;8.440;0.366;3.20;13:41:51.000
234.38;37.57E-03;3.121;49.990;300;100E-03;8.806;8.235;0.354;3.20;13:41:52.000
234.32;38.24E-03;3.245;49.991;300;100E-03;8.960;8.352;0.362;3.21;13:41:53.000
234.36;39.01E-03;3.317;49.992;300;100E-03;9.142;8.519;0.363;3.19;13:41:54.000
234.45;39.46E-03;3.42;49.991;300;500E-03;9.25;8.60;0.370;3.24;13:41:55.000
234.32;39.81E-03;3.485;49.992;300;100E-03;9.329;8.654;0.374;3.24;13:41:56.000
234.29;38.17E-03;3.228;49.988;300;100E-03;8.942;8.339;0.361;3.26;13:41:57.000
234.36;37.05E-03;3.113;49.995;300;100E-03;8.682;8.105;0.359;3.23;13:41:58.000
234.37;38.04E-03;3.221;49.990;300;100E-03;8.916;8.313;0.361;3.23;13:41:59.000
234.28;37.85E-03;3.205;49.988;300;100E-03;8.867;8.267;0.362;3.21;13:42:00.000
234.37;38.65E-03;3.263;49.987;300;100E-03;9.059;8.451;0.360;3.18;13:42:01.000
234.35;38.41E-03;3.277;49.991;300;100E-03;9.001;8.383;0.364;3.22;13:42:02.000
234.36;39.05E-03;3.294;49.984;300;100E-03;9.151;8.538;0.360;3.19;13:42:03.000
234.35;42.62E-03;3.787;49.988;300;100E-03;9.987;9.241;0.379;3.20;13:42:04.000
234.38;38.63E-03;3.297;49.994;300;100E-03;9.055;8.434;0.364;3.22;13:42:05.000
234.39;39.29E-03;3.363;49.993;300;100E-03;9.209;8.573;0.365;3.21;13:42:06.000
234.41;38.91E-03;3.297;49.989;300;100E-03;9.121;8.505;0.361;3.24;13:42:07.000
234.40;38.53E-03;3.274;49.997;300;100E-03;9.030;8.416;0.363;3.20;13:42:08.000
234.47;41.13E-03;3.596;49.991;300;100E-03;9.645;8.949;0.373;3.21;13:42:09.000
234.41;38.32E-03;3.200;49.992;300;100E-03;8.982;8.392;0.356;3.22;13:42:10.000
234.43;38.17E-03;3.174;49.991;300;100E-03;8.947;8.365;0.355;3.21;13:42:11.000
234.42;39.71E-03;3.383;49.990;300;100E-03;9.308;8.671;0.363;3.20;13:42:12.000
234.44;43.05E-03;3.747;49.986;300;100E-03;10.093;9.371;0.371;3.21;13:42:13.000
234.49;39.42E-03;3.373;49.992;300;100E-03;9.244;8.607;0.365;3.20;13:42:14.000
234.41;45.60E-03;4.087;49.990;300;100E-03;10.690;9.878;0.382;3.22;13:42:15.000
234.35;43.20E-03;3.812;49.989;300;100E-03;10.124;9.379;0.376;3.20;13:42:16.000
234.37;44.65E-03;3.976;49.986;300;100E-03;10.465;9.680;0.380;3.22;13:42:17.000
234.45;44.28E-03;3.959;49.983;300;100E-03;10.382;9.598;0.381;3.23;13:42:18.000
234.46;41.30E-03;3.580;49.978;300;100E-03;9.683;8.997;0.370;3.22;13:42:19.000
233.72;44.07E-03;3.864;49.981;300;100E-03;10.301;9.549;0.375;3.22;13:42:20.000
233.79;38.34E-03;3.238;49.981;300;100E-03;8.964;8.359;0.361;3.22;13:42:21.000
233.80;38.09E-03;3.216;49.983;300;100E-03;8.904;8.303;0.361;3.24;13:42:22.000
233.67;37.87E-03;3.170;49.978;300;100E-03;8.850;8.263;0.358;3.23;13:42:23.000
233.69;37.87E-03;3.175;49.977;300;100E-03;8.849;8.260;0.359;3.24;13:42:24.000
233.66;38.25E-03;3.229;49.979;300;100E-03;8.938;8.334;0.361;3.27;13:42:25.000
233.78;38.35E-03;3.191;49.979;300;100E-03;8.965;8.378;0.356;3.23;13:42:26.000
233.80;38.99E-03;3.277;49.974;300;100E-03;9.115;8.505;0.359;3.26;13:42:27.000
233.79;38.73E-03;3.285;49.976;300;100E-03;9.055;8.438;0.363;3.24;13:42:28.000
233.76;38.59E-03;3.277;49.983;300;100E-03;9.022;8.405;0.363;3.26;13:42:29.000
233.72;38.17E-03;3.232;49.980;300;100E-03;8.922;8.316;0.362;3.27;13:42:30.000
233.77;38.08E-03;3.239;49.982;300;100E-03;8.902;8.292;0.364;3.28;13:42:31.000
233.72;37.74E-03;3.179;49.987;300;100E-03;8.821;8.228;0.360;3.24;13:42:32.000
233.78;37.48E-03;3.128;49.987;300;100E-03;8.761;8.183;0.357;3.26;13:42:33.000
233.77;37.54E-03;3.143;49.988;300;100E-03;8.775;8.193;0.358;3.23;13:42:34.000
233.88;39.69E-03;3.346;49.993;300;100E-03;9.283;8.659;0.360;3.24;13:42:35.000
233.82;42.60E-03;3.770;50.000;300;100E-03;9.960;9.219;0.378;3.25;13:42:36.000
233.83;38.00E-03;3.221;49.999;300;100E-03;8.886;8.281;0.363;3.19;13:42:37.000
233.87;38.51E-03;3.270;50.002;300;100E-03;9.007;8.393;0.363;3.20;13:42:38.000
233.86;38.39E-03;3.238;50.006;300;100E-03;8.977;8.373;0.361;3.23;13:42:39.000
233.68;37.98E-03;3.200;50.013;300;100E-03;8.874;8.277;0.361;3.23;13:42:40.000
233.83;38.69E-03;3.284;50.010;300;100E-03;9.046;8.429;0.363;3.25;13:42:41.000
233.86;38.31E-03;3.236;50.011;300;100E-03;8.958;8.353;0.361;3.25;13:42:42.000
233.95;38.62E-03;3.286;50.009;300;100E-03;9.035;8.416;0.364;3.22;13:42:43.000
233.93;39.46E-03;3.387;50.011;300;100E-03;9.232;8.588;0.367;3.22;13:42:44.000
nan;nan;nan;nan;300;500E-03;nan;nan;nan;nan;13:42:45.000
nan;nan;nan;nan;300;100E-03;nan;nan;nan;nan;13:42:46.000
233.95;45.12E-03;4.065;50.015;300;100E-03;10.556;9.742;0.385;3.26;13:42:47.000
233.76;46.79E-03;4.232;50.014;300;100E-03;10.939;10.087;0.387;3.26;13:42:48.000
233.84;45.14E-03;4.012;50.012;300;100E-03;10.554;9.762;0.380;3.26;13:42:49.000
233.86;45.46E-03;4.068;50.009;300;100E-03;10.632;9.823;0.383;3.27;13:42:50.000
233.87;44.19E-03;3.959;50.015;300;100E-03;10.334;9.545;0.383;3.23;13:42:51.000
233.88;41.54E-03;3.600;50.012;300;100E-03;9.715;9.023;0.371;3.24;13:42:52.000
233.88;42.35E-03;3.715;50.011;300;100E-03;9.905;9.182;0.375;3.21;13:42:53.000
233.93;37.26E-03;3.092;50.009;300;100E-03;8.716;8.149;0.355;3.15;13:42:54.000
233.87;39.20E-03;3.335;50.013;300;100E-03;9.167;8.539;0.364;3.16;13:42:55.000
233.89;38.92E-03;3.261;50.010;300;100E-03;9.103;8.499;0.358;3.18;13:42:56.000
233.80;38.66E-03;3.265;50.015;300;100E-03;9.039;8.429;0.361;3.20;13:42:57.000
233.88;39.31E-03;3.361;50.014;300;100E-03;9.194;8.557;0.366;3.15;13:42:58.000
233.88;38.34E-03;3.251;50.016;300;100E-03;8.967;8.357;0.363;3.19;13:42:59.000
233.85;38.46E-03;3.277;50.016;300;100E-03;8.993;8.375;0.364;3.17;13:43:00.000
233.85;37.55E-03;3.137;50.013;300;100E-03;8.782;8.203;0.357;3.18;13:43:01.000
233.86;38.91E-03;3.260;50.018;300;100E-03;9.099;8.494;0.358;3.21;13:43:02.000
233.84;38.75E-03;3.285;50.015;300;100E-03;9.061;8.445;0.363;3.21;13:43:03.000
233.89;38.33E-03;3.224;50.015;300;100E-03;8.964;8.364;0.360;3.20;13:43:04.000
233.87;38.56E-03;3.218;50.019;300;100E-03;9.018;8.424;0.357;3.20;13:43:05.000
233.91;38.58E-03;3.271;50.012;300;100E-03;9.024;8.410;0.363;3.24;13:43:06.000
233.94;38.72E-03;3.288;50.011;300;100E-03;9.059;8.441;0.363;3.22;13:43:07.000
233.82;38.57E-03;3.234;50.003;300;100E-03;9.019;8.419;0.359;3.23;13:43:08.000
233.84;38.36E-03;3.258;50.005;300;100E-03;8.971;8.359;0.363;3.24;13:43:09.000
233.86;38.44E-03;3.259;50.003;300;100E-03;8.990;8.378;0.363;3.24;13:43:10.000
233.80;37.97E-03;3.224;50.003;300;100E-03;8.877;8.271;0.363;3.24;13:43:11.000
233.83;38.44E-03;3.265;50.003;300;100E-03;8.988;8.374;0.363;3.23;13:43:12.000
233.78;38.16E-03;3.233;49.994;300;100E-03;8.920;8.314;0.362;3.26;13:43:13.000
233.81;37.54E-03;3.159;49.997;300;100E-03;8.777;8.189;0.360;3.23;13:43:14.000
233.82;38.13E-03;3.207;50.003;300;100E-03;8.916;8.319;0.360;3.15;13:43:15.000
233.86;38.61E-03;3.276;49.994;300;100E-03;9.029;8.414;0.363;3.21;13:43:16.000
233.74;38.73E-03;3.295;49.987;300;100E-03;9.054;8.433;0.364;3.19;13:43:17.000
233.78;38.38E-03;3.267;49.991;300;100E-03;8.972;8.356;0.364;3.20;13:43:18.000
233.81;41.08E-03;3.591;49.988;300;100E-03;9.605;8.908;0.374;3.19;13:43:19.000
233.76;38.49E-03;3.265;49.985;300;100E-03;8.997;8.383;0.363;3.19;13:43:20.000
233.77;42.02E-03;3.627;49.982;300;100E-03;9.822;9.128;0.369;3.22;13:43:21.000
233.57;40.91E-03;3.579;49.989;300;100E-03;9.554;8.859;0.375;3.12;13:43:22.000
233.58;44.37E-03;3.932;49.983;300;100E-03;10.365;9.590;0.379;3.14;13:43:23.000
233.64;45.61E-03;4.105;49.983;300;100E-03;10.656;9.833;0.385;3.18;13:43:24.000
233.54;47.18E-03;4.273;49.984;300;100E-03;11.018;10.155;0.388;3.21;13:43:25.000
233.59;41.83E-03;3.635;49.982;300;100E-03;9.770;9.068;0.372;3.20;13:43:26.000
233.74;43.74E-03;3.877;49.979;300;100E-03;10.224;9.460;0.379;3.20;13:43:27.000
233.75;38.95E-03;3.343;49.986;300;100E-03;9.104;8.468;0.367;3.17;13:43:28.000
233.74;inf;inf;49.979;300;100E-03;inf;inf;inf;3.21;13:43:29.000
nan;nan;nan;nan;300;100E-03;nan;nan;nan;nan;13:43:30.000
233.72;38.74E-03;3.310;49.982;300;100E-03;9.055;8.428;0.366;3.29;13:43:31.000
233.68;37.88E-03;3.204;49.981;300;100E-03;8.853;8.253;0.362;3.26;13:43:32.000
233.81;38.31E-03;3.227;49.979;300;100E-03;8.958;8.356;0.360;3.27;13:43:33.000
233.84;38.54E-03;3.285;49.988;300;100E-03;9.011;8.391;0.365;3.24;13:43:34.000
233.73;38.78E-03;3.273;49.988;300;100E-03;9.065;8.453;0.361;3.28;13:43:35.000
233.78;38.78E-03;3.298;49.993;300;100E-03;9.066;8.445;0.364;3.26;13:43:36.000
233.78;38.35E-03;3.260;49.981;300;100E-03;8.966;8.352;0.364;3.28;13:43:37.000
233.81;38.32E-03;3.250;49.984;300;100E-03;8.960;8.350;0.363;3.26;13:43:38.000
233.69;37.37E-03;3.131;49.983;300;100E-03;8.733;8.152;0.358;3.27;13:43:39.000
233.69;38.42E-03;3.271;49.990;300;100E-03;8.979;8.362;0.364;3.24;13:43:40.000
233.69;38.94E-03;3.315;49.987;300;100E-03;9.099;8.474;0.364;3.24;13:43:41.000
233.75;38.32E-03;3.254;49.994;300;100E-03;8.958;8.346;0.363;3.20;13:43:42.000
233.76;38.37E-03;3.267;49.992;300;100E-03;8.970;8.354;0.364;3.20;13:43:43.000
233.74;38.43E-03;3.265;49.991;300;100E-03;8.983;8.369;0.363;3.25;13:43:44.000
233.68;38.94E-03;3.327;49.999;300;100E-03;9.099;8.469;0.366;3.25;13:43:45.000
233.82;38.25E-03;3.232;49.996;300;100E-03;8.944;8.340;0.361;3.23;13:43:46.000
233.84;38.32E-03;3.300;49.994;300;100E-03;8.962;8.332;0.368;3.24;13:43:47.000
233.75;38.17E-03;3.246;49.989;300;100E-03;8.922;8.310;0.364;3.24;13:43:48.000
233.78;38.73E-03;3.302;49.993;300;100E-03;9.055;8.432;0.365;3.21;13:43:49.000
233.88;38.19E-03;3.214;49.992;300;100E-03;8.932;8.334;0.360;3.16;13:43:50.000
233.95;37.97E-03;3.191;50.005;300;100E-03;8.883;8.290;0.359;3.24;13:43:51.000
233.84;42.47E-03;3.739;50.004;300;100E-03;9.931;9.200;0.377;3.25;13:43:52.000
233.71;37.19E-03;3.102;50.005;300;100E-03;8.693;8.120;0.357;3.29;13:43:53.000
233.76;39.75E-03;3.410;50.007;300;100E-03;9.291;8.643;0.367;3.22;13:43:54.000
233.78;42.48E-03;3.767;50.008;300;100E-03;9.931;9.189;0.379;3.23;13:43:55.000
233.84;42.61E-03;3.708;50.009;300;100E-03;9.964;9.248;0.372;3.23;13:43:56.000
233.79;42.62E-03;3.749;50.013;300;100E-03;9.964;9.232;0.376;3.24;13:43:57.000
233.82;45.89E-03;4.110;50.014;300;100E-03;10.729;9.911;0.383;3.24;13:43:58.000
233.72;43.93E-03;3.908;50.011;300;100E-03;10.267;9.494;0.381;3.24;13:43:59.000
233.83;43.91E-03;3.870;50.008;300;100E-03;10.266;9.509;0.377;3.30;13:44:00.000
233.91;43.81E-03;3.896;50.006;300;100E-03;10.247;9.477;0.380;3.21;13:44:01.000
233.86;38.48E-03;3.279;50.012;300;100E-03;8.998;8.379;0.364;3.26;13:44:02.000
233.85;38.04E-03;3.224;50.003;300;100E-03;8.897;8.292;0.362;3.30;13:44:03.000
233.83;38.46E-03;3.263;50.004;300;100E-03;8.994;8.381;0.363;3.24;13:44:04.000
233.86;38.34E-03;3.241;50.003;300;100E-03;8.967;8.361;0.361;3.25;13:44:05.000
233.82;39.16E-03;3.267;50.002;300;100E-03;9.157;8.555;0.357;3.22;13:44:06.000
233.79;38.93E-03;3.243;49.999;300;100E-03;9.102;8.505;0.356;3.17;13:44:07.000
233.76;38.65E-03;3.272;49.997;300;100E-03;9.036;8.423;0.362;3.26;13:44:08.000
233.71;38.48E-03;3.262;49.996;300;100E-03;8.993;8.380;0.363;3.23;13:44:09.000
233.85;38.25E-03;3.229;49.998;300;100E-03;8.944;8.341;0.361;3.21;13:44:10.000
233.74;38.68E-03;3.266;50.001;300;100E-03;9.041;8.430;0.361;3.22;13:44:11.000
233.83;38.22E-03;3.230;49.994;300;100E-03;8.936;8.333;0.361;3.31;13:44:12.000
234.56;38.91E-03;3.284;49.990;300;100E-03;9.127;8.516;0.360;3.28;13:44:13.000
215.44;34.82E-03;2.91;50.003;300;500E-03;7.50;6.91;0.388;3.24;13:44:14.000
234.56;38.77E-03;3.280;49.993;300;100E-03;9.093;8.481;0.361;3.25;13:44:15.000
234.42;38.08E-03;3.217;49.984;300;100E-03;8.926;8.326;0.360;3.23;13:44:16.000
234.39;37.75E-03;3.193;49.987;300;100E-03;8.848;8.252;0.361;3.29;13:44:17.000
234.45;38.74E-03;3.314;49.986;300;100E-03;9.082;8.456;0.365;3.28;13:44:18.000
234.37;38.36E-03;3.256;49.986;300;100E-03;8.989;8.379;0.362;3.31;13:44:19.000
234.46;38.30E-03;3.243;49.990;300;100E-03;8.979;8.373;0.361;3.25;13:44:20.000
234.35;38.34E-03;3.272;49.986;300;100E-03;8.985;8.368;0.364;3.27;13:44:21.000
234.37;38.63E-03;3.298;49.989;300;100E-03;9.054;8.432;0.364;3.25;13:44:22.000
234.50;38.39E-03;3.279;49.991;300;100E-03;9.001;8.383;0.364;3.28;13:44:23.000
234.50;37.65E-03;3.189;49.990;300;100E-03;8.829;8.233;0.361;3.23;13:44:24.000
234.42;38.51E-03;3.301;49.991;300;100E-03;9.027;8.401;0.366;3.26;13:44:25.000
nan;nan;nan;nan;300;500E-03;nan;nan;nan;nan;13:44:26.000
234.59;39.57E-03;3.431;49.992;300;100E-03;9.283;8.626;0.370;3.25;13:44:27.000
234.47;42.13E-03;3.697;49.998;300;100E-03;9.877;9.159;0.374;3.26;13:44:28.000
234.33;41.68E-03;3.658;50.003;300;100E-03;9.768;9.057;0.374;3.27;13:44:29.000
234.47;42.35E-03;3.730;50.011;300;100E-03;9.930;9.203;0.376;3.23;13:44:30.000
234.47;43.80E-03;3.908;50.005;300;100E-03;10.270;9.497;0.381;3.25;13:44:31.000
234.42;42.38E-03;3.739;49.999;300;100E-03;9.934;9.204;0.376;3.23;13:44:32.000
234.52;43.28E-03;3.842;50.007;300;100E-03;10.150;9.394;0.379;3.23;13:44:33.000
234.62;43.49E-03;3.849;50.014;300;100E-03;10.204;9.451;0.377;3.19;13:44:34.000
234.68;46.19E-03;4.168;50.014;300;100E-03;10.840;10.007;0.384;3.27;13:44:35.000
234.62;37.90E-03;3.221;50.008;300;100E-03;8.893;8.289;0.362;3.22;13:44:36.000
234.62;38.85E-03;3.339;50.012;300;100E-03;9.115;8.481;0.366;3.24;13:44:37.000
234.59;38.11E-03;3.250;50.012;300;100E-03;8.940;8.329;0.363;3.22;13:44:38.000
234.51;38.55E-03;3.283;50.014;300;100E-03;9.040;8.423;0.363;3.26;13:44:39.000
234.66;38.41E-03;3.286;50.009;300;100E-03;9.013;8.393;0.365;3.24;13:44:40.000
234.71;38.04E-03;3.235;50.004;300;100E-03;8.928;8.321;0.362;3.20;13:44:41.000
234.77;38.37E-03;3.272;50.011;300;100E-03;9.007;8.392;0.363;3.23;13:44:42.000
234.77;37.70E-03;3.193;50.007;300;100E-03;8.850;8.254;0.361;3.22;13:44:43.000
234.81;38.41E-03;3.260;50.006;300;100E-03;9.018;8.408;0.362;3.23;13:44:44.000
234.79;38.67E-03;3.274;50.002;300;100E-03;9.080;8.470;0.361;3.24;13:44:45.000
234.83;38.46E-03;3.278;50.003;300;100E-03;9.031;8.415;0.363;3.23;13:44:46.000
234.79;38.47E-03;3.288;50.007;300;100E-03;9.033;8.414;0.364;3.22;13:44:47.000
234.71;39.84E-03;3.471;50.007;300;100E-03;9.352;8.684;0.371;3.23;13:44:48.000
234.89;40.82E-03;3.547;50.000;300;100E-03;9.588;8.907;0.370;3.20;13:44:49.000
234.90;40.71E-03;3.555;50.003;300;100E-03;9.563;8.878;0.372;3.23;13:44:50.000
234.76;37.91E-03;3.224;50.009;300;100E-03;8.900;8.296;0.362;3.22;13:44:51.000
234.70;38.16E-03;3.214;50.013;300;100E-03;8.956;8.360;0.359;3.19;13:44:52.000
234.80;37.92E-03;3.235;50.010;300;100E-03;8.903;8.295;0.363;3.20;13:44:53.000
234.81;38.61E-03;3.295;50.008;300;100E-03;9.066;8.446;0.363;3.22;13:44:54.000
234.74;37.58E-03;3.162;50.012;300;100E-03;8.821;8.235;0.358;3.23;13:44:55.000
234.87;38.83E-03;3.285;50.011;300;100E-03;9.121;8.508;0.360;3.20;13:44:56.000
234.83;39.20E-03;3.339;50.012;300;100E-03;9.206;8.579;0.363;3.18;13:44:57.000
234.82;38.90E-03;3.374;50.015;300;100E-03;9.135;8.489;0.369;3.09;13:44:58.000
234.80;38.37E-03;3.315;50.018;300;100E-03;9.010;8.378;0.368;3.23;13:44:59.000
234.96;38.17E-03;3.331;50.020;300;100E-03;8.969;8.328;0.371;3.19;13:45:00.000
234.89;37.30E-03;3.176;50.018;300;100E-03;8.762;8.166;0.362;3.16;13:45:01.000
234.84;40.05E-03;3.511;50.018;300;100E-03;9.405;8.725;0.373;3.21;13:45:02.000
234.88;38.05E-03;3.275;50.017;300;100E-03;8.938;8.316;0.366;3.14;13:45:03.000
234.91;42.35E-03;3.793;50.017;300;100E-03;9.948;9.197;0.381;3.17;13:45:04.000
234.97;42.61E-03;3.772;50.015;300;100E-03;10.011;9.273;0.377;3.17;13:45:05.000
234.96;42.13E-03;3.740;50.018;300;100E-03;9.898;9.164;0.378;3.16;13:45:06.000
234.98;40.98E-03;3.610;50.022;300;100E-03;9.630;8.928;0.375;3.17;13:45:07.000
234.92;43.83E-03;3.939;50.015;300;100E-03;10.297;9.513;0.383;3.19;13:45:08.000
234.96;44.29E-03;4.006;50.023;300;100E-03;10.406;9.604;0.385;3.17;13:45:09.000
234.86;37.94E-03;3.257;50.017;300;100E-03;8.910;8.294;0.366;3.19;13:45:10.000
234.88;38.36E-03;3.304;50.015;300;100E-03;9.010;8.382;0.367;3.15;13:45:11.000
234.94;39.15E-03;3.357;50.022;300;100E-03;9.198;8.563;0.365;3.15;13:45:12.000
234.98;37.76E-03;3.248;50.015;300;100E-03;8.873;8.257;0.366;3.18;13:45:13.000
234.95;37.50E-03;3.223;50.015;300;100E-03;8.811;8.200;0.366;3.19;13:45:14.000
234.95;38.11E-03;3.292;50.014;300;100E-03;8.955;8.327;0.368;3.16;13:45:15.000
234.74;37.28E-03;3.154;50.012;300;100E-03;8.752;8.164;0.360;3.15;13:45:16.000
234.87;38.28E-03;3.277;50.016;300;100E-03;8.990;8.372;0.364;3.18;13:45:17.000
234.88;38.35E-03;3.267;50.006;300;100E-03;9.007;8.394;0.363;3.15;13:45:18.000
235.00;37.45E-03;3.196;50.018;300;100E-03;8.800;8.199;0.363;3.21;13:45:19.000
234.93;38.79E-03;3.349;50.007;300;100E-03;9.113;8.476;0.367;3.26;13:45:20.000
234.82;38.23E-03;3.264;50.019;300;100E-03;8.977;8.363;0.364;3.18;13:45:21.000
234.82;38.00E-03;3.268;50.011;300;100E-03;8.923;8.303;0.366;3.19;13:45:22.000
234.84;38.04E-03;3.255;50.008;300;100E-03;8.933;8.319;0.364;3.24;13:45:23.000
234.78;38.01E-03;3.260;50.006;300;100E-03;8.924;8.307;0.365;3.12;13:45:24.000
234.73;38.11E-03;3.265;50.005;300;100E-03;8.945;8.328;0.365;3.19;13:45:25.000
234.89;37.19E-03;3.163;50.012;300;100E-03;8.736;8.144;0.362;3.19;13:45:26.000
234.96;37.75E-03;3.232;50.012;300;100E-03;8.869;8.260;0.364;3.20;13:45:27.000
234.92;38.10E-03;3.310;50.006;300;100E-03;8.951;8.316;0.370;3.24;13:45:28.000
234.91;38.11E-03;3.313;50.019;300;100E-03;8.951;8.316;0.370;3.21;13:45:29.000
234.88;37.97E-03;3.286;50.015;300;100E-03;8.920;8.292;0.368;3.19;13:45:30.000
234.94;37.01E-03;3.147;50.025;300;100E-03;8.695;8.106;0.362;3.20;13:45:31.000
234.91;37.97E-03;3.261;50.025;300;100E-03;8.920;8.303;0.366;3.18;13:45:32.000
234.91;37.96E-03;3.287;50.022;300;100E-03;8.918;8.290;0.369;3.19;13:45:33.000
234.75;37.81E-03;3.205;50.024;300;100E-03;8.877;8.278;0.361;3.08;13:45:34.000
234.85;38.03E-03;3.268;50.018;300;100E-03;8.931;8.312;0.366;3.22;13:45:35.000
234.82;38.13E-03;3.295;50.020;300;100E-03;8.953;8.324;0.368;3.17;13:45:36.000
234.85;40.72E-03;3.562;50.021;300;100E-03;9.563;8.875;0.373;3.22;13:45:37.000
234.91;40.44E-03;3.476;50.028;300;100E-03;9.499;8.840;0.366;3.15;13:45:38.000
234.87;42.77E-03;3.838;50.018;300;100E-03;10.044;9.282;0.382;3.21;13:45:39.000
235.03;43.29E-03;3.889;50.022;300;100E-03;10.174;9.401;0.382;3.25;13:45:40.000
234.93;45.30E-03;4.126;50.035;300;100E-03;10.641;9.809;0.388;3.20;13:45:41.000
234.85;42.30E-03;3.771;50.024;300;100E-03;9.935;9.191;0.380;3.18;13:45:42.000
235.06;42.89E-03;3.833;50.025;300;100E-03;10.082;9.325;0.380;3.18;13:45:43.000
235.03;43.39E-03;3.856;50.031;300;100E-03;10.198;9.441;0.378;3.16;13:45:44.000
235.09;37.92E-03;3.249;50.039;300;100E-03;8.915;8.302;0.364;3.20;13:45:45.000
235.03;38.59E-03;3.279;50.032;300;100E-03;9.069;8.455;0.362;3.24;13:45:46.000
234.99;37.25E-03;3.156;50.037;300;100E-03;8.752;8.163;0.361;3.21;13:45:47.000
234.94;38.07E-03;3.240;50.035;300;100E-03;8.944;8.337;0.362;3.20;13:45:48.000
235.05;37.68E-03;3.214;50.042;300;100E-03;8.857;8.253;0.363;3.27;13:45:49.000
235.10;38.69E-03;3.326;50.038;300;100E-03;9.096;8.466;0.366;3.27;13:45:50.000
234.82;38.78E-03;3.312;50.043;300;100E-03;9.107;8.483;0.364;3.25;13:45:51.000
234.99;38.20E-03;3.267;50.037;300;100E-03;8.976;8.360;0.364;3.22;13:45:52.000
234.92;38.39E-03;3.273;50.036;300;100E-03;9.018;8.403;0.363;3.25;13:45:53.000
235.19;38.29E-03;3.305;50.033;300;100E-03;9.006;8.378;0.367;3.21;13:45:54.000
235.14;38.17E-03;3.278;50.041;300;100E-03;8.975;8.355;0.365;3.22;13:45:55.000
235.18;38.18E-03;3.289;50.043;300;100E-03;8.979;8.354;0.366;3.20;13:45:56.000
235.17;38.10E-03;3.214;50.045;300;100E-03;8.960;8.363;0.359;3.20;13:45:57.000
235.26;38.13E-03;3.241;50.043;300;100E-03;8.969;8.363;0.361;3.22;13:45:58.000
235.06;37.67E-03;3.188;50.044;300;100E-03;8.856;8.262;0.360;3.20;13:45:59.000
235.13;38.11E-03;3.235;50.044;300;100E-03;8.962;8.358;0.361;3.12;13:46:00.000
235.06;38.97E-03;3.306;50.047;300;100E-03;9.160;8.542;0.361;3.25;13:46:01.000
234.99;38.32E-03;3.218;50.052;300;100E-03;9.004;8.409;0.357;3.18;13:46:02.000
235.14;39.00E-03;3.277;50.050;300;100E-03;9.171;8.566;0.357;3.22;13:46:03.000
235.03;38.79E-03;3.304;50.049;300;100E-03;9.117;8.497;0.362;3.22;13:46:04.000
235.03;38.60E-03;3.275;50.048;300;100E-03;9.073;8.462;0.361;3.23;13:46:05.000
235.16;38.14E-03;3.235;50.050;300;100E-03;8.968;8.365;0.361;3.19;13:46:06.000
235.16;37.86E-03;3.191;50.048;300;100E-03;8.902;8.310;0.358;3.24;13:46:07.000
235.00;38.65E-03;3.256;50.041;300;100E-03;9.082;8.478;0.359;3.24;13:46:08.000
235.05;41.85E-03;3.659;50.049;300;100E-03;9.836;9.130;0.372;3.26;13:46:09.000
235.13;39.55E-03;3.364;50.048;300;100E-03;9.300;8.670;0.362;3.24;13:46:10.000
235.08;41.96E-03;3.659;50.047;300;100E-03;9.863;9.160;0.371;3.21;13:46:11.000
235.07;42.00E-03;3.677;50.042;300;100E-03;9.873;9.163;0.372;3.23;13:46:12.000
234.95;42.90E-03;3.783;50.042;300;100E-03;10.080;9.343;0.375;3.23;13:46:13.000
235.03;42.82E-03;3.747;50.042;300;100E-03;10.065;9.342;0.372;3.23;13:46:14.000
235.00;44.96E-03;4.071;50.041;300;100E-03;10.566;9.751;0.385;3.21;13:46:15.000
235.00;45.96E-03;4.177;50.035;300;100E-03;10.801;9.961;0.387;3.22;13:46:16.000
234.98;40.42E-03;3.504;50.033;300;100E-03;9.498;8.828;0.369;3.19;13:46:17.000
235.01;42.49E-03;3.721;50.033;300;100E-03;9.985;9.265;0.373;3.22;13:46:18.000
234.80;43.67E-03;3.855;50.042;300;100E-03;10.253;9.501;0.376;3.22;13:46:19.000
234.74;37.95E-03;3.184;50.041;300;100E-03;8.908;8.320;0.357;3.19;13:46:20.000
234.64;38.72E-03;3.299;50.039;300;100E-03;9.086;8.466;0.363;3.21;13:46:21.000
234.67;38.73E-03;3.305;50.040;300;100E-03;9.090;8.467;0.364;3.20;13:46:22.000
234.74;38.26E-03;3.243;50.047;300;100E-03;8.981;8.375;0.361;3.19;13:46:23.000
234.49;38.55E-03;3.248;50.040;300;100E-03;9.040;8.436;0.359;3.23;13:46:24.000
234.82;38.14E-03;3.234;50.050;300;100E-03;8.957;8.353;0.361;3.21;13:46:25.000
234.74;38.79E-03;3.294;50.047;300;100E-03;9.106;8.490;0.362;3.21;13:46:26.000
234.81;38.75E-03;3.292;50.048;300;100E-03;9.100;8.483;0.362;3.23;13:46:27.000
234.80;38.34E-03;3.254;50.052;300;100E-03;9.002;8.393;0.361;3.19;13:46:28.000
234.79;38.18E-03;3.213;50.052;300;100E-03;8.964;8.368;0.358;3.19;13:46:29.000
234.83;38.25E-03;3.214;50.051;300;100E-03;8.983;8.388;0.358;3.19;13:46:30.000
234.70;38.36E-03;3.223;50.051;300;100E-03;9.004;8.407;0.358;3.19;13:46:31.000
234.80;39.15E-03;3.345;50.052;300;100E-03;9.193;8.563;0.364;3.15;13:46:32.000
234.77;38.91E-03;3.274;50.050;300;100E-03;9.135;8.528;0.358;3.20;13:46:33.000
234.78;39.21E-03;3.300;50.053;300;100E-03;9.205;8.593;0.359;3.18;13:46:34.000
234.81;38.99E-03;3.291;50.052;300;100E-03;9.156;8.544;0.359;3.18;13:46:35.000
234.82;37.63E-03;3.150;50.045;300;100E-03;8.836;8.256;0.356;3.20;13:46:36.000
234.76;37.56E-03;3.162;50.047;300;100E-03;8.817;8.231;0.359;3.16;13:46:37.000
234.83;38.41E-03;3.274;50.049;300;100E-03;9.020;8.405;0.363;3.15;13:46:38.000
234.68;37.86E-03;3.180;50.049;300;100E-03;8.885;8.297;0.358;3.14;13:46:39.000
234.66;37.71E-03;3.166;50.051;300;100E-03;8.848;8.263;0.358;3.18;13:46:40.000
234.66;38.87E-03;3.288;50.050;300;100E-03;9.121;8.508;0.360;3.19;13:46:41.000
234.58;39.43E-03;3.307;50.048;300;100E-03;9.249;8.637;0.358;3.23;13:46:42.000
234.62;38.85E-03;3.221;50.044;300;100E-03;9.116;8.527;0.353;3.22;13:46:43.000
234.67;39.13E-03;3.296;50.045;300;100E-03;9.182;8.570;0.359;3.21;13:46:44.000
234.67;41.03E-03;3.477;50.052;300;100E-03;9.628;8.978;0.361;3.20;13:46:45.000
234.65;43.91E-03;3.888;50.046;300;100E-03;10.305;9.543;0.377;3.23;13:46:46.000
234.87;40.43E-03;3.517;50.045;300;100E-03;9.497;8.822;0.370;3.22;13:46:47.000
234.91;41.25E-03;3.594;50.046;300;100E-03;9.690;8.999;0.371;3.24;13:46:48.000
234.90;45.62E-03;4.114;50.040;300;100E-03;10.717;9.895;0.384;3.23;13:46:49.000
234.95;47.18E-03;4.249;50.049;300;100E-03;11.086;10.239;0.383;3.25;13:46:50.000
235.00;49.10E-03;4.494;50.042;300;100E-03;11.537;10.626;0.389;3.25;13:46:51.000
234.77;38.95E-03;3.266;50.045;300;100E-03;9.145;8.542;0.357;3.23;13:46:52.000
234.96;39.13E-03;3.334;50.038;300;100E-03;9.193;8.567;0.363;3.24;13:46:53.000
235.02;38.69E-03;3.285;50.046;300;100E-03;9.092;8.478;0.361;3.23;13:46:54.000
234.95;38.93E-03;3.266;50.043;300;100E-03;9.146;8.543;0.357;3.24;13:46:55.000
234.90;39.05E-03;3.288;50.044;300;100E-03;9.173;8.564;0.358;3.26;13:46:56.000
234.92;38.12E-03;3.197;50.042;300;100E-03;8.955;8.365;0.357;3.26;13:46:57.000
234.73;38.13E-03;3.179;50.044;300;100E-03;8.951;8.368;0.355;3.26;13:46:58.000
234.72;39.22E-03;3.320;50.038;300;100E-03;9.205;8.585;0.361;3.27;13:46:59.000
234.99;39.31E-03;3.28;50.040;300;500E-03;9.24;8.63;0.355;3.26;13:47:00.000
234.95;39.33E-03;3.329;50.043;300;100E-03;9.240;8.619;0.360;3.26;13:47:01.000
235.01;38.44E-03;3.196;50.031;300;100E-03;9.033;8.448;0.354;3.29;13:47:02.000
235.03;38.78E-03;3.262;50.038;300;100E-03;9.113;8.510;0.358;3.24;13:47:03.000
234.89;39.02E-03;3.262;50.035;300;100E-03;9.165;8.565;0.356;3.26;13:47:04.000
234.82;38.99E-03;3.240;50.037;300;100E-03;9.157;8.564;0.354;3.28;13:47:05.000
234.99;38.68E-03;3.276;50.031;300;100E-03;9.089;8.478;0.360;3.25;13:47:06.000
235.02;38.06E-03;3.191;50.030;300;100E-03;8.945;8.357;0.357;3.25;13:47:07.000
234.99;38.87E-03;3.274;50.031;300;100E-03;9.134;8.527;0.358;3.27;13:47:08.000
234.74;38.52E-03;3.242;50.033;300;100E-03;9.043;8.442;0.359;3.26;13:47:09.000
234.80;38.86E-03;3.276;50.032;300;100E-03;9.125;8.517;0.359;3.27;13:47:10.000
234.80;38.36E-03;3.229;50.034;300;100E-03;9.007;8.408;0.359;3.30;13:47:11.000
234.87;39.36E-03;3.282;50.027;300;100E-03;9.243;8.641;0.355;3.26;13:47:12.000
235.00;37.83E-03;3.184;50.029;300;100E-03;8.890;8.301;0.358;3.26;13:47:13.000
235.01;39.23E-03;3.304;50.032;300;100E-03;9.220;8.608;0.358;3.29;13:47:14.000
235.07;39.98E-03;3.390;50.024;300;100E-03;9.398;8.765;0.361;3.27;13:47:15.000
234.99;38.66E-03;3.233;50.033;300;100E-03;9.085;8.490;0.356;3.27;13:47:16.000
234.76;39.13E-03;3.297;50.034;300;100E-03;9.187;8.575;0.359;3.31;13:47:17.000
234.84;38.44E-03;3.250;50.041;300;100E-03;9.028;8.422;0.360;3.27;13:47:18.000
235.10;41.74E-03;3.632;50.035;300;100E-03;9.813;9.116;0.370;3.31;13:47:19.000
235.09;41.44E-03;3.604;50.037;300;100E-03;9.743;9.052;0.370;3.31;13:47:20.000
234.97;44.15E-03;3.924;50.037;300;100E-03;10.374;9.603;0.378;3.26;13:47:21.000
235.05;42.84E-03;3.748;50.035;300;100E-03;10.070;9.346;0.372;3.22;13:47:22.000
234.88;42.84E-03;3.722;50.037;300;100E-03;10.063;9.349;0.370;3.25;13:47:23.000
234.88;43.09E-03;3.771;50.029;300;100E-03;10.122;9.393;0.373;3.25;13:47:24.000
235.12;44.03E-03;3.837;50.030;300;100E-03;10.353;9.615;0.371;3.24;13:47:25.000
235.16;43.14E-03;3.765;50.029;300;100E-03;10.145;9.420;0.371;3.21;13:47:26.000
235.22;39.20E-03;3.278;50.031;300;100E-03;9.219;8.617;0.356;3.24;13:47:27.000
235.01;38.72E-03;3.300;50.025;300;100E-03;9.100;8.480;0.363;3.23;13:47:28.000
235.00;38.55E-03;3.218;50.025;300;100E-03;9.060;8.470;0.355;3.28;13:47:29.000
234.97;38.51E-03;3.251;50.027;300;100E-03;9.049;8.444;0.359;3.24;13:47:30.000
234.98;39.44E-03;3.328;50.024;300;100E-03;9.268;8.650;0.359;3.25;13:47:31.000
234.92;38.60E-03;3.247;50.029;300;100E-03;9.068;8.466;0.358;3.25;13:47:32.000
234.98;38.09E-03;3.17;50.024;300;500E-03;8.95;8.37;0.354;3.24;13:47:33.000
235.02;38.10E-03;3.187;50.030;300;100E-03;8.954;8.368;0.356;3.24;13:47:34.000
235.02;39.25E-03;3.306;50.031;300;100E-03;9.225;8.612;0.358;3.24;13:47:35.000
234.86;38.62E-03;3.242;50.031;300;100E-03;9.070;8.470;0.357;3.27;13:47:36.000
234.90;38.98E-03;3.274;50.026;300;100E-03;9.157;8.552;0.358;3.25;13:47:37.000
234.93;37.94E-03;3.198;50.025;300;100E-03;8.912;8.318;0.359;3.27;13:47:38.000
234.94;38.78E-03;3.269;50.033;300;100E-03;9.110;8.503;0.359;3.27;13:47:39.000
234.89;38.58E-03;3.259;50.034;300;100E-03;9.062;8.455;0.360;3.25;13:47:40.000
234.88;38.84E-03;3.275;50.038;300;100E-03;9.124;8.516;0.359;3.25;13:47:41.000
234.93;38.69E-03;3.253;50.036;300;100E-03;9.089;8.487;0.358;3.24;13:47:42.000
234.88;38.44E-03;3.195;50.037;300;100E-03;9.028;8.444;0.354;3.26;13:47:43.000
234.83;38.26E-03;3.219;50.039;300;100E-03;8.984;8.388;0.358;3.25;13:47:44.000
234.68;37.76E-03;3.154;50.042;300;100E-03;8.863;8.282;0.356;3.26;13:47:45.000
234.84;38.29E-03;3.216;50.038;300;100E-03;8.992;8.398;0.358;3.25;13:47:46.000
234.94;39.21E-03;3.330;50.042;300;100E-03;9.212;8.589;0.361;3.27;13:47:47.000
235.02;39.00E-03;3.263;50.040;300;100E-03;9.167;8.567;0.356;3.31;13:47:48.000
235.00;38.54E-03;3.257;50.037;300;100E-03;9.056;8.451;0.360;3.28;13:47:49.000
235.03;39.35E-03;3.376;50.040;300;100E-03;9.248;8.609;0.365;3.30;13:47:50.000
235.10;38.79E-03;3.264;50.041;300;100E-03;9.119;8.515;0.358;3.28;13:47:51.000
235.07;39.74E-03;3.337;50.035;300;100E-03;9.341;8.725;0.357;3.26;13:47:52.000
234.98;43.29E-03;3.788;50.037;300;100E-03;10.172;9.440;0.372;3.28;13:47:53.000
234.96;41.01E-03;3.540;50.039;300;100E-03;9.637;8.963;0.367;3.29;13:47:54.000
235.07;44.68E-03;3.998;50.038;300;100E-03;10.502;9.711;0.381;3.29;13:47:55.000
235.07;43.66E-03;3.891;50.033;300;100E-03;10.262;9.496;0.379;3.28;13:47:56.000
235.09;44.96E-03;3.998;50.032;300;100E-03;10.570;9.784;0.378;3.23;13:47:57.000
235.17;44.25E-03;3.894;50.034;300;100E-03;10.405;9.649;0.374;3.22;13:47:58.000
235.20;inf;inf;50.039;300;100E-03;inf;inf;inf;3.20;13:47:59.000
235.15;43.24E-03;3.73;50.040;300;500E-03;10.17;9.46;0.367;3.18;13:48:00.000
235.16;39.00E-03;3.301;50.038;300;100E-03;9.172;8.558;0.360;3.20;13:48:01.000
235.16;38.52E-03;3.256;50.037;300;100E-03;9.058;8.452;0.359;3.19;13:48:02.000
235.17;38.93E-03;3.276;50.038;300;100E-03;9.156;8.550;0.358;3.20;13:48:03.000
235.16;38.08E-03;3.183;50.042;300;100E-03;8.954;8.369;0.356;3.21;13:48:04.000
235.26;38.55E-03;3.262;50.042;300;100E-03;9.070;8.463;0.360;3.21;13:48:05.000
235.23;38.74E-03;3.267;50.037;300;100E-03;9.113;8.508;0.358;3.21;13:48:06.000
235.14;37.84E-03;3.193;50.033;300;100E-03;8.897;8.305;0.359;3.22;13:48:07.000
235.15;38.83E-03;3.289;50.040;300;100E-03;9.131;8.518;0.360;3.26;13:48:08.000
235.16;38.29E-03;3.236;50.039;300;100E-03;9.004;8.403;0.359;3.26;13:48:09.000
235.15;38.67E-03;3.246;50.037;300;100E-03;9.092;8.493;0.357;3.20;13:48:10.000
235.18;38.08E-03;3.213;50.030;300;100E-03;8.956;8.360;0.359;3.25;13:48:11.000
235.18;38.12E-03;3.214;50.035;300;100E-03;8.966;8.370;0.359;3.26;13:48:12.000
235.13;38.29E-03;3.251;50.030;300;100E-03;9.002;8.395;0.361;3.23;13:48:13.000
235.19;38.42E-03;3.248;50.028;300;100E-03;9.035;8.431;0.360;3.25;13:48:14.000
235.18;38.62E-03;3.270;50.026;300;100E-03;9.082;8.473;0.360;3.27;13:48:15.000
235.13;38.41E-03;3.256;50.031;300;100E-03;9.031;8.424;0.361;3.28;13:48:16.000
235.20;38.57E-03;3.255;50.028;300;100E-03;9.071;8.468;0.359;3.32;13:48:17.000
235.23;38.46E-03;3.267;50.035;300;100E-03;9.047;8.437;0.361;3.27;13:48:18.000
235.19;38.61E-03;3.285;50.026;300;100E-03;9.080;8.465;0.362;3.30;13:48:19.000
235.36;38.64E-03;3.259;50.028;300;100E-03;9.095;8.491;0.358;3.26;13:48:20.000
235.14;38.81E-03;3.267;50.022;300;100E-03;9.126;8.522;0.358;3.31;13:48:21.000
235.10;38.79E-03;3.263;50.024;300;100E-03;9.119;8.515;0.358;3.27;13:48:22.000
235.05;38.61E-03;3.271;50.021;300;100E-03;9.075;8.465;0.360;3.30;13:48:23.000
235.02;38.53E-03;3.259;50.018;300;100E-03;9.056;8.449;0.360;3.27;13:48:24.000
235.04;40.64E-03;3.513;50.021;300;100E-03;9.553;8.884;0.368;3.27;13:48:25.000
235.05;40.59E-03;3.496;50.021;300;100E-03;9.541;8.877;0.366;3.28;13:48:26.000
235.01;38.89E-03;3.281;50.012;300;100E-03;9.139;8.529;0.359;3.27;13:48:27.000
235.04;41.50E-03;3.616;50.009;300;100E-03;9.755;9.060;0.371;3.25;13:48:28.000
234.97;42.13E-03;3.674;50.010;300;100E-03;9.900;9.193;0.371;3.25;13:48:29.000
235.04;42.45E-03;3.735;50.015;300;100E-03;9.977;9.251;0.374;3.25;13:48:30.000
235.01;45.33E-03;4.087;50.013;300;100E-03;10.652;9.837;0.384;3.24;13:48:31.000
235.03;45.48E-03;4.090;50.012;300;100E-03;10.689;9.875;0.383;3.22;13:48:32.000
234.97;45.79E-03;4.054;50.013;300;100E-03;10.759;9.966;0.377;3.22;13:48:33.000
235.01;39.03E-03;3.315;50.016;300;100E-03;9.172;8.552;0.361;3.21;13:48:34.000
235.06;39.77E-03;3.425;50.015;300;100E-03;9.348;8.698;0.366;3.21;13:48:35.000
234.97;39.00E-03;3.327;50.013;300;100E-03;9.165;8.540;0.363;3.21;13:48:36.000
234.89;38.65E-03;3.257;50.018;300;100E-03;9.078;8.473;0.359;3.22;13:48:37.000
234.85;38.59E-03;3.272;50.022;300;100E-03;9.063;8.452;0.361;3.24;13:48:38.000
234.95;39.14E-03;3.299;50.021;300;100E-03;9.195;8.583;0.359;3.27;13:48:39.000
234.98;38.73E-03;3.287;50.016;300;100E-03;9.100;8.486;0.361;3.23;13:48:40.000
235.00;38.79E-03;3.273;50.020;300;100E-03;9.116;8.508;0.359;3.23;13:48:41.000
235.06;38.19E-03;3.211;50.015;300;100E-03;8.976;8.382;0.358;3.23;13:48:42.000
234.95;37.97E-03;3.181;50.024;300;100E-03;8.922;8.335;0.357;3.24;13:48:43.000
234.94;38.80E-03;3.275;50.018;300;100E-03;9.116;8.507;0.359;3.21;13:48:44.000
234.98;39.17E-03;3.308;50.020;300;100E-03;9.204;8.589;0.359;3.22;13:48:45.000
234.83;38.48E-03;3.267;50.022;300;100E-03;9.036;8.425;0.362;3.24;13:48:46.000
234.83;37.93E-03;3.228;50.020;300;100E-03;8.906;8.301;0.362;3.25;13:48:47.000
234.80;38.27E-03;3.271;50.024;300;100E-03;8.985;8.369;0.364;3.22;13:48:48.000
234.76;38.90E-03;3.309;50.019;300;100E-03;9.131;8.511;0.362;3.24;13:48:49.000
234.76;42.95E-03;3.798;50.020;300;100E-03;10.084;9.341;0.377;3.20;13:48:50.000
234.74;40.74E-03;3.534;50.012;300;100E-03;9.563;8.886;0.370;3.20;13:48:51.000
234.63;40.55E-03;3.502;50.019;300;100E-03;9.514;8.846;0.368;3.21;13:48:52.000
234.67;38.33E-03;3.245;50.017;300;100E-03;8.995;8.390;0.361;3.18;13:48:53.000
234.65;38.82E-03;3.299;50.016;300;100E-03;9.110;8.491;0.362;3.16;13:48:54.000
234.64;37.93E-03;3.181;50.014;300;100E-03;8.900;8.313;0.357;3.14;13:48:55.000
234.68;38.21E-03;3.209;50.019;300;100E-03;8.968;8.374;0.358;3.15;13:48:56.000
234.49;39.11E-03;3.314;50.019;300;100E-03;9.170;8.550;0.361;3.13;13:48:57.000
234.58;38.36E-03;3.191;50.012;300;100E-03;8.998;8.413;0.355;3.11;13:48:58.000
234.61;38.72E-03;3.267;50.010;300;100E-03;9.084;8.477;0.360;3.15;13:48:59.000
234.60;43.67E-03;3.803;50.009;300;100E-03;10.244;9.512;0.371;3.18;13:49:00.000
234.57;40.43E-03;3.457;50.011;300;100E-03;9.484;8.832;0.364;3.15;13:49:01.000
234.62;43.06E-03;3.809;50.011;300;100E-03;10.104;9.358;0.377;3.19;13:49:02.000
234.61;43.67E-03;3.898;50.009;300;100E-03;10.245;9.474;0.381;3.20;13:49:03.000
234.67;41.66E-03;3.689;50.011;300;100E-03;9.777;9.054;0.377;3.17;13:49:04.000
234.62;42.91E-03;3.814;50.014;300;100E-03;10.069;9.318;0.379;3.20;13:49:05.000
234.65;44.99E-03;4.003;50.014;300;100E-03;10.556;9.768;0.379;3.19;13:49:06.000
234.54;44.87E-03;3.941;50.011;300;100E-03;10.524;9.758;0.374;3.18;13:49:07.000
234.59;39.14E-03;3.334;50.016;300;100E-03;9.183;8.556;0.363;3.19;13:49:08.000
234.70;38.51E-03;3.254;50.012;300;100E-03;9.037;8.431;0.360;3.18;13:49:09.000
234.65;37.74E-03;3.167;50.012;300;100E-03;8.856;8.270;0.358;3.20;13:49:10.000
234.57;38.55E-03;3.255;50.015;300;100E-03;9.043;8.436;0.360;3.21;13:49:11.000
234.66;38.61E-03;3.258;50.013;300;100E-03;9.061;8.454;0.360;3.19;13:49:12.000
234.65;39.18E-03;3.346;50.011;300;100E-03;9.195;8.565;0.364;3.19;13:49:13.000
234.61;38.52E-03;3.229;50.010;300;100E-03;9.037;8.441;0.357;3.17;13:49:14.000
234.61;38.90E-03;3.335;50.016;300;100E-03;9.125;8.494;0.365;3.17;13:49:15.000
234.62;38.99E-03;3.268;50.016;300;100E-03;9.148;8.544;0.357;3.17;13:49:16.000
234.57;38.48E-03;3.236;50.011;300;100E-03;9.027;8.426;0.359;3.20;13:49:17.000
234.65;38.71E-03;3.264;50.016;300;100E-03;9.083;8.476;0.359;3.19;13:49:18.000
234.64;38.98E-03;3.296;50.012;300;100E-03;9.145;8.531;0.360;3.19;13:49:19.000
234.67;37.89E-03;3.165;50.015;300;100E-03;8.892;8.310;0.356;3.16;13:49:20.000
234.59;38.59E-03;3.257;50.009;300;100E-03;9.054;8.448;0.360;3.17;13:49:21.000
234.55;38.01E-03;3.171;50.010;300;100E-03;8.914;8.331;0.356;3.17;13:49:22.000
234.74;38.86E-03;3.273;50.009;300;100E-03;9.122;8.515;0.359;3.15;13:49:23.000
234.48;38.69E-03;3.220;50.010;300;100E-03;9.072;8.482;0.355;3.16;13:49:24.000
234.53;38.98E-03;3.279;50.008;300;100E-03;9.143;8.535;0.359;3.16;13:49:25.000
234.56;38.68E-03;3.251;50.006;300;100E-03;9.072;8.469;0.358;3.17;13:49:26.000
234.53;38.53E-03;3.238;50.009;300;100E-03;9.037;8.437;0.358;3.16;13:49:27.000
234.47;38.06E-03;3.187;50.011;300;100E-03;8.924;8.335;0.357;3.16;13:49:28.000
234.54;39.03E-03;3.289;50.011;300;100E-03;9.154;8.543;0.359;3.16;13:49:29.000
234.56;38.18E-03;3.200;50.005;300;100E-03;8.956;8.365;0.357;3.17;13:49:30.000
234.44;38.62E-03;3.258;50.010;300;100E-03;9.055;8.449;0.360;3.18;13:49:31.000
234.55;43.22E-03;3.812;50.008;300;100E-03;10.137;9.393;0.376;3.16;13:49:32.000
234.46;38.02E-03;3.206;50.001;300;100E-03;8.914;8.318;0.360;3.17;13:49:33.000
234.57;39.57E-03;3.327;50.000;300;100E-03;9.282;8.665;0.358;3.16;13:49:34.000
234.42;38.11E-03;3.185;50.005;300;100E-03;8.934;8.348;0.356;3.20;13:49:35.000
234.51;43.97E-03;3.884;49.999;300;100E-03;10.310;9.551;0.377;3.17;13:49:36.000
234.51;44.19E-03;3.918;50.001;300;100E-03;10.364;9.595;0.378;3.17;13:49:37.000
234.50;43.37E-03;3.835;49.998;300;100E-03;10.169;9.419;0.377;3.20;13:49:38.000
234.47;41.94E-03;3.682;50.004;300;100E-03;9.834;9.119;0.374;3.19;13:49:39.000
234.64;43.77E-03;3.847;50.007;300;100E-03;10.271;9.523;0.375;3.19;13:49:40.000
234.67;45.22E-03;4.035;50.005;300;100E-03;10.612;9.815;0.380;3.18;13:49:41.000
234.60;38.94E-03;3.296;50.012;300;100E-03;9.136;8.521;0.361;3.20;13:49:42.000
234.63;38.20E-03;3.222;50.005;300;100E-03;8.962;8.363;0.359;3.17;13:49:43.000
234.62;38.23E-03;3.216;50.015;300;100E-03;8.969;8.373;0.359;3.19;13:49:44.000
234.59;38.66E-03;3.280;50.010;300;100E-03;9.069;8.455;0.362;3.20;13:49:45.000
234.60;38.01E-03;3.192;50.010;300;100E-03;8.917;8.326;0.358;3.18;13:49:46.000
234.67;38.45E-03;3.239;50.015;300;100E-03;9.023;8.422;0.359;3.20;13:49:47.000
234.56;38.75E-03;3.269;50.012;300;100E-03;9.090;8.482;0.360;3.20;13:49:48.000
234.61;39.41E-03;3.320;50.010;300;100E-03;9.247;8.631;0.359;3.20;13:49:49.000
234.55;38.85E-03;3.228;50.013;300;100E-03;9.111;8.520;0.354;3.22;13:49:50.000
234.58;39.18E-03;3.320;50.011;300;100E-03;9.190;8.569;0.361;3.20;13:49:51.000
234.60;38.57E-03;3.251;50.007;300;100E-03;9.049;8.445;0.359;3.23;13:49:52.000
234.54;38.90E-03;3.312;50.016;300;100E-03;9.123;8.500;0.363;3.24;13:49:53.000
234.51;38.91E-03;3.293;50.012;300;100E-03;9.124;8.509;0.361;3.24;13:49:54.000
234.58;39.00E-03;3.274;50.011;300;100E-03;9.149;8.543;0.358;3.22;13:49:55.000
234.66;38.53E-03;3.260;50.012;300;100E-03;9.042;8.434;0.361;3.26;13:49:56.000
234.70;38.95E-03;3.325;50.010;300;100E-03;9.143;8.517;0.364;3.23;13:49:57.000
234.60;38.03E-03;3.201;50.015;300;100E-03;8.922;8.328;0.359;3.27;13:49:58.000
234.62;38.44E-03;3.249;50.010;300;100E-03;9.020;8.414;0.360;3.23;13:49:59.000
234.69;39.34E-03;3.336;50.012;300;100E-03;9.232;8.608;0.361;3.25;13:50:00.000
234.68;38.19E-03;3.211;50.012;300;100E-03;8.963;8.368;0.358;3.27;13:50:01.000
234.61;37.31E-03;3.102;50.014;300;100E-03;8.752;8.184;0.354;3.26;13:50:02.000
234.71;38.79E-03;3.285;50.014;300;100E-03;9.104;8.491;0.361;3.21;13:50:03.000
234.70;38.67E-03;3.288;50.001;300;100E-03;9.076;8.459;0.362;3.26;13:50:04.000
234.68;38.32E-03;3.228;50.005;300;100E-03;8.992;8.393;0.359;3.25;13:50:05.000
234.71;39.37E-03;3.350;50.005;300;100E-03;9.241;8.612;0.363;3.25;13:50:06.000
234.68;37.51E-03;3.112;50.004;300;100E-03;8.802;8.234;0.354;3.21;13:50:07.000
234.75;42.26E-03;3.686;50.005;300;100E-03;9.920;9.209;0.372;3.25;13:50:08.000
234.71;39.24E-03;3.328;49.998;300;100E-03;9.211;8.589;0.361;3.20;13:50:09.000
234.70;43.54E-03;3.846;49.998;300;100E-03;10.218;9.467;0.376;3.25;13:50:10.000
234.68;44.89E-03;4.040;49.994;300;100E-03;10.536;9.730;0.383;3.22;13:50:11.000
234.75;45.76E-03;4.088;49.995;300;100E-03;10.742;9.934;0.381;3.23;13:50:12.000
234.63;44.82E-03;3.982;49.993;300;100E-03;10.515;9.732;0.379;3.21;13:50:13.000
234.70;43.55E-03;3.842;49.998;300;100E-03;10.222;9.473;0.376;3.17;13:50:14.000
234.67;43.71E-03;3.878;49.992;300;100E-03;10.257;9.495;0.378;3.22;13:50:15.000
234.66;38.49E-03;3.230;49.988;300;100E-03;9.031;8.434;0.358;3.18;13:50:16.000
234.64;38.84E-03;3.325;49.994;300;100E-03;9.114;8.486;0.365;3.20;13:50:17.000
234.66;39.41E-03;3.316;49.993;300;100E-03;9.249;8.634;0.359;3.22;13:50:18.000
234.70;38.65E-03;3.293;49.997;300;100E-03;9.070;8.451;0.363;3.23;13:50:19.000
234.64;37.89E-03;3.189;49.998;300;100E-03;8.891;8.299;0.359;3.22;13:50:20.000
234.64;38.03E-03;3.198;49.994;300;100E-03;8.923;8.330;0.358;3.21;13:50:21.000
234.61;38.54E-03;3.236;49.997;300;100E-03;9.043;8.444;0.358;3.20;13:50:22.000
234.66;38.47E-03;3.227;49.998;300;100E-03;9.028;8.432;0.357;3.20;13:50:23.000
234.57;37.83E-03;3.175;49.993;300;100E-03;8.874;8.286;0.358;3.24;13:50:24.000
234.57;38.39E-03;3.267;49.995;300;100E-03;9.006;8.392;0.363;3.18;13:50:25.000
234.60;38.43E-03;3.241;49.998;300;100E-03;9.017;8.414;0.360;3.21;13:50:26.000
234.54;38.36E-03;3.249;49.997;300;100E-03;8.998;8.391;0.361;3.22;13:50:27.000
234.62;38.35E-03;3.216;49.999;300;100E-03;8.998;8.404;0.357;3.20;13:50:28.000
234.66;38.45E-03;3.244;49.999;300;100E-03;9.023;8.419;0.360;3.22;13:50:29.000
234.55;38.65E-03;3.247;50.000;300;100E-03;9.064;8.463;0.358;3.21;13:50:30.000
234.57;38.61E-03;3.251;49.999;300;100E-03;9.057;8.453;0.359;3.21;13:50:31.000
234.56;38.48E-03;3.223;50.001;300;100E-03;9.027;8.432;0.357;3.22;13:50:32.000
234.66;42.01E-03;3.634;50.004;300;100E-03;9.857;9.163;0.369;3.22;13:50:33.000
234.65;38.16E-03;3.197;50.000;300;100E-03;8.954;8.364;0.357;3.23;13:50:34.000
234.63;41.80E-03;3.652;49.999;300;100E-03;9.808;9.103;0.372;3.20;13:50:35.000
234.60;38.14E-03;3.221;49.999;300;100E-03;8.947;8.347;0.360;3.24;13:50:36.000
234.56;38.29E-03;3.262;50.001;300;100E-03;8.981;8.367;0.363;3.22;13:50:37.000
234.58;38.34E-03;3.231;50.001;300;100E-03;8.993;8.392;0.359;3.21;13:50:38.000
234.60;38.69E-03;3.264;50.003;300;100E-03;9.077;8.470;0.360;3.20;13:50:39.000
234.52;42.32E-03;3.697;49.999;300;100E-03;9.925;9.211;0.372;3.21;13:50:40.000
234.50;39.13E-03;3.265;49.996;300;100E-03;9.176;8.576;0.356;3.19;13:50:41.000
234.53;42.20E-03;3.684;50.000;300;100E-03;9.896;9.185;0.372;3.16;13:50:42.000
234.45;40.80E-03;3.540;49.997;300;100E-03;9.566;8.887;0.370;3.22;13:50:43.000
234.44;43.21E-03;3.793;49.997;300;100E-03;10.130;9.393;0.374;3.23;13:50:44.000
234.53;43.01E-03;3.803;49.994;300;100E-03;10.086;9.342;0.377;3.17;13:50:45.000
234.47;45.10E-03;3.999;49.997;300;100E-03;10.574;9.789;0.378;3.22;13:50:46.000
234.51;43.60E-03;3.814;49.995;300;100E-03;10.224;9.486;0.373;3.22;13:50:47.000
234.56;44.00E-03;3.859;49.999;300;100E-03;10.320;9.572;0.374;3.19;13:50:48.000
234.47;44.81E-03;3.989;49.997;300;100E-03;10.506;9.719;0.380;3.21;13:50:49.000
234.48;38.60E-03;3.271;49.990;300;100E-03;9.051;8.439;0.361;3.23;13:50:50.000
234.56;40.84E-03;3.542;49.990;300;100E-03;9.580;8.901;0.370;3.23;13:50:51.000
234.57;41.43E-03;3.577;49.990;300;100E-03;9.719;9.037;0.368;3.21;13:50:52.000
234.42;40.89E-03;3.536;49.989;300;100E-03;9.585;8.909;0.369;3.23;13:50:53.000
234.50;37.92E-03;3.185;49.992;300;100E-03;8.893;8.304;0.358;3.24;13:50:54.000
234.46;38.93E-03;3.283;49.989;300;100E-03;9.127;8.516;0.360;3.23;13:50:55.000
234.45;39.22E-03;3.324;49.989;300;100E-03;9.195;8.573;0.361;3.24;13:50:56.000
234.40;39.07E-03;3.289;49.990;300;100E-03;9.158;8.547;0.359;3.22;13:50:57.000
234.32;38.03E-03;3.184;49.990;300;100E-03;8.911;8.323;0.357;3.21;13:50:58.000
234.37;39.15E-03;3.326;49.984;300;100E-03;9.175;8.551;0.362;3.19;13:50:59.000
234.34;38.24E-03;3.222;49.987;300;100E-03;8.960;8.361;0.360;3.22;13:51:00.000
234.49;39.20E-03;3.354;49.989;300;100E-03;9.193;8.559;0.365;3.20;13:51:01.000
234.29;38.67E-03;3.298;49.988;300;100E-03;9.061;8.440;0.364;3.23;13:51:02.000
234.40;38.20E-03;3.213;49.988;300;100E-03;8.955;8.359;0.359;3.21;13:51:03.000
234.34;38.31E-03;3.260;49.987;300;100E-03;8.978;8.366;0.363;3.19;13:51:04.000
234.38;38.68E-03;3.287;49.988;300;100E-03;9.065;8.448;0.363;3.16;13:51:05.000
234.49;38.24E-03;3.190;49.988;300;100E-03;8.967;8.380;0.356;3.16;13:51:06.000
234.49;38.55E-03;3.251;49.993;300;100E-03;9.040;8.435;0.360;3.19;13:51:07.000
234.56;37.75E-03;3.180;49.989;300;100E-03;8.855;8.264;0.359;3.15;13:51:08.000
234.52;38.48E-03;3.285;49.986;300;100E-03;9.025;8.406;0.364;3.19;13:51:09.000
234.60;38.98E-03;3.222;49.987;300;100E-03;9.144;8.558;0.352;3.16;13:51:10.000
234.44;38.47E-03;3.252;49.994;300;100E-03;9.019;8.413;0.361;3.17;13:51:11.000
234.47;39.02E-03;3.341;49.986;300;100E-03;9.150;8.518;0.365;3.17;13:51:12.000
234.46;38.76E-03;3.288;49.996;300;100E-03;9.088;8.472;0.362;3.19;13:51:13.000
nan;nan;nan;nan;300;500E-03;nan;nan;nan;nan;13:51:14.000
nan;nan;nan;nan;300;100E-03;nan;nan;nan;nan;13:51:15.000
234.45;41.15E-03;3.587;49.994;300;100E-03;9.647;8.955;0.372;3.18;13:51:16.000
234.35;39.35E-03;3.347;49.989;300;100E-03;9.222;8.593;0.363;3.21;13:51:17.000
234.33;42.77E-03;3.768;49.987;300;100E-03;10.021;9.286;0.376;3.20;13:51:18.000
234.35;44.32E-03;3.935;49.986;300;100E-03;10.387;9.612;0.379;3.19;13:51:19.000
234.21;42.75E-03;3.772;49.997;300;100E-03;10.012;9.275;0.377;3.20;13:51:20.000
234.27;42.98E-03;3.806;49.990;300;100E-03;10.069;9.322;0.378;3.20;13:51:21.000
234.34;43.64E-03;3.857;49.989;300;100E-03;10.227;9.472;0.377;3.21;13:51:22.000
234.25;44.94E-03;4.008;49.994;300;100E-03;10.526;9.733;0.381;3.20;13:51:23.000
234.35;38.81E-03;3.338;49.995;300;100E-03;9.095;8.461;0.367;3.24;13:51:24.000
234.20;38.67E-03;3.289;49.985;300;100E-03;9.055;8.437;0.363;3.18;13:51:25.000
234.29;38.92E-03;3.320;49.994;300;100E-03;9.119;8.494;0.364;3.19;13:51:26.000
234.25;38.37E-03;3.267;49.992;300;100E-03;8.987;8.372;0.364;3.19;13:51:27.000
234.31;37.82E-03;3.213;49.986;300;100E-03;8.861;8.258;0.363;3.21;13:51:28.000
234.36;39.19E-03;3.344;49.989;300;100E-03;9.184;8.554;0.364;3.21;13:51:29.000
234.25;38.01E-03;3.221;49.993;300;100E-03;8.903;8.300;0.362;3.23;13:51:30.000
234.29;37.60E-03;3.166;49.989;300;100E-03;8.810;8.222;0.359;3.22;13:51:31.000
234.36;38.57E-03;3.293;49.989;300;100E-03;9.039;8.418;0.364;3.19;13:51:32.000
234.40;39.26E-03;3.333;49.988;300;100E-03;9.202;8.577;0.362;3.20;13:51:33.000
234.27;38.26E-03;3.264;49.989;300;100E-03;8.963;8.348;0.364;3.24;13:51:34.000
234.27;38.28E-03;3.236;49.991;300;100E-03;8.968;8.364;0.361;3.23;13:51:35.000
234.32;37.55E-03;3.223;49.986;300;100E-03;8.799;8.187;0.366;3.23;13:51:36.000
234.45;38.60E-03;3.325;49.986;300;100E-03;9.051;8.418;0.367;3.21;13:51:37.000
234.43;38.12E-03;3.258;49.991;300;100E-03;8.936;8.320;0.365;3.22;13:51:38.000
234.54;38.59E-03;3.277;49.989;300;100E-03;9.051;8.437;0.362;3.19;13:51:39.000
234.35;38.48E-03;3.302;49.992;300;100E-03;9.018;8.391;0.366;3.23;13:51:40.000
234.45;38.04E-03;3.242;49.997;300;100E-03;8.918;8.308;0.364;3.23;13:51:41.000
234.48;38.14E-03;3.254;49.996;300;100E-03;8.942;8.329;0.364;3.21;13:51:42.000
234.33;37.96E-03;3.221;49.993;300;100E-03;8.895;8.291;0.362;3.22;13:51:43.000
234.33;37.59E-03;3.171;49.992;300;100E-03;8.808;8.218;0.360;3.23;13:51:44.000
234.32;38.72E-03;3.271;49.994;300;100E-03;9.072;8.462;0.361;3.23;13:51:45.000
234.55;39.20E-03;3.351;49.993;300;100E-03;9.193;8.561;0.365;3.26;13:51:46.000
234.29;38.54E-03;3.267;49.992;300;100E-03;9.030;8.418;0.362;3.23;13:51:47.000
234.47;38.13E-03;3.254;49.996;300;100E-03;8.940;8.327;0.364;3.22;13:51:48.000
234.48;38.09E-03;3.224;49.998;300;100E-03;8.931;8.329;0.361;3.22;13:51:49.000
234.41;41.76E-03;3.640;50.003;300;100E-03;9.789;9.087;0.372;3.25;13:51:50.000
234.48;39.72E-03;3.438;50.004;300;100E-03;9.314;8.656;0.369;3.25;13:51:51.000
234.30;43.86E-03;3.940;49.998;300;100E-03;10.277;9.492;0.383;3.25;13:51:52.000
234.48;43.37E-03;3.869;50.006;300;100E-03;10.168;9.403;0.381;3.24;13:51:53.000
234.47;41.96E-03;3.732;50.003;300;100E-03;9.837;9.102;0.379;3.24;13:51:54.000
234.35;41.73E-03;3.652;50.007;300;100E-03;9.779;9.072;0.373;3.26;13:51:55.000
234.36;43.72E-03;3.840;49.998;300;100E-03;10.245;9.498;0.375;3.24;13:51:56.000
234.54;45.33E-03;4.119;49.998;300;100E-03;10.631;9.801;0.387;3.22;13:51:57.000
234.40;38.01E-03;3.234;50.003;300;100E-03;8.909;8.302;0.363;3.24;13:51:58.000
234.48;38.31E-03;3.276;50.003;300;100E-03;8.982;8.364;0.365;3.23;13:51:59.000
234.48;37.80E-03;3.204;49.996;300;100E-03;8.863;8.263;0.361;3.24;13:52:00.000
234.33;38.20E-03;3.234;49.993;300;100E-03;8.951;8.347;0.361;3.18;13:52:01.000
234.50;38.35E-03;3.294;49.991;300;100E-03;8.994;8.369;0.366;3.21;13:52:02.000
234.50;37.64E-03;3.187;49.991;300;100E-03;8.826;8.230;0.361;3.20;13:52:03.000
234.52;37.96E-03;3.240;49.998;300;100E-03;8.902;8.292;0.364;3.21;13:52:04.000
234.39;38.47E-03;3.273;49.997;300;100E-03;9.018;8.403;0.363;3.19;13:52:05.000
234.50;38.27E-03;3.258;49.990;300;100E-03;8.975;8.363;0.363;3.17;13:52:06.000
234.37;38.29E-03;3.255;49.989;300;100E-03;8.974;8.363;0.363;3.18;13:52:07.000
234.38;38.45E-03;3.285;49.986;300;100E-03;9.012;8.392;0.365;3.16;13:52:08.000
234.39;38.23E-03;3.251;49.985;300;100E-03;8.960;8.349;0.363;3.17;13:52:09.000
234.36;37.15E-03;3.156;49.990;300;100E-03;8.706;8.114;0.362;3.21;13:52:10.000
234.40;38.13E-03;3.241;49.987;300;100E-03;8.937;8.329;0.363;3.21;13:52:11.000
234.44;38.18E-03;3.254;49.983;300;100E-03;8.952;8.339;0.364;3.17;13:52:12.000
234.40;38.21E-03;3.253;49.979;300;100E-03;8.957;8.346;0.363;3.17;13:52:13.000
234.29;38.32E-03;3.257;49.979;300;100E-03;8.979;8.367;0.363;3.19;13:52:14.000
234.53;37.60E-03;3.145;49.982;300;100E-03;8.819;8.239;0.357;3.17;13:52:15.000
234.32;39.05E-03;3.349;49.976;300;100E-03;9.151;8.515;0.366;3.20;13:52:16.000
234.27;37.83E-03;3.223;49.978;300;100E-03;8.862;8.256;0.364;3.20;13:52:17.000
234.35;38.11E-03;3.251;49.981;300;100E-03;8.930;8.317;0.364;3.19;13:52:18.000
234.39;38.80E-03;3.290;49.974;300;100E-03;9.094;8.478;0.362;3.18;13:52:19.000
234.41;37.60E-03;3.174;49.974;300;100E-03;8.813;8.222;0.360;3.20;13:52:20.000
234.32;37.55E-03;3.181;49.978;300;100E-03;8.799;8.204;0.361;3.23;13:52:21.000
234.34;38.48E-03;3.281;49.976;300;100E-03;9.016;8.398;0.364;3.20;13:52:22.000
234.36;37.94E-03;3.181;49.977;300;100E-03;8.892;8.304;0.358;3.21;13:52:23.000
234.40;41.23E-03;3.592;49.974;300;100E-03;9.664;8.971;0.372;3.22;13:52:24.000
234.25;41.02E-03;3.555;49.977;300;100E-03;9.609;8.927;0.370;3.26;13:52:25.000
234.28;43.64E-03;3.904;49.980;300;100E-03;10.224;9.449;0.382;3.25;13:52:26.000
234.21;43.68E-03;3.920;49.981;300;100E-03;10.230;9.449;0.383;3.27;13:52:27.000
234.18;44.20E-03;3.995;49.979;300;100E-03;10.352;9.550;0.386;3.25;13:52:28.000
234.30;42.54E-03;3.779;49.981;300;100E-03;9.966;9.222;0.379;3.23;13:52:29.000
234.32;43.83E-03;3.927;49.980;300;100E-03;10.271;9.491;0.382;3.25;13:52:30.000
234.21;43.12E-03;3.848;49.984;300;100E-03;10.100;9.338;0.381;3.27;13:52:31.000
234.22;38.59E-03;3.292;49.979;300;100E-03;9.038;8.417;0.364;3.26;13:52:32.000
234.31;39.20E-03;3.341;49.976;300;100E-03;9.185;8.556;0.364;3.27;13:52:33.000
234.29;38.69E-03;3.276;49.980;300;100E-03;9.063;8.451;0.361;3.27;13:52:34.000
234.21;38.93E-03;3.294;49.978;300;100E-03;9.117;8.501;0.361;3.26;13:52:35.000
234.25;38.35E-03;3.251;49.981;300;100E-03;8.983;8.374;0.362;3.24;13:52:36.000
234.29;38.52E-03;3.281;49.968;300;100E-03;9.025;8.408;0.364;3.25;13:52:37.000
234.33;37.91E-03;3.187;49.969;300;100E-03;8.884;8.292;0.359;3.26;13:52:38.000
234.22;38.48E-03;3.223;49.972;300;100E-03;9.013;8.417;0.358;3.23;13:52:39.000
234.29;38.18E-03;3.193;49.973;300;100E-03;8.944;8.355;0.357;3.27;13:52:40.000
234.25;38.47E-03;3.226;49.973;300;100E-03;9.012;8.415;0.358;3.26;13:52:41.000
234.21;38.85E-03;3.255;49.976;300;100E-03;9.099;8.497;0.358;3.24;13:52:42.000
234.30;37.69E-03;3.163;49.976;300;100E-03;8.830;8.244;0.358;3.23;13:52:43.000
234.39;38.65E-03;3.281;49.979;300;100E-03;9.060;8.445;0.362;3.25;13:52:44.000
234.41;38.35E-03;3.259;49.982;300;100E-03;8.990;8.379;0.363;3.24;13:52:45.000
234.39;39.19E-03;3.348;49.983;300;100E-03;9.185;8.553;0.364;3.25;13:52:46.000
234.42;38.45E-03;3.275;49.984;300;100E-03;9.014;8.398;0.363;3.26;13:52:47.000
234.48;38.74E-03;3.249;49.976;300;100E-03;9.085;8.484;0.358;3.28;13:52:48.000
234.59;38.67E-03;3.287;49.981;300;100E-03;9.072;8.456;0.362;3.27;13:52:49.000
234.56;38.08E-03;3.179;49.981;300;100E-03;8.933;8.348;0.356;3.26;13:52:50.000
234.59;39.26E-03;3.274;49.987;300;100E-03;9.211;8.609;0.355;3.26;13:52:51.000
234.44;40.67E-03;3.521;49.976;300;100E-03;9.535;8.861;0.369;3.22;13:52:52.000
234.40;41.18E-03;3.576;49.977;300;100E-03;9.653;8.966;0.370;3.23;13:52:53.000
234.39;40.32E-03;3.493;49.980;300;100E-03;9.451;8.782;0.370;3.26;13:52:54.000
234.61;40.42E-03;3.462;49.978;300;100E-03;9.482;8.827;0.365;3.26;13:52:55.000
234.52;38.01E-03;3.199;49.985;300;100E-03;8.914;8.320;0.359;3.27;13:52:56.000
234.58;39.70E-03;3.380;49.980;300;100E-03;9.312;8.677;0.363;3.26;13:52:57.000
234.54;41.01E-03;3.531;49.985;300;100E-03;9.618;8.946;0.367;3.28;13:52:58.000
234.36;43.79E-03;3.864;49.982;300;100E-03;10.263;9.508;0.377;3.28;13:52:59.000
234.39;42.40E-03;3.701;49.979;300;100E-03;9.938;9.223;0.372;3.29;13:53:00.000
234.34;45.75E-03;4.105;49.988;300;100E-03;10.722;9.905;0.383;3.26;13:53:01.000
234.59;42.63E-03;3.685;49.988;300;100E-03;10.001;9.297;0.368;3.26;13:53:02.000
234.57;44.40E-03;3.924;49.985;300;100E-03;10.414;9.647;0.377;3.26;13:53:03.000
234.61;44.72E-03;3.936;49.985;300;100E-03;10.493;9.726;0.375;3.29;13:53:04.000
234.53;37.45E-03;3.098;49.986;300;100E-03;8.782;8.218;0.353;3.26;13:53:05.000
234.50;39.30E-03;3.349;49.987;300;100E-03;9.217;8.587;0.363;3.24;13:53:06.000
234.22;38.91E-03;3.293;49.990;300;100E-03;9.113;8.497;0.361;3.24;13:53:07.000
234.40;39.82E-03;3.329;49.982;300;100E-03;9.333;8.719;0.357;3.23;13:53:08.000
234.44;39.53E-03;3.344;49.983;300;100E-03;9.268;8.644;0.361;3.23;13:53:09.000
234.32;39.28E-03;3.322;49.982;300;100E-03;9.204;8.584;0.361;3.30;13:53:10.000
234.34;38.76E-03;3.257;49.985;300;100E-03;9.082;8.479;0.359;3.25;13:53:11.000
234.26;38.03E-03;3.164;49.985;300;100E-03;8.910;8.329;0.355;3.28;13:53:12.000
234.30;38.72E-03;3.300;49.979;300;100E-03;9.072;8.450;0.364;3.29;13:53:13.000
234.23;39.81E-03;3.407;49.982;300;100E-03;9.325;8.680;0.365;3.30;13:53:14.000
234.44;38.48E-03;3.188;49.984;300;100E-03;9.021;8.439;0.353;3.30;13:53:15.000
234.51;39.55E-03;3.344;49.984;300;100E-03;9.275;8.651;0.361;3.27;13:53:16.000
234.54;38.10E-03;3.174;49.992;300;100E-03;8.936;8.353;0.355;3.30;13:53:17.000
234.29;38.52E-03;3.235;49.987;300;100E-03;9.026;8.426;0.358;3.31;13:53:18.000
234.31;38.16E-03;3.222;49.986;300;100E-03;8.941;8.340;0.360;3.31;13:53:19.000
234.10;38.50E-03;3.200;49.992;300;100E-03;9.013;8.426;0.355;3.30;13:53:20.000
234.37;38.51E-03;3.230;49.990;300;100E-03;9.026;8.428;0.358;3.26;13:53:21.000
234.19;38.42E-03;3.237;49.989;300;100E-03;8.998;8.396;0.360;3.25;13:53:22.000
234.23;39.08E-03;3.308;49.985;300;100E-03;9.154;8.535;0.361;3.27;13:53:23.000
234.26;38.63E-03;3.290;49.986;300;100E-03;9.050;8.431;0.364;3.25;13:53:24.000
234.27;38.30E-03;3.255;49.988;300;100E-03;8.973;8.361;0.363;3.20;13:53:25.000
234.26;38.50E-03;3.275;49.985;300;100E-03;9.020;8.404;0.363;3.24;13:53:26.000
234.25;38.58E-03;3.255;49.988;300;100E-03;9.038;8.432;0.360;3.21;13:53:27.000
234.27;38.51E-03;3.252;49.993;300;100E-03;9.021;8.415;0.361;3.22;13:53:28.000
234.15;41.66E-03;3.640;49.995;300;100E-03;9.755;9.051;0.373;3.24;13:53:29.000
234.27;42.92E-03;3.786;49.998;300;100E-03;10.054;9.314;0.377;3.23;13:53:30.000
234.34;41.51E-03;3.606;49.990;300;100E-03;9.728;9.035;0.371;3.23;13:53:31.000
234.37;40.70E-03;3.523;49.992;300;100E-03;9.539;8.864;0.369;3.24;13:53:32.000
234.31;44.08E-03;3.934;49.991;300;100E-03;10.328;9.549;0.381;3.24;13:53:33.000
234.42;43.86E-03;3.915;49.991;300;100E-03;10.282;9.507;0.381;3.21;13:53:34.000
234.59;42.67E-03;3.755;49.991;300;100E-03;10.011;9.280;0.375;3.21;13:53:35.000
234.40;43.48E-03;3.800;49.993;300;100E-03;10.191;9.456;0.373;3.21;13:53:36.000
234.33;44.12E-03;3.886;49.990;300;100E-03;10.339;9.581;0.376;3.22;13:53:37.000
234.50;45.77E-03;4.112;49.998;300;100E-03;10.733;9.914;0.383;3.19;13:53:38.000
234.41;38.91E-03;3.261;49.995;300;100E-03;9.120;8.517;0.358;3.21;13:53:39.000
234.42;38.81E-03;3.221;49.994;300;100E-03;9.099;8.509;0.354;3.21;13:53:40.000
234.48;38.66E-03;3.299;49.998;300;100E-03;9.064;8.442;0.364;3.20;13:53:41.000
234.40;38.59E-03;3.280;49.999;300;100E-03;9.045;8.429;0.363;3.21;13:53:42.000
234.37;38.13E-03;3.218;50.002;300;100E-03;8.937;8.337;0.360;3.20;13:53:43.000
234.42;38.26E-03;3.213;50.000;300;100E-03;8.969;8.373;0.358;3.18;13:53:44.000
234.63;38.46E-03;3.260;49.994;300;100E-03;9.023;8.413;0.361;3.17;13:53:45.000
234.68;38.89E-03;3.298;49.994;300;100E-03;9.127;8.511;0.361;3.14;13:53:46.000
234.71;39.44E-03;3.314;49.990;300;100E-03;9.256;8.643;0.358;3.17;13:53:47.000
234.60;39.07E-03;3.283;49.993;300;100E-03;9.167;8.559;0.358;3.18;13:53:48.000
234.64;38.37E-03;3.244;49.993;300;100E-03;9.004;8.400;0.360;3.25;13:53:49.000
234.47;37.30E-03;3.103;49.992;300;100E-03;8.745;8.177;0.355;3.18;13:53:50.000
234.56;39.02E-03;3.282;49.992;300;100E-03;9.153;8.544;0.359;3.21;13:53:51.000
234.57;38.13E-03;3.206;49.986;300;100E-03;8.944;8.350;0.358;3.17;13:53:52.000
234.66;38.88E-03;3.255;49.990;300;100E-03;9.124;8.523;0.357;3.20;13:53:53.000
234.48;38.50E-03;3.245;49.993;300;100E-03;9.028;8.424;0.359;3.20;13:53:54.000
234.51;38.58E-03;3.251;49.991;300;100E-03;9.047;8.443;0.359;3.17;13:53:55.000
234.55;38.82E-03;3.284;49.996;300;100E-03;9.106;8.493;0.361;3.20;13:53:56.000
234.57;38.01E-03;3.174;49.993;300;100E-03;8.915;8.331;0.356;3.23;13:53:57.000
234.61;38.24E-03;3.229;50.000;300;100E-03;8.971;8.370;0.360;3.16;13:53:58.000
234.55;38.58E-03;3.253;49.999;300;100E-03;9.048;8.443;0.360;3.26;13:53:59.000
234.60;38.63E-03;3.268;49.995;300;100E-03;9.063;8.453;0.361;3.20;13:54:00.000
234.63;38.56E-03;3.255;49.993;300;100E-03;9.048;8.443;0.360;3.20;13:54:01.000
234.67;39.02E-03;3.287;49.993;300;100E-03;9.157;8.547;0.359;3.19;13:54:02.000
234.71;39.01E-03;3.318;49.998;300;100E-03;9.157;8.534;0.362;3.28;13:54:03.000
234.68;39.04E-03;3.312;49.996;300;100E-03;9.161;8.541;0.361;3.17;13:54:04.000
234.63;42.81E-03;3.733;49.995;300;100E-03;10.044;9.324;0.372;3.20;13:54:05.000
234.73;42.83E-03;3.713;49.995;300;100E-03;10.054;9.343;0.369;3.19;13:54:06.000
