#Device;HMC8015
#Device Name;COFFEE
#Format;LOG
#Date;2029-09-15
#Version;01.400-02.430-03.730
#Serial No.;033820106
#Mode;Unlimited
#Logging Interval[s];1.000
#Specified Logging Count;-----
#Specified Logging Time[s];-----
#Start Time;15:57:09
#Stop Time;16:31:19
#Actual Count;2051        
URMS[V];IRMS[A];P[W];FPLL[Hz];URange[V];IRange[A];S[VA];Q[var];LAMBDA[];UTHD[%];Timestamp
231.98;39.50E-03;3.511;50.008;300;100E-03;9.162;8.463;0.383;3.35;15:57:09.000
232.12;39.27E-03;3.451;50.005;300;100E-03;9.116;8.438;0.379;3.34;15:57:10.000
232.02;39.49E-03;3.534;50.019;300;100E-03;9.162;8.453;0.386;3.36;15:57:11.000
231.96;102.72E-03;11.13;50.011;300;500E-03;23.83;21.07;0.467;3.37;15:57:12.000
232.00;104.65E-03;11.33;50.013;300;500E-03;24.28;21.47;0.467;3.38;15:57:13.000
231.89;105.10E-03;11.510;50.015;300;200E-03;24.371;21.482;0.472;3.35;15:57:14.000
231.92;0.1090;11.78;50.012;300;1;25.28;22.37;0.466;3.35;15:57:15.000
231.80;109.21E-03;11.82;50.011;300;500E-03;25.31;22.38;0.467;3.37;15:57:16.000
nan;nan;nan;nan;300;200E-03;nan;nan;nan;nan;15:57:17.000
231.87;113.19E-03;12.422;50.018;300;200E-03;26.245;23.119;0.473;3.37;15:57:18.000
231.72;107.67E-03;11.897;50.013;300;200E-03;24.949;21.930;0.477;3.31;15:57:19.000
231.87;0.0839;8.52;50.011;300;1;19.46;17.50;0.438;3.33;15:57:20.000
231.89;98.42E-03;10.623;50.011;300;200E-03;22.824;20.201;0.465;3.33;15:57:21.000
232.01;94.03E-03;9.866;50.014;300;200E-03;21.815;19.457;0.452;3.29;15:57:22.000
231.91;76.03E-03;7.937;50.013;300;200E-03;17.631;15.744;0.450;3.32;15:57:23.000
231.95;90.44E-03;9.560;50.019;300;200E-03;20.978;18.674;0.456;3.34;15:57:24.000
235.05;0.1225;13.45;50.013;300;1;28.79;25.45;0.467;3.35;15:57:25.000
231.28;72.16E-03;7.562;50.010;300;200E-03;16.689;14.878;0.453;3.33;15:57:26.000
nan;nan;nan;nan;300;1;nan;nan;nan;nan;15:57:27.000
nan;nan;nan;nan;300;200E-03;nan;nan;nan;nan;15:57:28.000
231.94;74.02E-03;7.759;50.009;300;200E-03;17.168;15.315;0.452;3.36;15:57:29.000
231.60;74.10E-03;7.763;50.015;300;200E-03;17.161;15.305;0.452;3.35;15:57:30.000
231.97;74.28E-03;7.800;50.007;300;200E-03;17.232;15.365;0.453;3.35;15:57:31.000
231.91;0.1004;10.55;50.013;300;1;23.29;20.76;0.453;3.37;15:57:32.000
231.84;0.0785;8.01;50.015;300;1;18.19;16.33;0.441;3.35;15:57:33.000
231.77;74.25E-03;7.735;50.014;300;200E-03;17.209;15.373;0.449;3.35;15:57:34.000
231.91;73.02E-03;7.720;50.005;300;200E-03;16.935;15.073;0.456;3.34;15:57:35.000
231.81;85.89E-03;9.040;50.009;300;200E-03;19.910;17.739;0.454;3.37;15:57:36.000
231.88;118.21E-03;12.998;50.005;300;200E-03;27.409;24.132;0.474;3.33;15:57:37.000
231.87;83.95E-03;8.528;50.003;300;200E-03;19.466;17.498;0.438;3.33;15:57:38.000
231.54;91.30E-03;9.826;50.006;300;200E-03;21.140;18.717;0.465;3.30;15:57:39.000
231.78;72.38E-03;7.645;50.007;300;200E-03;16.775;14.932;0.456;3.34;15:57:40.000
231.93;109.28E-03;11.847;50.000;300;200E-03;25.344;22.404;0.467;3.36;15:57:41.000
231.95;73.43E-03;7.637;50.011;300;200E-03;17.032;15.223;0.448;3.32;15:57:42.000
231.77;72.32E-03;7.666;50.008;300;200E-03;16.760;14.904;0.457;3.34;15:57:43.000
231.93;80.38E-03;8.490;50.011;300;200E-03;18.643;16.598;0.455;3.33;15:57:44.000
231.70;74.07E-03;7.726;50.010;300;200E-03;17.163;15.326;0.450;3.37;15:57:45.000
231.84;90.42E-03;9.479;50.011;300;200E-03;20.963;18.697;0.452;3.39;15:57:46.000
231.78;72.75E-03;7.680;50.020;300;200E-03;16.861;15.010;0.455;3.36;15:57:47.000
231.78;96.85E-03;10.313;50.010;300;200E-03;22.448;19.939;0.459;3.34;15:57:48.000
231.74;71.29E-03;7.484;50.012;300;200E-03;16.520;14.728;0.453;3.36;15:57:49.000
231.95;84.58E-03;8.983;50.017;300;200E-03;19.617;17.440;0.458;3.34;15:57:50.000
231.99;67.26E-03;6.984;50.019;300;200E-03;15.604;13.954;0.448;3.32;15:57:51.000
231.84;65.80E-03;6.832;50.016;300;200E-03;15.255;13.640;0.448;3.35;15:57:52.000
231.87;98.26E-03;10.611;50.015;300;200E-03;22.785;20.163;0.466;3.34;15:57:53.000
231.79;81.43E-03;8.421;50.014;300;200E-03;18.875;16.892;0.446;3.32;15:57:54.000
231.72;77.25E-03;8.000;50.014;300;200E-03;17.901;16.014;0.447;3.36;15:57:55.000
231.76;65.17E-03;6.677;50.012;300;200E-03;15.103;13.547;0.442;3.31;15:57:56.000
231.84;65.15E-03;6.610;50.009;300;200E-03;15.105;13.582;0.438;3.34;15:57:57.000
231.86;78.29E-03;8.131;50.011;300;200E-03;18.153;16.230;0.448;3.35;15:57:58.000
231.57;66.90E-03;6.846;50.016;300;200E-03;15.492;13.898;0.442;3.34;15:57:59.000
231.90;73.63E-03;7.720;50.014;300;200E-03;17.074;15.229;0.452;3.31;15:58:00.000
231.93;73.23E-03;7.689;50.004;300;200E-03;16.984;15.144;0.453;3.34;15:58:01.000
231.94;73.54E-03;7.672;50.013;300;200E-03;17.057;15.234;0.450;3.34;15:58:02.000
231.86;73.96E-03;7.749;50.007;300;200E-03;17.148;15.297;0.452;3.34;15:58:03.000
231.88;71.71E-03;7.527;50.013;300;200E-03;16.629;14.829;0.453;3.35;15:58:04.000
231.89;73.91E-03;7.776;50.007;300;200E-03;17.138;15.273;0.454;3.34;15:58:05.000
232.07;73.97E-03;7.789;50.013;300;200E-03;17.166;15.297;0.454;3.34;15:58:06.000
231.98;74.36E-03;7.764;50.012;300;200E-03;17.251;15.405;0.450;3.36;15:58:07.000
232.04;73.76E-03;7.754;50.017;300;200E-03;17.115;15.258;0.453;3.38;15:58:08.000
231.99;73.09E-03;7.710;50.015;300;200E-03;16.957;15.103;0.455;3.35;15:58:09.000
231.90;73.68E-03;7.646;50.016;300;200E-03;17.087;15.280;0.447;3.35;15:58:10.000
231.96;73.57E-03;7.753;50.019;300;200E-03;17.066;15.203;0.454;3.34;15:58:11.000
231.94;93.15E-03;9.828;50.015;300;200E-03;21.604;19.239;0.455;3.36;15:58:12.000
231.99;73.39E-03;7.711;50.016;300;200E-03;17.025;15.178;0.453;3.35;15:58:13.000
232.02;64.51E-03;6.553;50.018;300;200E-03;14.967;13.456;0.438;3.35;15:58:14.000
232.09;66.62E-03;6.806;50.019;300;200E-03;15.461;13.882;0.440;3.32;15:58:15.000
232.11;73.90E-03;7.795;50.016;300;200E-03;17.153;15.280;0.454;3.33;15:58:16.000
232.16;72.45E-03;7.641;50.011;300;200E-03;16.819;14.983;0.454;3.37;15:58:17.000
231.91;73.02E-03;7.731;50.013;300;200E-03;16.935;15.068;0.457;3.29;15:58:18.000
232.30;73.82E-03;7.798;50.010;300;200E-03;17.149;15.274;0.455;3.31;15:58:19.000
231.99;73.64E-03;7.752;50.014;300;200E-03;17.083;15.223;0.454;3.33;15:58:20.000
232.09;73.47E-03;7.721;50.017;300;200E-03;17.053;15.205;0.453;3.33;15:58:21.000
232.21;74.74E-03;7.791;50.009;300;200E-03;17.355;15.508;0.449;3.29;15:58:22.000
232.17;73.54E-03;7.668;50.010;300;200E-03;17.073;15.255;0.449;3.33;15:58:23.000
232.26;73.62E-03;7.732;50.013;300;200E-03;17.099;15.250;0.452;3.28;15:58:24.000
231.97;73.95E-03;7.786;50.015;300;200E-03;17.154;15.286;0.454;3.28;15:58:25.000
232.10;75.17E-03;7.698;50.013;300;200E-03;17.448;15.658;0.441;3.29;15:58:26.000
232.17;73.93E-03;7.770;50.020;300;200E-03;17.164;15.304;0.453;3.31;15:58:27.000
232.04;72.96E-03;7.623;50.015;300;200E-03;16.929;15.116;0.450;3.34;15:58:28.000
232.20;73.74E-03;7.693;50.016;300;200E-03;17.122;15.296;0.449;3.37;15:58:29.000
232.16;73.25E-03;7.721;50.024;300;200E-03;17.007;15.153;0.454;3.33;15:58:30.000
231.91;73.99E-03;7.681;50.016;300;200E-03;17.159;15.344;0.448;3.33;15:58:31.000
232.18;65.33E-03;6.669;50.025;300;200E-03;15.169;13.624;0.440;3.37;15:58:32.000
231.97;65.29E-03;6.604;50.016;300;200E-03;15.146;13.630;0.436;3.34;15:58:33.000
232.08;72.42E-03;7.493;50.014;300;200E-03;16.808;15.045;0.446;3.36;15:58:34.000
231.87;72.77E-03;7.639;50.017;300;200E-03;16.873;15.044;0.453;3.35;15:58:35.000
232.13;71.97E-03;7.614;50.022;300;200E-03;16.706;14.870;0.456;3.35;15:58:36.000
232.06;71.57E-03;7.471;50.015;300;200E-03;16.608;14.832;0.450;3.37;15:58:37.000
232.08;72.26E-03;7.642;50.022;300;200E-03;16.770;14.927;0.456;3.40;15:58:38.000
232.02;73.35E-03;7.670;50.021;300;200E-03;17.018;15.191;0.451;3.34;15:58:39.000
232.07;74.15E-03;7.675;50.021;300;200E-03;17.209;15.403;0.446;3.31;15:58:40.000
231.96;72.66E-03;7.576;50.019;300;200E-03;16.853;15.054;0.450;3.35;15:58:41.000
231.97;74.02E-03;7.712;50.020;300;200E-03;17.170;15.341;0.449;3.37;15:58:42.000
232.06;73.56E-03;7.761;50.019;300;200E-03;17.071;15.205;0.455;3.35;15:58:43.000
232.13;73.38E-03;7.687;50.022;300;200E-03;17.033;15.199;0.451;3.37;15:58:44.000
231.87;72.99E-03;7.606;50.023;300;200E-03;16.925;15.120;0.449;3.35;15:58:45.000
232.03;73.59E-03;7.729;50.024;300;200E-03;17.075;15.226;0.453;3.35;15:58:46.000
232.10;73.82E-03;7.737;50.019;300;200E-03;17.133;15.286;0.452;3.34;15:58:47.000
231.97;73.08E-03;7.659;50.023;300;200E-03;16.952;15.124;0.452;3.33;15:58:48.000
232.12;73.42E-03;7.704;50.022;300;200E-03;17.041;15.201;0.452;3.29;15:58:49.000
232.08;73.36E-03;7.720;50.022;300;200E-03;17.025;15.174;0.453;3.31;15:58:50.000
232.10;73.55E-03;7.703;50.019;300;200E-03;17.071;15.234;0.451;3.31;15:58:51.000
231.98;68.53E-03;7.132;50.027;300;200E-03;15.899;14.209;0.449;3.25;15:58:52.000
231.96;73.20E-03;7.645;50.021;300;200E-03;16.981;15.162;0.450;3.28;15:58:53.000
232.10;67.54E-03;6.895;50.018;300;200E-03;15.677;14.079;0.440;3.28;15:58:54.000
231.90;66.38E-03;6.759;50.026;300;200E-03;15.395;13.831;0.439;3.29;15:58:55.000
231.84;65.74E-03;6.710;50.024;300;200E-03;15.242;13.685;0.440;3.30;15:58:56.000
232.04;66.31E-03;6.837;50.027;300;200E-03;15.386;13.784;0.444;3.27;15:58:57.000
232.03;67.68E-03;6.967;50.023;300;200E-03;15.705;14.075;0.444;3.28;15:58:58.000
232.16;65.34E-03;6.760;50.027;300;200E-03;15.168;13.579;0.446;3.29;15:58:59.000
232.17;65.71E-03;6.765;50.026;300;200E-03;15.257;13.675;0.443;3.31;15:59:00.000
232.17;67.06E-03;6.940;50.025;300;200E-03;15.568;13.936;0.446;3.26;15:59:01.000
232.07;67.10E-03;6.931;50.022;300;200E-03;15.572;13.944;0.445;3.28;15:59:02.000
232.14;65.71E-03;6.714;50.020;300;200E-03;15.253;13.696;0.440;3.28;15:59:03.000
232.19;73.77E-03;7.832;50.014;300;200E-03;17.129;15.233;0.457;3.31;15:59:04.000
232.14;74.24E-03;7.785;50.020;300;200E-03;17.233;15.375;0.452;3.35;15:59:05.000
232.17;75.61E-03;7.891;50.013;300;200E-03;17.555;15.681;0.450;3.32;15:59:06.000
232.16;71.42E-03;7.413;50.018;300;200E-03;16.580;14.831;0.447;3.33;15:59:07.000
232.20;71.72E-03;7.333;50.013;300;200E-03;16.654;14.952;0.440;3.32;15:59:08.000
232.28;71.68E-03;7.356;50.015;300;200E-03;16.650;14.937;0.442;3.32;15:59:09.000
232.28;73.96E-03;7.745;50.014;300;200E-03;17.180;15.335;0.451;3.36;15:59:10.000
232.28;74.77E-03;7.794;50.015;300;200E-03;17.367;15.520;0.449;3.35;15:59:11.000
232.39;74.79E-03;7.875;50.015;300;200E-03;17.380;15.494;0.453;3.40;15:59:12.000
232.26;74.13E-03;7.739;50.014;300;200E-03;17.217;15.380;0.449;3.33;15:59:13.000
232.23;74.62E-03;7.904;50.010;300;200E-03;17.328;15.421;0.456;3.34;15:59:14.000
232.13;73.64E-03;7.643;50.014;300;200E-03;17.095;15.291;0.447;3.32;15:59:15.000
232.26;64.93E-03;6.618;50.008;300;200E-03;15.079;13.550;0.439;3.34;15:59:16.000
232.28;74.53E-03;7.809;50.007;300;200E-03;17.311;15.449;0.451;3.30;15:59:17.000
232.18;65.12E-03;6.652;50.012;300;200E-03;15.119;13.577;0.440;3.36;15:59:18.000
232.07;67.16E-03;6.899;50.009;300;200E-03;15.587;13.976;0.443;3.33;15:59:19.000
232.23;73.61E-03;7.828;50.015;300;200E-03;17.094;15.196;0.458;3.29;15:59:20.000
232.24;74.35E-03;7.812;50.013;300;200E-03;17.266;15.398;0.452;3.28;15:59:21.000
232.38;66.70E-03;6.740;50.008;300;200E-03;15.501;13.959;0.435;3.27;15:59:22.000
232.13;75.50E-03;7.822;50.008;300;200E-03;17.526;15.684;0.446;3.25;15:59:23.000
232.13;75.09E-03;7.748;50.008;300;200E-03;17.432;15.615;0.444;3.29;15:59:24.000
232.22;60.86E-03;5.974;50.007;300;200E-03;14.134;12.809;0.423;3.25;15:59:25.000
232.27;63.38E-03;6.269;50.010;300;200E-03;14.721;13.320;0.426;3.24;15:59:26.000
232.18;66.82E-03;6.701;50.007;300;200E-03;15.515;13.993;0.432;3.27;15:59:27.000
232.24;75.74E-03;7.815;50.008;300;200E-03;17.590;15.758;0.444;3.28;15:59:28.000
232.13;70.50E-03;7.267;50.007;300;200E-03;16.365;14.664;0.444;3.30;15:59:29.000
232.12;72.58E-03;7.716;50.013;300;200E-03;16.848;14.977;0.458;3.29;15:59:30.000
232.31;70.11E-03;7.358;50.008;300;200E-03;16.288;14.531;0.452;3.30;15:59:31.000
232.20;64.79E-03;6.628;50.006;300;200E-03;15.043;13.505;0.441;3.32;15:59:32.000
232.39;69.71E-03;7.269;50.003;300;200E-03;16.200;14.477;0.449;3.29;15:59:33.000
232.22;65.16E-03;6.603;50.006;300;200E-03;15.132;13.616;0.436;3.28;15:59:34.000
232.20;69.31E-03;7.113;50.013;300;200E-03;16.094;14.437;0.442;3.31;15:59:35.000
232.39;73.65E-03;7.771;50.009;300;200E-03;17.115;15.249;0.454;3.29;15:59:36.000
232.45;65.81E-03;6.720;50.012;300;200E-03;15.298;13.743;0.439;3.30;15:59:37.000
232.41;59.10E-03;5.855;50.006;300;200E-03;13.736;12.425;0.426;3.30;15:59:38.000
232.41;68.18E-03;7.003;50.013;300;200E-03;15.845;14.214;0.442;3.31;15:59:39.000
232.44;63.95E-03;6.465;50.014;300;200E-03;14.864;13.385;0.435;3.34;15:59:40.000
232.45;66.44E-03;6.803;50.010;300;200E-03;15.445;13.866;0.440;3.33;15:59:41.000
232.48;66.71E-03;6.828;50.011;300;200E-03;15.509;13.926;0.440;3.30;15:59:42.000
232.47;66.55E-03;6.791;50.013;300;200E-03;15.472;13.902;0.439;3.33;15:59:43.000
232.44;66.33E-03;6.821;50.016;300;200E-03;15.418;13.827;0.442;3.34;15:59:44.000
232.46;68.02E-03;7.020;50.013;300;200E-03;15.812;14.168;0.444;3.38;15:59:45.000
232.45;65.84E-03;6.881;50.015;300;200E-03;15.303;13.669;0.450;3.32;15:59:46.000
232.25;74.32E-03;7.821;50.018;300;200E-03;17.262;15.388;0.453;3.36;15:59:47.000
232.24;66.52E-03;6.703;50.010;300;200E-03;15.449;13.919;0.434;3.38;15:59:48.000
232.38;70.13E-03;7.129;50.012;300;200E-03;16.296;14.654;0.437;3.36;15:59:49.000
232.30;75.01E-03;7.762;50.010;300;200E-03;17.425;15.601;0.445;3.35;15:59:50.000
232.21;67.24E-03;6.737;50.009;300;200E-03;15.613;14.084;0.432;3.35;15:59:51.000
232.31;64.98E-03;6.614;50.006;300;200E-03;15.095;13.569;0.438;3.33;15:59:52.000
232.48;73.51E-03;7.579;50.005;300;200E-03;17.090;15.317;0.443;3.33;15:59:53.000
232.22;74.64E-03;7.863;50.008;300;200E-03;17.334;15.448;0.454;3.38;15:59:54.000
232.44;76.63E-03;8.133;50.006;300;200E-03;17.811;15.845;0.457;3.36;15:59:55.000
232.27;78.04E-03;8.211;50.006;300;200E-03;18.126;16.159;0.453;3.36;15:59:56.000
232.34;60.69E-03;6.017;50.003;300;200E-03;14.100;12.752;0.427;3.28;15:59:57.000
232.28;65.68E-03;6.629;49.991;300;200E-03;15.256;13.740;0.434;3.42;15:59:58.000
232.23;73.36E-03;7.714;49.991;300;200E-03;17.036;15.189;0.453;3.47;15:59:59.000
232.26;74.82E-03;7.860;49.998;300;200E-03;17.378;15.499;0.452;3.38;16:00:00.000
232.25;69.97E-03;7.158;49.998;300;200E-03;16.251;14.589;0.440;3.37;16:00:01.000
232.18;74.34E-03;7.748;49.994;300;200E-03;17.259;15.423;0.449;3.39;16:00:02.000
232.31;69.21E-03;7.160;50.004;300;200E-03;16.079;14.397;0.445;3.29;16:00:03.000
232.15;66.59E-03;6.770;49.988;300;200E-03;15.460;13.899;0.438;3.45;16:00:04.000
232.07;74.38E-03;7.776;50.006;300;200E-03;17.261;15.410;0.451;3.39;16:00:05.000
232.25;73.76E-03;7.733;50.006;300;200E-03;17.132;15.287;0.451;3.43;16:00:06.000
232.26;66.43E-03;6.826;50.011;300;200E-03;15.429;13.837;0.442;3.43;16:00:07.000
232.22;73.51E-03;7.703;50.013;300;200E-03;17.070;15.233;0.451;3.37;16:00:08.000
232.07;71.25E-03;7.349;50.023;300;200E-03;16.534;14.811;0.444;3.35;16:00:09.000
232.13;65.81E-03;6.736;50.015;300;200E-03;15.277;13.711;0.441;3.36;16:00:10.000
232.17;74.76E-03;7.829;50.015;300;200E-03;17.356;15.490;0.451;3.41;16:00:11.000
232.01;65.82E-03;6.708;50.018;300;200E-03;15.270;13.718;0.439;3.39;16:00:12.000
232.04;68.41E-03;6.846;50.016;300;200E-03;15.873;14.320;0.431;3.40;16:00:13.000
231.96;60.12E-03;5.905;50.013;300;200E-03;13.946;12.635;0.423;3.39;16:00:14.000
232.01;65.23E-03;6.605;50.014;300;200E-03;15.134;13.617;0.436;3.44;16:00:15.000
232.13;65.33E-03;6.616;50.015;300;200E-03;15.165;13.646;0.436;3.38;16:00:16.000
232.10;65.45E-03;6.663;50.016;300;200E-03;15.190;13.650;0.439;3.43;16:00:17.000
232.06;65.19E-03;6.669;50.026;300;200E-03;15.129;13.580;0.441;3.38;16:00:18.000
232.10;68.97E-03;7.036;50.021;300;200E-03;16.007;14.378;0.440;3.39;16:00:19.000
232.09;73.19E-03;7.609;50.020;300;200E-03;16.987;15.187;0.448;3.43;16:00:20.000
232.08;67.89E-03;6.975;50.028;300;200E-03;15.756;14.128;0.443;3.39;16:00:21.000
232.08;73.72E-03;7.779;50.026;300;200E-03;17.109;15.238;0.455;3.42;16:00:22.000
232.09;73.22E-03;7.626;50.038;300;200E-03;16.994;15.187;0.449;3.45;16:00:23.000
232.05;71.83E-03;7.427;50.031;300;200E-03;16.669;14.923;0.446;3.35;16:00:24.000
232.13;67.30E-03;6.829;50.039;300;200E-03;15.622;14.050;0.437;3.41;16:00:25.000
232.14;72.46E-03;7.560;50.034;300;200E-03;16.820;15.025;0.449;3.46;16:00:26.000
231.89;71.61E-03;7.398;50.034;300;200E-03;16.605;14.866;0.446;3.40;16:00:27.000
232.08;67.58E-03;6.884;50.037;300;200E-03;15.684;14.092;0.439;3.31;16:00:28.000
232.28;64.43E-03;6.497;50.047;300;200E-03;14.965;13.481;0.434;3.41;16:00:29.000
232.13;61.93E-03;6.247;50.042;300;200E-03;14.375;12.947;0.435;3.35;16:00:30.000
232.20;66.55E-03;6.843;50.044;300;200E-03;15.452;13.855;0.443;3.48;16:00:31.000
232.40;60.83E-03;6.142;50.046;300;200E-03;14.136;12.732;0.435;3.44;16:00:32.000
232.33;63.30E-03;6.446;50.048;300;200E-03;14.707;13.219;0.438;3.47;16:00:33.000
232.37;65.66E-03;6.738;50.042;300;200E-03;15.257;13.688;0.442;3.40;16:00:34.000
232.27;66.68E-03;6.859;50.048;300;200E-03;15.488;13.886;0.443;3.40;16:00:35.000
232.41;62.24E-03;6.254;50.045;300;200E-03;14.466;13.044;0.432;3.36;16:00:36.000
232.30;66.62E-03;6.880;50.051;300;200E-03;15.475;13.862;0.445;3.39;16:00:37.000
232.35;61.52E-03;6.194;50.045;300;200E-03;14.294;12.883;0.433;3.41;16:00:38.000
232.52;60.56E-03;6.099;50.048;300;200E-03;14.080;12.691;0.433;3.40;16:00:39.000
232.19;67.32E-03;6.952;50.052;300;200E-03;15.632;14.001;0.445;3.40;16:00:40.000
232.39;62.78E-03;6.266;50.042;300;200E-03;14.590;13.176;0.429;3.34;16:00:41.000
232.33;62.00E-03;6.236;50.040;300;200E-03;14.406;12.986;0.433;3.36;16:00:42.000
232.32;72.60E-03;7.619;50.037;300;200E-03;16.866;15.047;0.452;3.37;16:00:43.000
232.22;70.60E-03;7.297;50.039;300;200E-03;16.395;14.682;0.445;3.36;16:00:44.000
232.34;70.06E-03;7.257;50.039;300;200E-03;16.277;14.570;0.446;3.38;16:00:45.000
232.35;70.71E-03;7.219;50.044;300;200E-03;16.428;14.757;0.439;3.41;16:00:46.000
232.43;61.72E-03;6.181;50.042;300;200E-03;14.345;12.945;0.431;3.35;16:00:47.000
232.35;70.57E-03;7.224;50.045;300;200E-03;16.397;14.720;0.441;3.38;16:00:48.000
232.51;75.44E-03;7.849;50.033;300;200E-03;17.540;15.686;0.448;3.49;16:00:49.000
232.49;66.49E-03;6.721;50.045;300;200E-03;15.459;13.921;0.435;3.37;16:00:50.000
232.33;65.20E-03;6.605;50.051;300;200E-03;15.148;13.633;0.436;3.42;16:00:51.000
232.41;70.30E-03;7.241;50.053;300;200E-03;16.339;14.647;0.443;3.36;16:00:52.000
232.39;65.43E-03;6.649;50.044;300;200E-03;15.206;13.675;0.437;3.41;16:00:53.000
232.17;65.94E-03;6.642;50.058;300;200E-03;15.309;13.793;0.434;3.39;16:00:54.000
232.34;74.69E-03;7.860;50.055;300;200E-03;17.353;15.471;0.453;3.34;16:00:55.000
232.35;70.19E-03;7.273;50.052;300;200E-03;16.310;14.599;0.446;3.41;16:00:56.000
232.53;66.22E-03;6.757;50.055;300;200E-03;15.399;13.838;0.439;3.36;16:00:57.000
232.56;66.49E-03;6.717;50.052;300;200E-03;15.463;13.928;0.434;3.44;16:00:58.000
232.57;66.25E-03;6.770;50.052;300;200E-03;15.407;13.840;0.439;3.40;16:00:59.000
232.54;68.48E-03;7.007;50.049;300;200E-03;15.925;14.301;0.440;3.46;16:01:00.000
232.51;74.61E-03;7.859;50.056;300;200E-03;17.347;15.464;0.453;3.40;16:01:01.000
232.49;63.97E-03;6.374;50.052;300;200E-03;14.872;13.437;0.429;3.39;16:01:02.000
232.46;70.31E-03;7.200;50.050;300;200E-03;16.345;14.673;0.441;3.36;16:01:03.000
232.34;69.15E-03;7.143;50.053;300;200E-03;16.067;14.391;0.445;3.39;16:01:04.000
232.54;66.79E-03;6.839;50.050;300;200E-03;15.531;13.944;0.440;3.42;16:01:05.000
232.49;69.50E-03;7.202;50.050;300;200E-03;16.159;14.465;0.446;3.39;16:01:06.000
232.41;67.65E-03;6.831;50.047;300;200E-03;15.723;14.161;0.434;3.40;16:01:07.000
232.68;65.22E-03;6.703;50.049;300;200E-03;15.176;13.615;0.442;3.43;16:01:08.000
232.37;72.63E-03;7.562;50.049;300;200E-03;16.877;15.088;0.448;3.40;16:01:09.000
232.48;65.85E-03;6.635;50.044;300;200E-03;15.308;13.795;0.433;3.42;16:01:10.000
232.44;66.39E-03;6.672;50.045;300;200E-03;15.432;13.915;0.432;3.41;16:01:11.000
232.37;69.34E-03;7.213;50.047;300;200E-03;16.112;14.407;0.448;3.41;16:01:12.000
232.45;72.27E-03;7.510;50.050;300;200E-03;16.800;15.029;0.447;3.41;16:01:13.000
232.48;67.09E-03;6.984;50.054;300;200E-03;15.597;13.946;0.448;3.45;16:01:14.000
232.43;68.16E-03;6.976;50.053;300;200E-03;15.842;14.223;0.440;3.39;16:01:15.000
232.44;68.00E-03;6.971;50.048;300;200E-03;15.806;14.186;0.441;3.43;16:01:16.000
232.65;67.97E-03;6.934;50.057;300;200E-03;15.812;14.211;0.438;3.42;16:01:17.000
232.69;65.03E-03;6.603;50.053;300;200E-03;15.133;13.616;0.436;3.41;16:01:18.000
232.64;62.20E-03;6.221;50.054;300;200E-03;14.471;13.066;0.430;3.38;16:01:19.000
232.58;64.57E-03;6.495;50.058;300;200E-03;15.017;13.540;0.432;3.43;16:01:20.000
232.44;65.97E-03;6.657;50.051;300;200E-03;15.335;13.815;0.434;3.36;16:01:21.000
232.48;72.01E-03;7.465;50.047;300;200E-03;16.741;14.985;0.446;3.41;16:01:22.000
232.51;68.25E-03;7.002;50.047;300;200E-03;15.869;14.241;0.441;3.33;16:01:23.000
232.59;65.00E-03;6.600;50.053;300;200E-03;15.118;13.601;0.437;3.41;16:01:24.000
232.56;70.90E-03;7.337;50.046;300;200E-03;16.489;14.767;0.445;3.43;16:01:25.000
232.64;65.29E-03;6.625;50.048;300;200E-03;15.190;13.669;0.436;3.41;16:01:26.000
232.67;65.72E-03;6.666;50.032;300;200E-03;15.290;13.761;0.436;3.45;16:01:27.000
232.56;74.99E-03;7.768;50.042;300;200E-03;17.441;15.615;0.445;3.37;16:01:28.000
232.60;60.09E-03;5.921;50.046;300;200E-03;13.977;12.661;0.424;3.40;16:01:29.000
232.60;66.81E-03;6.767;50.039;300;200E-03;15.540;13.989;0.435;3.37;16:01:30.000
232.50;64.32E-03;6.446;50.041;300;200E-03;14.954;13.493;0.431;3.42;16:01:31.000
232.59;59.82E-03;5.929;50.038;300;200E-03;13.913;12.586;0.426;3.41;16:01:32.000
232.56;63.35E-03;6.370;50.041;300;200E-03;14.733;13.285;0.432;3.39;16:01:33.000
232.53;67.37E-03;6.855;50.036;300;200E-03;15.665;14.085;0.438;3.39;16:01:34.000
232.54;68.01E-03;6.846;50.028;300;200E-03;15.815;14.257;0.433;3.46;16:01:35.000
232.38;59.57E-03;5.834;50.041;300;200E-03;13.842;12.553;0.421;3.41;16:01:36.000
232.55;61.61E-03;6.158;50.028;300;200E-03;14.328;12.937;0.430;3.50;16:01:37.000
232.52;68.57E-03;6.964;50.041;300;200E-03;15.944;14.343;0.437;3.43;16:01:38.000
232.39;63.99E-03;6.434;50.042;300;200E-03;14.871;13.407;0.433;3.38;16:01:39.000
232.50;67.85E-03;6.885;50.041;300;200E-03;15.775;14.193;0.436;3.43;16:01:40.000
232.53;59.27E-03;5.862;50.046;300;200E-03;13.782;12.473;0.425;3.46;16:01:41.000
232.52;66.42E-03;6.733;50.047;300;200E-03;15.444;13.899;0.436;3.41;16:01:42.000
232.67;67.53E-03;6.863;50.053;300;200E-03;15.712;14.134;0.437;3.42;16:01:43.000
232.62;75.46E-03;7.884;50.048;300;200E-03;17.555;15.685;0.449;3.44;16:01:44.000
232.40;71.46E-03;7.348;50.052;300;200E-03;16.607;14.893;0.442;3.41;16:01:45.000
232.61;74.73E-03;7.797;50.060;300;200E-03;17.383;15.537;0.449;3.46;16:01:46.000
232.56;66.42E-03;6.729;50.069;300;200E-03;15.446;13.904;0.436;3.33;16:01:47.000
232.47;67.37E-03;6.851;50.043;300;200E-03;15.662;14.085;0.437;3.49;16:01:48.000
232.56;69.60E-03;7.118;50.062;300;200E-03;16.187;14.537;0.440;3.41;16:01:49.000
232.70;65.36E-03;6.558;50.064;300;200E-03;15.209;13.723;0.431;3.44;16:01:50.000
232.47;64.36E-03;6.421;50.057;300;200E-03;14.961;13.513;0.429;3.36;16:01:51.000
232.67;74.75E-03;7.797;50.070;300;200E-03;17.393;15.547;0.448;3.42;16:01:52.000
232.57;66.60E-03;6.818;50.062;300;200E-03;15.490;13.909;0.440;3.42;16:01:53.000
232.57;65.70E-03;6.668;50.072;300;200E-03;15.280;13.749;0.436;3.42;16:01:54.000
232.57;66.14E-03;6.700;50.071;300;200E-03;15.383;13.847;0.436;3.45;16:01:55.000
232.57;68.78E-03;7.012;50.071;300;200E-03;15.997;14.378;0.438;3.42;16:01:56.000
232.60;70.17E-03;7.164;50.072;300;200E-03;16.322;14.666;0.439;3.46;16:01:57.000
232.69;72.47E-03;7.469;50.075;300;200E-03;16.863;15.119;0.443;3.44;16:01:58.000
232.74;66.90E-03;6.786;50.063;300;200E-03;15.570;14.013;0.436;3.37;16:01:59.000
232.77;73.11E-03;7.551;50.069;300;200E-03;17.017;15.250;0.444;3.43;16:02:00.000
232.73;67.63E-03;6.888;50.072;300;200E-03;15.739;14.152;0.438;3.42;16:02:01.000
232.69;66.64E-03;6.791;50.075;300;200E-03;15.506;13.940;0.438;3.41;16:02:02.000
232.92;66.22E-03;6.740;50.065;300;200E-03;15.423;13.872;0.437;3.38;16:02:03.000
233.02;71.94E-03;7.467;50.069;300;200E-03;16.764;15.009;0.445;3.32;16:02:04.000
233.01;74.57E-03;7.646;50.059;300;200E-03;17.375;15.602;0.440;3.37;16:02:05.000
232.90;58.14E-03;5.626;50.063;300;200E-03;13.541;12.317;0.415;3.39;16:02:06.000
232.86;69.10E-03;7.077;50.061;300;200E-03;16.090;14.450;0.440;3.38;16:02:07.000
232.96;66.19E-03;6.700;50.058;300;200E-03;15.420;13.888;0.435;3.40;16:02:08.000
232.89;66.87E-03;6.779;50.068;300;200E-03;15.572;14.019;0.435;3.31;16:02:09.000
233.08;68.72E-03;6.961;50.060;300;200E-03;16.018;14.427;0.435;3.38;16:02:10.000
233.01;66.44E-03;6.737;50.052;300;200E-03;15.480;13.937;0.435;3.39;16:02:11.000
233.01;68.53E-03;6.970;50.053;300;200E-03;15.968;14.366;0.437;3.37;16:02:12.000
232.87;65.97E-03;6.649;50.056;300;200E-03;15.363;13.849;0.433;3.33;16:02:13.000
232.93;65.79E-03;6.668;50.048;300;200E-03;15.323;13.796;0.435;3.39;16:02:14.000
232.83;65.81E-03;6.695;50.055;300;200E-03;15.323;13.783;0.437;3.40;16:02:15.000
232.95;70.02E-03;7.278;50.045;300;200E-03;16.310;14.596;0.446;3.38;16:02:16.000
232.93;74.65E-03;7.761;50.050;300;200E-03;17.387;15.559;0.446;3.42;16:02:17.000
232.89;66.07E-03;6.799;50.049;300;200E-03;15.386;13.802;0.442;3.39;16:02:18.000
232.84;65.35E-03;6.672;50.046;300;200E-03;15.217;13.676;0.438;3.47;16:02:19.000
232.69;59.83E-03;5.991;50.052;300;200E-03;13.921;12.566;0.430;3.44;16:02:20.000
232.94;67.83E-03;6.925;50.059;300;200E-03;15.800;14.201;0.438;3.42;16:02:21.000
232.93;65.52E-03;6.634;50.059;300;200E-03;15.261;13.744;0.435;3.46;16:02:22.000
232.85;65.29E-03;6.634;50.054;300;200E-03;15.202;13.678;0.436;3.47;16:02:23.000
232.79;65.33E-03;6.655;50.050;300;200E-03;15.208;13.674;0.438;3.35;16:02:24.000
232.78;72.04E-03;7.493;50.060;300;200E-03;16.770;15.003;0.447;3.43;16:02:25.000
232.84;71.85E-03;7.388;50.059;300;200E-03;16.729;15.009;0.442;3.49;16:02:26.000
232.75;66.02E-03;6.774;50.056;300;200E-03;15.368;13.794;0.441;3.48;16:02:27.000
232.96;74.32E-03;7.781;50.060;300;200E-03;17.314;15.467;0.449;3.45;16:02:28.000
233.01;66.15E-03;6.827;50.063;300;200E-03;15.413;13.819;0.443;3.45;16:02:29.000
233.02;64.82E-03;6.642;50.065;300;200E-03;15.105;13.566;0.440;3.43;16:02:30.000
232.79;65.13E-03;6.642;50.063;300;200E-03;15.163;13.631;0.438;3.47;16:02:31.000
232.92;68.72E-03;7.105;50.065;300;200E-03;16.006;14.343;0.444;3.44;16:02:32.000
232.86;72.75E-03;7.678;50.059;300;200E-03;16.941;15.101;0.453;3.47;16:02:33.000
232.74;65.42E-03;6.651;50.060;300;200E-03;15.226;13.696;0.437;3.44;16:02:34.000
232.89;65.39E-03;6.658;50.054;300;200E-03;15.230;13.697;0.437;3.47;16:02:35.000
232.92;62.37E-03;6.268;50.051;300;200E-03;14.528;13.106;0.431;3.46;16:02:36.000
232.94;60.37E-03;5.983;50.054;300;200E-03;14.062;12.726;0.425;3.42;16:02:37.000
232.72;60.90E-03;6.021;50.051;300;200E-03;14.173;12.830;0.425;3.40;16:02:38.000
232.79;64.87E-03;6.597;50.044;300;200E-03;15.100;13.583;0.437;3.41;16:02:39.000
232.94;64.23E-03;6.501;50.048;300;200E-03;14.962;13.476;0.434;3.37;16:02:40.000
232.99;64.85E-03;6.609;50.046;300;200E-03;15.109;13.586;0.437;3.39;16:02:41.000
232.67;66.14E-03;6.778;50.050;300;200E-03;15.390;13.817;0.440;3.38;16:02:42.000
232.56;59.20E-03;5.890;50.045;300;200E-03;13.769;12.445;0.428;3.38;16:02:43.000
232.66;58.72E-03;5.856;50.048;300;200E-03;13.662;12.344;0.429;3.37;16:02:44.000
232.76;63.21E-03;6.441;50.030;300;200E-03;14.713;13.228;0.438;3.47;16:02:45.000
232.51;67.11E-03;6.905;50.050;300;200E-03;15.605;13.994;0.443;3.32;16:02:46.000
232.34;62.30E-03;6.256;50.041;300;200E-03;14.475;13.054;0.432;3.50;16:02:47.000
232.59;68.78E-03;7.069;50.046;300;200E-03;15.996;14.350;0.442;3.40;16:02:48.000
232.55;67.19E-03;6.921;50.038;300;200E-03;15.625;14.009;0.443;3.43;16:02:49.000
232.55;59.11E-03;5.889;50.037;300;200E-03;13.745;12.420;0.428;3.41;16:02:50.000
232.46;66.87E-03;6.909;50.038;300;200E-03;15.546;13.926;0.444;3.40;16:02:51.000
232.14;60.11E-03;6.010;50.036;300;200E-03;13.954;12.593;0.431;3.38;16:02:52.000
232.23;62.79E-03;6.321;50.038;300;200E-03;14.581;13.140;0.433;3.38;16:02:53.000
232.31;59.17E-03;5.828;50.040;300;200E-03;13.745;12.448;0.424;3.38;16:02:54.000
232.51;70.44E-03;7.285;50.035;300;200E-03;16.378;14.669;0.445;3.46;16:02:55.000
232.42;75.54E-03;7.864;50.046;300;200E-03;17.558;15.698;0.448;3.41;16:02:56.000
232.29;71.88E-03;7.390;50.048;300;200E-03;16.697;14.973;0.443;3.40;16:02:57.000
232.28;66.26E-03;6.770;50.046;300;200E-03;15.390;13.821;0.440;3.40;16:02:58.000
232.28;66.47E-03;6.751;50.048;300;200E-03;15.439;13.884;0.437;3.38;16:02:59.000
232.26;74.88E-03;7.742;50.041;300;200E-03;17.393;15.574;0.445;3.38;16:03:00.000
232.28;66.60E-03;6.791;50.037;300;200E-03;15.471;13.901;0.439;3.42;16:03:01.000
232.31;65.48E-03;6.637;50.046;300;200E-03;15.212;13.688;0.436;3.42;16:03:02.000
232.24;66.41E-03;6.761;50.048;300;200E-03;15.423;13.862;0.438;3.51;16:03:03.000
232.30;65.14E-03;6.687;50.043;300;200E-03;15.133;13.575;0.442;3.41;16:03:04.000
232.25;66.68E-03;6.699;50.048;300;200E-03;15.487;13.963;0.433;3.45;16:03:05.000
232.28;67.42E-03;6.887;50.049;300;200E-03;15.661;14.065;0.440;3.40;16:03:06.000
232.15;60.17E-03;5.982;50.046;300;200E-03;13.968;12.622;0.428;3.44;16:03:07.000
232.22;61.12E-03;6.027;50.048;300;200E-03;14.192;12.849;0.425;3.42;16:03:08.000
232.08;65.73E-03;6.727;50.047;300;200E-03;15.254;13.690;0.441;3.45;16:03:09.000
232.24;67.33E-03;6.875;50.049;300;200E-03;15.637;14.045;0.440;3.42;16:03:10.000
232.19;68.85E-03;6.989;50.051;300;200E-03;15.986;14.377;0.437;3.44;16:03:11.000
232.24;66.14E-03;6.750;50.044;300;200E-03;15.359;13.796;0.439;3.44;16:03:12.000
232.25;71.63E-03;7.455;50.043;300;200E-03;16.637;14.873;0.448;3.45;16:03:13.000
232.25;66.48E-03;6.687;50.045;300;200E-03;15.439;13.916;0.433;3.40;16:03:14.000
232.08;66.18E-03;6.730;50.045;300;200E-03;15.359;13.806;0.438;3.34;16:03:15.000
232.10;65.32E-03;6.651;50.042;300;200E-03;15.160;13.623;0.439;3.42;16:03:16.000
232.28;66.22E-03;6.703;50.043;300;200E-03;15.381;13.844;0.436;3.43;16:03:17.000
232.13;66.37E-03;6.726;50.041;300;200E-03;15.407;13.862;0.437;3.34;16:03:18.000
232.24;65.46E-03;6.630;50.039;300;200E-03;15.203;13.681;0.436;3.37;16:03:19.000
232.30;65.91E-03;6.776;50.039;300;200E-03;15.311;13.730;0.443;3.39;16:03:20.000
232.20;67.09E-03;6.846;50.038;300;200E-03;15.578;13.993;0.439;3.39;16:03:21.000
231.94;67.19E-03;6.824;50.040;300;200E-03;15.583;14.010;0.438;3.41;16:03:22.000
232.06;64.13E-03;6.479;50.044;300;200E-03;14.882;13.398;0.435;3.42;16:03:23.000
232.05;59.80E-03;5.898;50.039;300;200E-03;13.878;12.562;0.425;3.43;16:03:24.000
231.95;72.16E-03;7.480;50.049;300;200E-03;16.737;14.972;0.447;3.42;16:03:25.000
232.10;65.43E-03;6.631;50.048;300;200E-03;15.186;13.661;0.437;3.45;16:03:26.000
232.09;66.13E-03;6.747;50.047;300;200E-03;15.349;13.787;0.440;3.44;16:03:27.000
232.11;70.41E-03;7.294;50.044;300;200E-03;16.342;14.624;0.446;3.45;16:03:28.000
231.97;65.91E-03;6.671;50.049;300;200E-03;15.289;13.757;0.436;3.45;16:03:29.000
232.03;66.19E-03;6.745;50.048;300;200E-03;15.358;13.798;0.439;3.43;16:03:30.000
232.02;66.13E-03;6.727;50.047;300;200E-03;15.344;13.791;0.438;3.43;16:03:31.000
232.11;66.73E-03;6.718;50.051;300;200E-03;15.489;13.956;0.434;3.41;16:03:32.000
232.05;66.23E-03;6.748;50.044;300;200E-03;15.368;13.807;0.439;3.41;16:03:33.000
232.12;70.79E-03;7.273;50.044;300;200E-03;16.433;14.736;0.443;3.43;16:03:34.000
232.03;65.76E-03;6.682;50.048;300;200E-03;15.259;13.718;0.438;3.41;16:03:35.000
232.10;64.83E-03;6.551;50.041;300;200E-03;15.047;13.546;0.435;3.40;16:03:36.000
232.13;74.23E-03;7.746;50.038;300;200E-03;17.231;15.392;0.450;3.41;16:03:37.000
232.09;65.47E-03;6.543;50.040;300;200E-03;15.194;13.713;0.431;3.41;16:03:38.000
232.06;65.80E-03;6.664;50.043;300;200E-03;15.269;13.738;0.436;3.41;16:03:39.000
231.97;59.30E-03;5.847;50.041;300;200E-03;13.757;12.452;0.425;3.38;16:03:40.000
232.24;66.30E-03;6.661;50.038;300;200E-03;15.397;13.882;0.433;3.45;16:03:41.000
232.09;66.04E-03;6.692;50.034;300;200E-03;15.328;13.790;0.437;3.43;16:03:42.000
232.31;66.47E-03;6.699;50.047;300;200E-03;15.441;13.912;0.434;3.40;16:03:43.000
232.30;66.88E-03;6.722;50.038;300;200E-03;15.537;14.008;0.433;3.43;16:03:44.000
232.14;65.73E-03;6.643;50.034;300;200E-03;15.259;13.737;0.435;3.41;16:03:45.000
232.27;66.64E-03;6.696;50.026;300;200E-03;15.479;13.956;0.433;3.43;16:03:46.000
232.46;65.31E-03;6.673;50.034;300;200E-03;15.182;13.636;0.440;3.44;16:03:47.000
232.41;65.80E-03;6.667;50.031;300;200E-03;15.292;13.762;0.436;3.41;16:03:48.000
232.39;65.66E-03;6.691;50.026;300;200E-03;15.258;13.713;0.439;3.39;16:03:49.000
232.52;65.80E-03;6.669;50.023;300;200E-03;15.300;13.769;0.436;3.40;16:03:50.000
232.32;73.26E-03;7.566;50.029;300;200E-03;17.020;15.246;0.445;3.40;16:03:51.000
232.36;68.01E-03;6.919;50.027;300;200E-03;15.803;14.208;0.438;3.39;16:03:52.000
232.17;65.99E-03;6.669;50.021;300;200E-03;15.321;13.793;0.435;3.44;16:03:53.000
232.30;71.19E-03;7.348;50.030;300;200E-03;16.538;14.816;0.444;3.41;16:03:54.000
232.32;71.89E-03;7.426;50.031;300;200E-03;16.701;14.959;0.445;3.42;16:03:55.000
232.19;65.33E-03;6.554;50.033;300;200E-03;15.168;13.679;0.432;3.44;16:03:56.000
232.46;65.84E-03;6.538;50.030;300;200E-03;15.305;13.838;0.427;3.43;16:03:57.000
232.43;69.47E-03;7.011;50.030;300;200E-03;16.146;14.544;0.434;3.43;16:03:58.000
232.36;65.54E-03;6.629;50.025;300;200E-03;15.229;13.711;0.435;3.42;16:03:59.000
232.49;70.69E-03;7.319;50.028;300;200E-03;16.434;14.714;0.445;3.41;16:04:00.000
232.47;65.25E-03;6.597;50.029;300;200E-03;15.169;13.659;0.435;3.44;16:04:01.000
232.49;64.84E-03;6.556;50.035;300;200E-03;15.075;13.575;0.435;3.41;16:04:02.000
232.43;66.02E-03;6.723;50.033;300;200E-03;15.345;13.794;0.438;3.40;16:04:03.000
232.33;65.78E-03;6.661;50.032;300;200E-03;15.284;13.755;0.436;3.41;16:04:04.000
232.42;66.66E-03;6.736;50.028;300;200E-03;15.492;13.951;0.435;3.40;16:04:05.000
232.35;65.53E-03;6.571;50.026;300;200E-03;15.225;13.734;0.432;3.38;16:04:06.000
232.54;71.47E-03;7.289;50.020;300;200E-03;16.621;14.937;0.439;3.38;16:04:07.000
232.51;65.98E-03;6.675;50.021;300;200E-03;15.341;13.812;0.435;3.38;16:04:08.000
232.36;66.51E-03;6.738;50.023;300;200E-03;15.454;13.907;0.436;3.41;16:04:09.000
232.28;65.67E-03;6.662;50.015;300;200E-03;15.254;13.722;0.437;3.31;16:04:10.000
232.44;61.46E-03;6.098;50.017;300;200E-03;14.286;12.919;0.427;3.46;16:04:11.000
232.49;59.79E-03;5.901;50.012;300;200E-03;13.901;12.586;0.425;3.38;16:04:12.000
232.32;58.89E-03;5.876;50.010;300;200E-03;13.681;12.355;0.429;3.39;16:04:13.000
232.28;59.66E-03;5.913;50.011;300;200E-03;13.857;12.532;0.427;3.44;16:04:14.000
232.35;61.69E-03;6.140;50.003;300;200E-03;14.334;12.953;0.428;3.32;16:04:15.000
232.41;65.11E-03;6.567;50.007;300;200E-03;15.133;13.634;0.434;3.37;16:04:16.000
232.32;61.34E-03;6.054;50.006;300;200E-03;14.250;12.900;0.425;3.40;16:04:17.000
232.27;61.55E-03;6.061;50.007;300;200E-03;14.297;12.948;0.424;3.36;16:04:18.000
232.11;59.91E-03;5.913;50.006;300;200E-03;13.906;12.586;0.425;3.35;16:04:19.000
232.34;65.73E-03;6.613;50.002;300;200E-03;15.271;13.765;0.433;3.38;16:04:20.000
232.30;61.47E-03;6.113;50.004;300;200E-03;14.280;12.906;0.428;3.37;16:04:21.000
232.36;61.92E-03;6.185;50.001;300;200E-03;14.387;12.990;0.430;3.38;16:04:22.000
232.25;59.13E-03;5.915;50.003;300;200E-03;13.732;12.393;0.431;3.39;16:04:23.000
232.29;70.37E-03;7.195;50.004;300;200E-03;16.347;14.679;0.440;3.39;16:04:24.000
232.29;66.64E-03;6.622;50.002;300;200E-03;15.480;13.992;0.428;3.39;16:04:25.000
232.27;60.83E-03;5.933;49.995;300;200E-03;14.128;12.822;0.420;3.37;16:04:26.000
232.37;64.65E-03;6.542;50.001;300;200E-03;15.022;13.523;0.435;3.36;16:04:27.000
232.30;70.58E-03;7.284;50.002;300;200E-03;16.396;14.689;0.444;3.33;16:04:28.000
232.21;65.90E-03;6.623;49.997;300;200E-03;15.303;13.796;0.433;3.38;16:04:29.000
232.12;67.46E-03;6.866;50.009;300;200E-03;15.660;14.074;0.438;3.37;16:04:30.000
232.26;65.96E-03;6.696;50.008;300;200E-03;15.319;13.778;0.437;3.38;16:04:31.000
232.27;67.17E-03;6.837;50.011;300;200E-03;15.601;14.023;0.438;3.33;16:04:32.000
232.10;67.17E-03;6.766;50.016;300;200E-03;15.591;14.047;0.434;3.35;16:04:33.000
232.12;66.35E-03;6.783;50.020;300;200E-03;15.402;13.828;0.440;3.36;16:04:34.000
232.22;67.94E-03;6.929;50.013;300;200E-03;15.776;14.173;0.439;3.31;16:04:35.000
232.35;73.30E-03;7.586;50.021;300;200E-03;17.031;15.248;0.445;3.41;16:04:36.000
232.41;76.18E-03;7.924;50.011;300;200E-03;17.705;15.832;0.448;3.37;16:04:37.000
232.33;65.39E-03;6.651;50.017;300;200E-03;15.192;13.659;0.438;3.37;16:04:38.000
232.45;65.66E-03;6.686;50.017;300;200E-03;15.262;13.720;0.438;3.42;16:04:39.000
232.45;68.31E-03;6.919;50.014;300;200E-03;15.880;14.294;0.436;3.37;16:04:40.000
232.44;70.05E-03;7.253;50.022;300;200E-03;16.283;14.578;0.445;3.45;16:04:41.000
232.26;66.37E-03;6.665;50.014;300;200E-03;15.416;13.900;0.432;3.35;16:04:42.000
232.18;62.37E-03;6.233;50.017;300;200E-03;14.480;13.070;0.430;3.38;16:04:43.000
232.19;66.97E-03;6.800;50.016;300;200E-03;15.549;13.983;0.437;3.46;16:04:44.000
232.22;69.08E-03;7.111;50.011;300;200E-03;16.041;14.379;0.443;3.38;16:04:45.000
232.34;66.02E-03;6.704;50.016;300;200E-03;15.338;13.795;0.437;3.38;16:04:46.000
232.13;65.22E-03;6.581;50.009;300;200E-03;15.139;13.633;0.435;3.41;16:04:47.000
232.24;67.23E-03;6.819;50.011;300;200E-03;15.614;14.046;0.437;3.38;16:04:48.000
232.01;72.19E-03;7.384;50.008;300;200E-03;16.749;15.033;0.441;3.41;16:04:49.000
232.08;66.22E-03;6.620;50.007;300;200E-03;15.368;13.869;0.431;3.40;16:04:50.000
232.21;66.44E-03;6.719;50.001;300;200E-03;15.429;13.889;0.435;3.39;16:04:51.000
232.16;71.05E-03;7.329;49.997;300;200E-03;16.496;14.778;0.444;3.50;16:04:52.000
232.28;64.94E-03;6.556;49.992;300;200E-03;15.085;13.586;0.435;3.44;16:04:53.000
232.28;65.84E-03;6.709;49.994;300;200E-03;15.294;13.744;0.439;3.43;16:04:54.000
232.25;65.89E-03;6.721;49.991;300;200E-03;15.303;13.749;0.439;3.38;16:04:55.000
232.01;66.44E-03;6.725;49.984;300;200E-03;15.414;13.869;0.436;3.40;16:04:56.000
232.26;66.61E-03;6.701;49.982;300;200E-03;15.470;13.944;0.433;3.32;16:04:57.000
232.27;62.81E-03;6.238;49.983;300;200E-03;14.589;13.188;0.428;3.39;16:04:58.000
232.21;66.13E-03;6.723;49.981;300;200E-03;15.355;13.805;0.438;3.37;16:04:59.000
232.22;73.22E-03;7.530;49.977;300;200E-03;17.004;15.246;0.443;3.37;16:05:00.000
232.28;66.12E-03;6.751;49.974;300;200E-03;15.358;13.795;0.440;3.33;16:05:01.000
232.21;67.40E-03;6.825;49.981;300;200E-03;15.651;14.084;0.436;3.37;16:05:02.000
232.22;65.65E-03;6.621;49.971;300;200E-03;15.246;13.733;0.434;3.38;16:05:03.000
232.25;65.94E-03;6.677;49.969;300;200E-03;15.315;13.783;0.436;3.39;16:05:04.000
232.11;65.46E-03;6.590;49.978;300;200E-03;15.193;13.689;0.434;3.43;16:05:05.000
232.29;67.37E-03;6.799;49.979;300;200E-03;15.649;14.094;0.435;3.40;16:05:06.000
232.24;65.61E-03;6.639;49.981;300;200E-03;15.237;13.715;0.436;3.45;16:05:07.000
232.43;65.20E-03;6.541;49.973;300;200E-03;15.155;13.671;0.432;3.42;16:05:08.000
232.48;67.27E-03;6.688;49.981;300;200E-03;15.639;14.136;0.428;3.42;16:05:09.000
232.33;66.71E-03;6.618;49.990;300;200E-03;15.500;14.016;0.427;3.47;16:05:10.000
232.25;65.93E-03;6.523;49.980;300;200E-03;15.311;13.852;0.426;3.45;16:05:11.000
232.37;63.01E-03;6.172;49.984;300;200E-03;14.642;13.277;0.422;3.53;16:05:12.000
232.39;60.53E-03;5.835;49.968;300;200E-03;14.067;12.800;0.415;3.42;16:05:13.000
232.48;67.07E-03;6.785;49.982;300;200E-03;15.593;14.039;0.435;3.45;16:05:14.000
232.49;66.79E-03;6.740;49.982;300;200E-03;15.528;13.990;0.434;3.36;16:05:15.000
232.50;67.55E-03;6.833;49.987;300;200E-03;15.706;14.142;0.435;3.38;16:05:16.000
232.30;65.67E-03;6.566;49.974;300;200E-03;15.254;13.768;0.430;3.37;16:05:17.000
232.31;64.69E-03;6.432;49.979;300;200E-03;15.028;13.582;0.428;3.35;16:05:18.000
232.45;65.94E-03;6.645;49.975;300;200E-03;15.329;13.813;0.434;3.39;16:05:19.000
232.25;71.90E-03;7.296;49.980;300;200E-03;16.698;15.020;0.437;3.42;16:05:20.000
232.42;65.64E-03;6.576;49.977;300;200E-03;15.256;13.766;0.431;3.40;16:05:21.000
232.58;66.14E-03;6.703;49.975;300;200E-03;15.382;13.844;0.436;3.42;16:05:22.000
232.53;66.18E-03;6.693;49.979;300;200E-03;15.388;13.856;0.435;3.43;16:05:23.000
232.44;66.80E-03;6.707;49.977;300;200E-03;15.528;14.005;0.432;3.35;16:05:24.000
232.48;73.55E-03;7.564;49.977;300;200E-03;17.098;15.334;0.442;3.39;16:05:25.000
232.54;66.04E-03;6.622;49.986;300;200E-03;15.358;13.857;0.431;3.42;16:05:26.000
232.55;66.49E-03;6.722;49.975;300;200E-03;15.463;13.926;0.435;3.38;16:05:27.000
232.45;59.32E-03;5.807;49.974;300;200E-03;13.789;12.507;0.421;3.41;16:05:28.000
232.52;61.05E-03;6.015;49.982;300;200E-03;14.194;12.857;0.424;3.39;16:05:29.000
232.54;60.65E-03;5.984;49.975;300;200E-03;14.104;12.772;0.424;3.37;16:05:30.000
232.37;61.11E-03;5.944;49.976;300;200E-03;14.200;12.897;0.419;3.36;16:05:31.000
232.52;63.39E-03;6.269;49.971;300;200E-03;14.738;13.339;0.425;3.40;16:05:32.000
232.41;60.55E-03;5.951;49.973;300;200E-03;14.074;12.754;0.423;3.46;16:05:33.000
232.42;63.38E-03;6.311;49.969;300;200E-03;14.730;13.310;0.428;3.42;16:05:34.000
232.46;60.63E-03;5.926;49.967;300;200E-03;14.095;12.789;0.420;3.33;16:05:35.000
232.33;61.13E-03;5.923;49.974;300;200E-03;14.202;12.908;0.417;3.39;16:05:36.000
232.56;60.41E-03;5.969;49.971;300;200E-03;14.049;12.718;0.425;3.37;16:05:37.000
232.43;65.62E-03;6.505;49.972;300;200E-03;15.252;13.795;0.427;3.37;16:05:38.000
232.41;61.61E-03;6.047;49.969;300;200E-03;14.318;12.979;0.422;3.39;16:05:39.000
232.12;62.32E-03;5.949;49.963;300;200E-03;14.465;13.185;0.411;3.41;16:05:40.000
232.30;59.58E-03;5.775;49.976;300;200E-03;13.840;12.578;0.417;3.40;16:05:41.000
232.34;65.39E-03;6.487;49.967;300;200E-03;15.193;13.739;0.427;3.45;16:05:42.000
232.22;75.63E-03;7.742;49.974;300;200E-03;17.562;15.763;0.441;3.38;16:05:43.000
232.31;66.38E-03;6.607;49.974;300;200E-03;15.422;13.935;0.428;3.42;16:05:44.000
232.32;66.92E-03;6.746;49.971;300;200E-03;15.548;14.008;0.434;3.39;16:05:45.000
232.34;67.20E-03;6.756;49.968;300;200E-03;15.613;14.075;0.433;3.36;16:05:46.000
232.42;66.98E-03;6.697;49.970;300;200E-03;15.567;14.052;0.430;3.42;16:05:47.000
232.40;67.21E-03;6.723;49.973;300;200E-03;15.620;14.099;0.430;3.36;16:05:48.000
232.25;75.43E-03;7.865;49.984;300;200E-03;17.519;15.654;0.449;3.33;16:05:49.000
232.44;67.04E-03;6.725;49.964;300;200E-03;15.582;14.056;0.432;3.39;16:05:50.000
232.47;67.44E-03;6.791;49.967;300;200E-03;15.678;14.131;0.433;3.37;16:05:51.000
232.33;70.93E-03;7.282;49.968;300;200E-03;16.479;14.782;0.442;3.36;16:05:52.000
232.40;66.68E-03;6.671;49.967;300;200E-03;15.497;13.988;0.430;3.39;16:05:53.000
232.46;67.49E-03;6.812;49.967;300;200E-03;15.688;14.133;0.434;3.38;16:05:54.000
232.35;66.85E-03;6.777;49.966;300;200E-03;15.532;13.976;0.436;3.39;16:05:55.000
232.42;66.37E-03;6.721;49.965;300;200E-03;15.426;13.884;0.436;3.38;16:05:56.000
232.44;62.76E-03;6.229;49.967;300;200E-03;14.587;13.190;0.427;3.37;16:05:57.000
232.40;68.19E-03;6.906;49.973;300;200E-03;15.847;14.263;0.436;3.43;16:05:58.000
232.44;69.33E-03;7.075;49.970;300;200E-03;16.115;14.479;0.439;3.38;16:05:59.000
232.36;66.58E-03;6.692;49.972;300;200E-03;15.469;13.947;0.433;3.37;16:06:00.000
232.46;66.50E-03;6.724;49.962;300;200E-03;15.458;13.919;0.435;3.38;16:06:01.000
232.35;66.62E-03;6.712;49.969;300;200E-03;15.479;13.948;0.434;3.39;16:06:02.000
232.27;76.27E-03;7.973;49.975;300;200E-03;17.714;15.819;0.450;3.38;16:06:03.000
232.25;67.76E-03;6.831;49.975;300;200E-03;15.737;14.177;0.434;3.38;16:06:04.000
232.45;67.02E-03;6.772;49.970;300;200E-03;15.579;14.031;0.435;3.38;16:06:05.000
232.46;66.90E-03;6.717;49.973;300;200E-03;15.552;14.027;0.432;3.41;16:06:06.000
232.37;66.98E-03;6.748;49.973;300;200E-03;15.564;14.025;0.434;3.38;16:06:07.000
232.23;66.52E-03;6.700;49.970;300;200E-03;15.448;13.920;0.434;3.40;16:06:08.000
232.29;70.93E-03;7.216;49.973;300;200E-03;16.475;14.811;0.438;3.38;16:06:09.000
232.31;69.70E-03;7.020;49.969;300;200E-03;16.191;14.590;0.434;3.40;16:06:10.000
232.36;66.43E-03;6.643;49.969;300;200E-03;15.436;13.933;0.430;3.39;16:06:11.000
232.48;72.76E-03;7.402;49.974;300;200E-03;16.916;15.211;0.438;3.37;16:06:12.000
232.43;60.06E-03;5.875;49.973;300;200E-03;13.960;12.664;0.421;3.38;16:06:13.000
232.50;64.17E-03;6.335;49.969;300;200E-03;14.919;13.507;0.425;3.42;16:06:14.000
232.38;67.16E-03;6.659;49.975;300;200E-03;15.607;14.115;0.427;3.41;16:06:15.000
232.34;66.22E-03;6.657;49.971;300;200E-03;15.386;13.871;0.433;3.42;16:06:16.000
232.54;67.65E-03;6.738;49.974;300;200E-03;15.732;14.215;0.428;3.41;16:06:17.000
232.45;67.20E-03;6.758;49.972;300;200E-03;15.620;14.082;0.433;3.42;16:06:18.000
232.55;67.16E-03;6.755;49.976;300;200E-03;15.619;14.083;0.432;3.44;16:06:19.000
232.52;67.68E-03;6.770;49.972;300;200E-03;15.738;14.208;0.430;3.40;16:06:20.000
232.50;66.59E-03;6.628;49.974;300;200E-03;15.482;13.992;0.428;3.41;16:06:21.000
232.47;66.90E-03;6.733;49.974;300;200E-03;15.552;14.019;0.433;3.42;16:06:22.000
232.51;67.26E-03;6.732;49.981;300;200E-03;15.638;14.115;0.430;3.43;16:06:23.000
232.43;68.88E-03;6.979;49.976;300;200E-03;16.011;14.409;0.436;3.44;16:06:24.000
232.46;61.30E-03;6.005;49.972;300;200E-03;14.250;12.923;0.421;3.36;16:06:25.000
232.33;60.85E-03;5.997;49.980;300;200E-03;14.139;12.804;0.424;3.41;16:06:26.000
232.33;60.61E-03;5.912;49.976;300;200E-03;14.081;12.780;0.420;3.42;16:06:27.000
232.36;60.65E-03;5.952;49.977;300;200E-03;14.093;12.775;0.422;3.43;16:06:28.000
232.39;60.14E-03;5.896;49.977;300;200E-03;13.975;12.671;0.422;3.46;16:06:29.000
232.42;61.49E-03;6.045;49.984;300;200E-03;14.290;12.949;0.423;3.42;16:06:30.000
232.42;60.70E-03;6.035;49.971;300;200E-03;14.108;12.752;0.428;3.41;16:06:31.000
232.36;62.75E-03;6.139;49.979;300;200E-03;14.580;13.225;0.421;3.41;16:06:32.000
232.45;59.68E-03;5.869;49.981;300;200E-03;13.873;12.570;0.423;3.43;16:06:33.000
232.55;60.95E-03;6.032;49.976;300;200E-03;14.175;12.827;0.426;3.41;16:06:34.000
232.50;60.23E-03;5.986;49.970;300;200E-03;14.004;12.661;0.427;3.41;16:06:35.000
232.47;61.08E-03;6.021;49.967;300;200E-03;14.200;12.860;0.424;3.42;16:06:36.000
232.16;73.88E-03;7.557;49.970;300;200E-03;17.153;15.399;0.441;3.41;16:06:37.000
232.40;67.17E-03;6.722;49.971;300;200E-03;15.610;14.089;0.431;3.37;16:06:38.000
232.29;67.29E-03;6.735;49.964;300;200E-03;15.631;14.105;0.431;3.36;16:06:39.000
232.28;66.78E-03;6.706;49.968;300;200E-03;15.512;13.988;0.432;3.34;16:06:40.000
232.36;61.14E-03;6.028;49.963;300;200E-03;14.206;12.864;0.424;3.39;16:06:41.000
232.34;61.83E-03;6.129;49.967;300;200E-03;14.367;12.994;0.427;3.38;16:06:42.000
232.38;66.62E-03;6.741;49.966;300;200E-03;15.480;13.935;0.435;3.42;16:06:43.000
232.28;66.66E-03;6.647;49.970;300;200E-03;15.484;13.985;0.429;3.43;16:06:44.000
232.37;66.39E-03;6.723;49.967;300;200E-03;15.427;13.884;0.436;3.41;16:06:45.000
232.28;66.61E-03;6.730;49.972;300;200E-03;15.472;13.932;0.435;3.40;16:06:46.000
232.32;68.24E-03;6.812;49.966;300;200E-03;15.853;14.314;0.430;3.40;16:06:47.000
232.21;66.55E-03;6.712;49.968;300;200E-03;15.454;13.920;0.434;3.39;16:06:48.000
232.38;70.99E-03;7.249;49.966;300;200E-03;16.496;14.818;0.439;3.43;16:06:49.000
232.26;67.37E-03;6.703;49.964;300;200E-03;15.647;14.139;0.428;3.43;16:06:50.000
232.43;66.66E-03;6.727;49.964;300;200E-03;15.493;13.957;0.434;3.42;16:06:51.000
232.18;67.00E-03;6.719;49.961;300;200E-03;15.556;14.030;0.432;3.38;16:06:52.000
232.21;65.83E-03;6.646;49.961;300;200E-03;15.287;13.766;0.435;3.42;16:06:53.000
232.17;67.56E-03;6.788;49.962;300;200E-03;15.686;14.142;0.433;3.45;16:06:54.000
232.28;66.51E-03;6.697;49.957;300;200E-03;15.450;13.923;0.433;3.45;16:06:55.000
232.31;67.12E-03;6.733;49.964;300;200E-03;15.593;14.065;0.432;3.41;16:06:56.000
232.41;61.95E-03;6.110;49.962;300;200E-03;14.397;13.036;0.424;3.42;16:06:57.000
232.27;63.45E-03;6.270;49.969;300;200E-03;14.737;13.337;0.425;3.43;16:06:58.000
232.18;66.58E-03;6.686;49.970;300;200E-03;15.458;13.937;0.433;3.38;16:06:59.000
232.21;65.93E-03;6.683;49.969;300;200E-03;15.309;13.773;0.437;3.36;16:07:00.000
232.24;66.79E-03;6.742;49.969;300;200E-03;15.511;13.970;0.435;3.36;16:07:01.000
232.49;66.62E-03;6.725;49.973;300;200E-03;15.489;13.953;0.434;3.38;16:07:02.000
232.48;67.07E-03;6.715;49.975;300;200E-03;15.593;14.073;0.431;3.38;16:07:03.000
232.50;67.84E-03;6.820;49.974;300;200E-03;15.773;14.222;0.432;3.39;16:07:04.000
232.29;66.31E-03;6.705;49.971;300;200E-03;15.404;13.868;0.435;3.42;16:07:05.000
232.51;67.27E-03;6.772;49.970;300;200E-03;15.642;14.100;0.433;3.39;16:07:06.000
232.52;66.89E-03;6.737;49.970;300;200E-03;15.554;14.019;0.433;3.42;16:07:07.000
232.39;67.02E-03;6.750;49.972;300;200E-03;15.576;14.037;0.433;3.41;16:07:08.000
232.44;61.32E-03;6.078;49.970;300;200E-03;14.253;12.892;0.426;3.45;16:07:09.000
232.48;60.20E-03;5.938;49.978;300;200E-03;13.995;12.673;0.424;3.42;16:07:10.000
232.38;59.95E-03;5.857;49.976;300;200E-03;13.930;12.639;0.420;3.41;16:07:11.000
232.42;59.77E-03;5.878;49.982;300;200E-03;13.891;12.586;0.423;3.41;16:07:12.000
232.54;60.34E-03;5.972;49.978;300;200E-03;14.032;12.698;0.426;3.41;16:07:13.000
232.38;60.92E-03;6.008;49.973;300;200E-03;14.156;12.818;0.424;3.48;16:07:14.000
232.46;61.72E-03;5.979;49.982;300;200E-03;14.347;13.042;0.417;3.42;16:07:15.000
232.54;67.12E-03;6.840;49.983;300;200E-03;15.608;14.029;0.438;3.43;16:07:16.000
232.53;59.95E-03;5.869;49.984;300;200E-03;13.940;12.644;0.421;3.42;16:07:17.000
232.43;59.33E-03;5.850;49.988;300;200E-03;13.790;12.488;0.424;3.46;16:07:18.000
232.48;61.50E-03;6.044;49.986;300;200E-03;14.297;12.957;0.423;3.42;16:07:19.000
232.52;60.85E-03;5.941;49.983;300;200E-03;14.148;12.840;0.420;3.41;16:07:20.000
232.37;68.25E-03;6.914;49.984;300;200E-03;15.859;14.273;0.436;3.39;16:07:21.000
232.24;75.78E-03;7.879;49.987;300;200E-03;17.600;15.738;0.448;3.44;16:07:22.000
232.37;66.48E-03;6.713;49.990;300;200E-03;15.449;13.914;0.435;3.44;16:07:23.000
232.45;66.80E-03;6.737;49.990;300;200E-03;15.528;13.990;0.434;3.45;16:07:24.000
232.50;61.77E-03;6.144;49.988;300;200E-03;14.363;12.982;0.428;3.42;16:07:25.000
232.49;67.32E-03;6.829;49.984;300;200E-03;15.651;14.082;0.436;3.43;16:07:26.000
232.41;65.63E-03;6.704;49.978;300;200E-03;15.253;13.701;0.440;3.43;16:07:27.000
232.44;66.67E-03;6.750;49.984;300;200E-03;15.497;13.950;0.436;3.44;16:07:28.000
232.28;66.37E-03;6.696;49.979;300;200E-03;15.416;13.886;0.434;3.41;16:07:29.000
232.37;66.33E-03;6.725;49.989;300;200E-03;15.413;13.869;0.436;3.44;16:07:30.000
232.23;65.89E-03;6.649;49.982;300;200E-03;15.302;13.782;0.435;3.40;16:07:31.000
232.32;65.65E-03;6.644;49.982;300;200E-03;15.252;13.729;0.436;3.45;16:07:32.000
232.27;66.57E-03;6.692;49.982;300;200E-03;15.463;13.940;0.433;3.46;16:07:33.000
232.27;74.00E-03;7.663;49.989;300;200E-03;17.189;15.387;0.446;3.44;16:07:34.000
232.31;66.52E-03;6.729;49.980;300;200E-03;15.452;13.910;0.435;3.44;16:07:35.000
232.22;65.84E-03;6.685;49.986;300;200E-03;15.290;13.751;0.437;3.46;16:07:36.000
232.37;65.89E-03;6.686;49.980;300;200E-03;15.312;13.775;0.437;3.44;16:07:37.000
232.33;65.56E-03;6.592;49.984;300;200E-03;15.231;13.730;0.433;3.41;16:07:38.000
232.25;66.91E-03;6.709;49.986;300;200E-03;15.540;14.018;0.432;3.42;16:07:39.000
232.25;61.33E-03;5.972;49.982;300;200E-03;14.243;12.930;0.419;3.40;16:07:40.000
232.40;62.90E-03;6.212;49.987;300;200E-03;14.617;13.231;0.425;3.37;16:07:41.000
232.16;66.77E-03;6.728;49.980;300;200E-03;15.501;13.965;0.434;3.34;16:07:42.000
232.21;66.19E-03;6.731;49.982;300;200E-03;15.369;13.817;0.438;3.39;16:07:43.000
232.25;65.77E-03;6.677;49.983;300;200E-03;15.275;13.739;0.437;3.40;16:07:44.000
232.15;66.75E-03;6.832;49.984;300;200E-03;15.496;13.909;0.441;3.41;16:07:45.000
232.24;65.84E-03;6.710;49.979;300;200E-03;15.292;13.741;0.439;3.41;16:07:46.000
232.39;66.40E-03;6.738;49.985;300;200E-03;15.430;13.881;0.437;3.42;16:07:47.000
232.32;66.33E-03;6.792;49.976;300;200E-03;15.411;13.833;0.441;3.44;16:07:48.000
232.18;65.81E-03;6.700;49.978;300;200E-03;15.281;13.734;0.438;3.43;16:07:49.000
232.03;65.99E-03;6.703;49.970;300;200E-03;15.311;13.766;0.438;3.46;16:07:50.000
232.15;66.94E-03;6.814;49.974;300;200E-03;15.540;13.966;0.439;3.43;16:07:51.000
232.06;65.71E-03;6.695;49.972;300;200E-03;15.249;13.701;0.439;3.42;16:07:52.000
232.17;66.21E-03;6.710;49.974;300;200E-03;15.373;13.831;0.436;3.43;16:07:53.000
232.12;63.41E-03;6.357;49.964;300;200E-03;14.720;13.276;0.432;3.46;16:07:54.000
232.13;60.96E-03;5.998;49.965;300;200E-03;14.150;12.816;0.424;3.44;16:07:55.000
232.04;66.89E-03;6.792;49.962;300;200E-03;15.521;13.956;0.438;3.45;16:07:56.000
232.00;66.16E-03;6.729;49.968;300;200E-03;15.349;13.796;0.438;3.43;16:07:57.000
232.07;65.50E-03;6.623;49.958;300;200E-03;15.201;13.683;0.436;3.41;16:07:58.000
232.04;69.42E-03;7.028;49.963;300;200E-03;16.109;14.495;0.436;3.45;16:07:59.000
232.21;68.47E-03;7.017;49.963;300;200E-03;15.898;14.266;0.441;3.43;16:08:00.000
232.18;65.54E-03;6.673;49.963;300;200E-03;15.218;13.677;0.438;3.41;16:08:01.000
232.09;66.32E-03;6.712;49.961;300;200E-03;15.393;13.853;0.436;3.44;16:08:02.000
232.01;66.20E-03;6.700;49.964;300;200E-03;15.359;13.821;0.436;3.48;16:08:03.000
232.10;66.56E-03;6.729;49.959;300;200E-03;15.448;13.905;0.436;3.47;16:08:04.000
232.15;66.61E-03;6.677;49.953;300;200E-03;15.463;13.948;0.432;3.45;16:08:05.000
232.08;67.05E-03;6.739;49.955;300;200E-03;15.562;14.027;0.433;3.45;16:08:06.000
232.13;66.12E-03;6.615;49.958;300;200E-03;15.349;13.850;0.431;3.47;16:08:07.000
232.25;66.19E-03;6.651;49.960;300;200E-03;15.373;13.860;0.433;3.48;16:08:08.000
232.17;60.52E-03;5.992;49.956;300;200E-03;14.051;12.709;0.426;3.45;16:08:09.000
231.96;58.90E-03;5.815;49.957;300;200E-03;13.664;12.364;0.426;3.45;16:08:10.000
231.99;68.66E-03;7.016;49.959;300;200E-03;15.930;14.301;0.440;3.43;16:08:11.000
232.01;60.66E-03;6.033;49.958;300;200E-03;14.074;12.715;0.429;3.43;16:08:12.000
232.11;59.97E-03;5.940;49.955;300;200E-03;13.919;12.588;0.427;3.46;16:08:13.000
232.08;60.83E-03;5.963;49.955;300;200E-03;14.116;12.795;0.422;3.40;16:08:14.000
232.04;59.98E-03;5.944;49.957;300;200E-03;13.919;12.586;0.427;3.41;16:08:15.000
232.08;62.01E-03;6.114;49.953;300;200E-03;14.390;13.027;0.425;3.37;16:08:16.000
232.14;59.13E-03;5.784;49.953;300;200E-03;13.727;12.449;0.421;3.43;16:08:17.000
232.01;59.61E-03;5.848;49.953;300;200E-03;13.831;12.534;0.423;3.36;16:08:18.000
231.96;60.43E-03;6.004;49.954;300;200E-03;14.018;12.667;0.428;3.43;16:08:19.000
232.15;61.45E-03;6.093;49.953;300;200E-03;14.265;12.898;0.427;3.40;16:08:20.000
232.18;66.20E-03;6.698;49.958;300;200E-03;15.370;13.833;0.436;3.43;16:08:21.000
232.07;66.40E-03;6.702;49.959;300;200E-03;15.409;13.876;0.435;3.39;16:08:22.000
232.08;68.50E-03;6.869;49.960;300;200E-03;15.897;14.336;0.432;3.43;16:08:23.000
232.17;59.88E-03;5.906;49.956;300;200E-03;13.902;12.585;0.425;3.41;16:08:24.000
232.18;71.19E-03;7.316;49.960;300;200E-03;16.528;14.821;0.443;3.44;16:08:25.000
232.15;66.70E-03;6.772;49.958;300;200E-03;15.484;13.924;0.437;3.43;16:08:26.000
232.18;66.58E-03;6.745;49.959;300;200E-03;15.459;13.910;0.436;3.48;16:08:27.000
232.29;66.51E-03;6.706;49.957;300;200E-03;15.449;13.918;0.434;3.44;16:08:28.000
232.29;66.22E-03;6.745;49.953;300;200E-03;15.381;13.824;0.439;3.38;16:08:29.000
232.29;66.70E-03;6.756;49.958;300;200E-03;15.494;13.944;0.436;3.41;16:08:30.000
232.31;66.39E-03;6.733;49.959;300;200E-03;15.422;13.875;0.437;3.39;16:08:31.000
232.21;66.29E-03;6.733;49.963;300;200E-03;15.394;13.843;0.437;3.43;16:08:32.000
232.05;66.37E-03;6.635;49.954;300;200E-03;15.401;13.899;0.431;3.36;16:08:33.000
232.14;66.09E-03;6.716;49.953;300;200E-03;15.342;13.794;0.438;3.38;16:08:34.000
232.30;66.59E-03;6.755;49.952;300;200E-03;15.470;13.918;0.437;3.39;16:08:35.000
232.23;66.31E-03;6.697;49.951;300;200E-03;15.400;13.868;0.435;3.40;16:08:36.000
232.29;60.18E-03;6.000;49.953;300;200E-03;13.980;12.628;0.429;3.38;16:08:37.000
232.40;59.88E-03;5.888;49.952;300;200E-03;13.916;12.609;0.423;3.38;16:08:38.000
232.40;67.40E-03;6.840;49.954;300;200E-03;15.663;14.090;0.437;3.40;16:08:39.000
232.30;65.99E-03;6.675;49.949;300;200E-03;15.331;13.802;0.435;3.38;16:08:40.000
232.30;66.72E-03;6.792;49.956;300;200E-03;15.499;13.931;0.438;3.41;16:08:41.000
232.28;66.48E-03;6.681;49.952;300;200E-03;15.441;13.921;0.433;3.36;16:08:42.000
232.54;66.94E-03;6.746;49.955;300;200E-03;15.567;14.029;0.433;3.35;16:08:43.000
232.46;68.00E-03;6.801;49.952;300;200E-03;15.808;14.270;0.430;3.35;16:08:44.000
232.42;67.54E-03;6.797;49.953;300;200E-03;15.697;14.150;0.433;3.37;16:08:45.000
232.24;67.31E-03;6.772;49.952;300;200E-03;15.631;14.088;0.433;3.42;16:08:46.000
232.40;67.00E-03;6.721;49.958;300;200E-03;15.571;14.046;0.432;3.39;16:08:47.000
232.32;68.47E-03;6.805;49.955;300;200E-03;15.907;14.378;0.428;3.38;16:08:48.000
232.54;67.10E-03;6.739;49.949;300;200E-03;15.602;14.072;0.432;3.40;16:08:49.000
232.55;67.40E-03;6.761;49.954;300;200E-03;15.674;14.141;0.431;3.39;16:08:50.000
232.52;67.48E-03;6.822;49.954;300;200E-03;15.690;14.129;0.435;3.39;16:08:51.000
232.41;66.24E-03;6.632;49.955;300;200E-03;15.395;13.893;0.431;3.38;16:08:52.000
232.43;63.29E-03;6.300;49.959;300;200E-03;14.709;13.292;0.428;3.38;16:08:53.000
232.23;65.26E-03;6.534;49.957;300;200E-03;15.156;13.675;0.431;3.40;16:08:54.000
232.17;66.84E-03;6.735;49.958;300;200E-03;15.517;13.979;0.434;3.43;16:08:55.000
232.39;66.85E-03;6.736;49.957;300;200E-03;15.535;13.998;0.434;3.41;16:08:56.000
232.45;61.44E-03;6.063;49.955;300;200E-03;14.283;12.932;0.424;3.42;16:08:57.000
232.29;61.01E-03;5.912;49.953;300;200E-03;14.172;12.880;0.417;3.40;16:08:58.000
232.45;61.00E-03;5.955;49.956;300;200E-03;14.181;12.869;0.420;3.42;16:08:59.000
232.50;61.30E-03;6.008;49.950;300;200E-03;14.253;12.925;0.421;3.43;16:09:00.000
232.52;61.24E-03;5.910;49.951;300;200E-03;14.240;12.956;0.415;3.39;16:09:01.000
232.46;60.47E-03;5.900;49.952;300;200E-03;14.058;12.760;0.420;3.45;16:09:02.000
232.50;61.48E-03;6.041;49.955;300;200E-03;14.294;12.955;0.423;3.44;16:09:03.000
232.46;60.75E-03;5.888;49.955;300;200E-03;14.122;12.836;0.417;3.44;16:09:04.000
232.59;68.30E-03;6.897;49.957;300;200E-03;15.885;14.310;0.434;3.44;16:09:05.000
232.54;60.77E-03;5.888;49.958;300;200E-03;14.131;12.845;0.417;3.45;16:09:06.000
232.43;60.70E-03;5.924;49.952;300;200E-03;14.109;12.805;0.420;3.46;16:09:07.000
232.60;68.36E-03;6.870;49.959;300;200E-03;15.901;14.340;0.432;3.43;16:09:08.000
232.32;67.07E-03;6.755;49.962;300;200E-03;15.581;14.040;0.434;3.43;16:09:09.000
232.70;76.57E-03;7.996;49.962;300;200E-03;17.817;15.922;0.449;3.47;16:09:10.000
232.65;68.59E-03;6.957;49.954;300;200E-03;15.958;14.361;0.436;3.44;16:09:11.000
232.67;66.74E-03;6.722;49.955;300;200E-03;15.529;13.998;0.433;3.45;16:09:12.000
232.57;66.79E-03;6.700;49.961;300;200E-03;15.534;14.015;0.431;3.45;16:09:13.000
232.62;66.79E-03;6.694;49.961;300;200E-03;15.536;14.020;0.431;3.46;16:09:14.000
232.53;68.10E-03;6.799;49.965;300;200E-03;15.836;14.302;0.429;3.45;16:09:15.000
232.66;68.38E-03;6.880;49.960;300;200E-03;15.910;14.345;0.432;3.44;16:09:16.000
232.72;66.81E-03;6.716;49.966;300;200E-03;15.548;14.022;0.432;3.41;16:09:17.000
232.61;61.02E-03;5.982;49.960;300;200E-03;14.193;12.871;0.421;3.38;16:09:18.000
232.51;64.45E-03;6.382;49.964;300;200E-03;14.986;13.559;0.426;3.44;16:09:19.000
232.53;67.37E-03;6.736;49.960;300;200E-03;15.665;14.143;0.430;3.39;16:09:20.000
232.57;67.06E-03;6.702;49.962;300;200E-03;15.597;14.083;0.430;3.38;16:09:21.000
232.69;67.39E-03;6.797;49.959;300;200E-03;15.680;14.130;0.433;3.31;16:09:22.000
232.59;66.59E-03;6.723;49.962;300;200E-03;15.488;13.953;0.434;3.34;16:09:23.000
232.48;65.22E-03;6.533;49.955;300;200E-03;15.162;13.682;0.431;3.32;16:09:24.000
232.60;67.02E-03;6.768;49.955;300;200E-03;15.589;14.043;0.434;3.33;16:09:25.000
232.54;67.44E-03;6.759;49.957;300;200E-03;15.683;14.152;0.431;3.37;16:09:26.000
232.60;67.03E-03;6.756;49.958;300;200E-03;15.591;14.051;0.433;3.33;16:09:27.000
232.53;66.87E-03;6.714;49.959;300;200E-03;15.550;14.026;0.432;3.31;16:09:28.000
232.55;67.14E-03;6.600;49.956;300;200E-03;15.612;14.149;0.423;3.36;16:09:29.000
232.49;67.45E-03;6.753;49.959;300;200E-03;15.680;14.152;0.431;3.34;16:09:30.000
232.54;67.18E-03;6.689;49.956;300;200E-03;15.622;14.117;0.428;3.36;16:09:31.000
232.46;62.36E-03;6.095;49.958;300;200E-03;14.496;13.153;0.420;3.38;16:09:32.000
232.45;61.03E-03;5.921;49.964;300;200E-03;14.187;12.892;0.417;3.39;16:09:33.000
232.55;67.55E-03;6.743;49.950;300;200E-03;15.709;14.188;0.429;3.38;16:09:34.000
232.41;68.75E-03;6.816;49.959;300;200E-03;15.978;14.451;0.427;3.37;16:09:35.000
232.43;66.94E-03;6.661;49.958;300;200E-03;15.558;14.060;0.428;3.37;16:09:36.000
232.30;66.80E-03;6.683;49.954;300;200E-03;15.517;14.004;0.431;3.35;16:09:37.000
232.45;67.65E-03;6.738;49.956;300;200E-03;15.725;14.208;0.429;3.35;16:09:38.000
232.40;67.59E-03;6.732;49.958;300;200E-03;15.708;14.192;0.429;3.35;16:09:39.000
232.42;67.04E-03;6.685;49.951;300;200E-03;15.582;14.075;0.429;3.36;16:09:40.000
232.44;67.76E-03;6.735;49.953;300;200E-03;15.751;14.238;0.428;3.34;16:09:41.000
232.43;67.65E-03;6.756;49.953;300;200E-03;15.723;14.198;0.430;3.36;16:09:42.000
232.34;67.78E-03;6.693;49.954;300;200E-03;15.747;14.254;0.425;3.37;16:09:43.000
232.40;67.32E-03;6.724;49.952;300;200E-03;15.644;14.126;0.430;3.37;16:09:44.000
232.37;67.80E-03;6.755;49.956;300;200E-03;15.754;14.233;0.429;3.34;16:09:45.000
232.33;67.58E-03;6.769;49.951;300;200E-03;15.701;14.167;0.431;3.36;16:09:46.000
232.33;67.76E-03;6.731;49.956;300;200E-03;15.744;14.232;0.428;3.36;16:09:47.000
232.43;63.86E-03;6.218;49.955;300;200E-03;14.844;13.479;0.419;3.36;16:09:48.000
232.38;64.00E-03;6.355;49.956;300;200E-03;14.873;13.447;0.427;3.38;16:09:49.000
232.36;66.64E-03;6.659;49.950;300;200E-03;15.485;13.980;0.430;3.37;16:09:50.000
232.38;67.68E-03;6.664;49.949;300;200E-03;15.727;14.246;0.424;3.35;16:09:51.000
232.31;66.98E-03;6.728;49.952;300;200E-03;15.561;14.031;0.432;3.39;16:09:52.000
232.36;68.59E-03;6.716;49.947;300;200E-03;15.936;14.452;0.421;3.41;16:09:53.000
232.31;67.11E-03;6.704;49.945;300;200E-03;15.590;14.075;0.430;3.33;16:09:54.000
232.39;65.73E-03;6.614;49.940;300;200E-03;15.274;13.768;0.433;3.36;16:09:55.000
232.51;67.66E-03;6.686;49.942;300;200E-03;15.731;14.239;0.425;3.34;16:09:56.000
232.45;66.73E-03;6.641;49.944;300;200E-03;15.512;14.019;0.428;3.37;16:09:57.000
232.42;65.63E-03;6.648;49.944;300;200E-03;15.254;13.729;0.436;3.35;16:09:58.000
232.41;67.05E-03;6.690;49.938;300;200E-03;15.583;14.074;0.429;3.36;16:09:59.000
232.29;68.69E-03;6.870;49.943;300;200E-03;15.956;14.401;0.431;3.36;16:10:00.000
232.42;69.60E-03;7.016;49.943;300;200E-03;16.176;14.575;0.434;3.36;16:10:01.000
232.22;66.60E-03;6.614;49.946;300;200E-03;15.466;13.980;0.428;3.35;16:10:02.000
232.37;61.24E-03;5.831;49.943;300;200E-03;14.231;12.982;0.410;3.38;16:10:03.000
232.16;65.39E-03;6.447;49.940;300;200E-03;15.181;13.744;0.425;3.35;16:10:04.000
232.30;67.24E-03;6.691;49.948;300;200E-03;15.619;14.114;0.428;3.35;16:10:05.000
232.38;67.82E-03;6.685;49.948;300;200E-03;15.759;14.271;0.424;3.38;16:10:06.000
232.42;61.27E-03;5.988;49.946;300;200E-03;14.240;12.920;0.421;3.33;16:10:07.000
232.30;61.65E-03;6.033;49.953;300;200E-03;14.321;12.988;0.421;3.33;16:10:08.000
232.33;62.19E-03;6.024;49.947;300;200E-03;14.449;13.133;0.417;3.35;16:10:09.000
232.25;60.67E-03;5.880;49.947;300;200E-03;14.090;12.805;0.417;3.37;16:10:10.000
232.34;63.86E-03;6.169;49.948;300;200E-03;14.838;13.495;0.416;3.31;16:10:11.000
232.33;61.66E-03;5.892;49.957;300;200E-03;14.326;13.058;0.411;3.36;16:10:12.000
232.31;61.83E-03;5.979;49.955;300;200E-03;14.364;13.061;0.416;3.31;16:10:13.000
232.30;61.70E-03;5.982;49.954;300;200E-03;14.332;13.024;0.417;3.34;16:10:14.000
232.32;60.83E-03;5.949;49.953;300;200E-03;14.133;12.820;0.421;3.35;16:10:15.000
232.28;60.62E-03;5.949;49.956;300;200E-03;14.081;12.762;0.422;3.35;16:10:16.000
232.28;60.76E-03;5.826;49.959;300;200E-03;14.112;12.854;0.413;3.37;16:10:17.000
232.26;62.64E-03;6.074;49.965;300;200E-03;14.548;13.219;0.418;3.34;16:10:18.000
232.24;63.17E-03;6.016;49.966;300;200E-03;14.670;13.379;0.410;3.35;16:10:19.000
232.24;68.52E-03;6.807;49.966;300;200E-03;15.913;14.384;0.428;3.34;16:10:20.000
232.11;67.37E-03;6.650;49.968;300;200E-03;15.636;14.152;0.425;3.35;16:10:21.000
232.25;68.56E-03;6.775;49.970;300;200E-03;15.922;14.408;0.426;3.36;16:10:22.000
232.18;67.22E-03;6.643;49.969;300;200E-03;15.606;14.122;0.426;3.36;16:10:23.000
232.15;68.60E-03;6.819;49.969;300;200E-03;15.924;14.390;0.428;3.39;16:10:24.000
232.20;67.54E-03;6.706;49.974;300;200E-03;15.683;14.178;0.428;3.37;16:10:25.000
232.16;67.90E-03;6.730;49.982;300;200E-03;15.763;14.254;0.427;3.36;16:10:26.000
232.23;68.22E-03;6.806;49.976;300;200E-03;15.842;14.306;0.430;3.36;16:10:27.000
232.27;68.17E-03;6.757;49.979;300;200E-03;15.834;14.319;0.427;3.37;16:10:28.000
232.32;65.39E-03;6.378;49.983;300;200E-03;15.191;13.787;0.420;3.35;16:10:29.000
232.12;68.38E-03;6.828;49.972;300;200E-03;15.873;14.329;0.430;3.38;16:10:30.000
232.00;68.86E-03;6.816;49.977;300;200E-03;15.976;14.449;0.427;3.37;16:10:31.000
232.25;68.53E-03;6.806;49.975;300;200E-03;15.916;14.387;0.428;3.41;16:10:32.000
232.34;67.46E-03;6.693;49.976;300;200E-03;15.674;14.173;0.427;3.38;16:10:33.000
232.21;68.60E-03;6.793;49.972;300;200E-03;15.930;14.409;0.426;3.37;16:10:34.000
232.29;66.54E-03;6.650;49.979;300;200E-03;15.457;13.953;0.430;3.42;16:10:35.000
232.32;67.80E-03;6.799;49.973;300;200E-03;15.752;14.209;0.432;3.38;16:10:36.000
232.30;68.98E-03;6.772;49.975;300;200E-03;16.025;14.523;0.423;3.38;16:10:37.000
232.25;68.15E-03;6.688;49.978;300;200E-03;15.827;14.345;0.423;3.40;16:10:38.000
232.19;67.81E-03;6.693;49.975;300;200E-03;15.745;14.252;0.425;3.41;16:10:39.000
232.19;68.17E-03;6.798;49.975;300;200E-03;15.829;14.295;0.429;3.39;16:10:40.000
232.12;67.38E-03;6.645;49.975;300;200E-03;15.640;14.158;0.425;3.42;16:10:41.000
232.15;65.14E-03;6.448;49.974;300;200E-03;15.121;13.677;0.426;3.39;16:10:42.000
232.15;67.73E-03;6.693;49.973;300;200E-03;15.724;14.228;0.426;3.36;16:10:43.000
232.02;67.92E-03;6.707;49.973;300;200E-03;15.759;14.260;0.426;3.35;16:10:44.000
232.05;66.91E-03;6.567;49.969;300;200E-03;15.526;14.069;0.423;3.35;16:10:45.000
232.07;67.60E-03;6.681;49.968;300;200E-03;15.688;14.194;0.426;3.36;16:10:46.000
232.26;66.51E-03;6.690;49.967;300;200E-03;15.448;13.924;0.433;3.37;16:10:47.000
232.26;67.87E-03;6.759;49.970;300;200E-03;15.762;14.240;0.429;3.35;16:10:48.000
232.16;67.51E-03;6.704;49.971;300;200E-03;15.673;14.166;0.428;3.36;16:10:49.000
232.15;67.32E-03;6.777;49.964;300;200E-03;15.629;14.083;0.434;3.32;16:10:50.000
232.22;66.78E-03;6.743;49.967;300;200E-03;15.508;13.965;0.435;3.35;16:10:51.000
232.16;67.36E-03;6.728;49.969;300;200E-03;15.638;14.117;0.430;3.35;16:10:52.000
232.13;67.14E-03;6.738;49.971;300;200E-03;15.585;14.053;0.432;3.37;16:10:53.000
232.18;66.67E-03;6.664;49.968;300;200E-03;15.478;13.970;0.431;3.37;16:10:54.000
232.22;66.45E-03;6.711;49.968;300;200E-03;15.431;13.895;0.435;3.37;16:10:55.000
232.25;62.67E-03;6.139;49.968;300;200E-03;14.556;13.199;0.422;3.35;16:10:56.000
232.14;61.75E-03;6.023;49.966;300;200E-03;14.335;13.008;0.420;3.39;16:10:57.000
232.04;66.68E-03;6.730;49.959;300;200E-03;15.471;13.931;0.435;3.37;16:10:58.000
231.98;67.16E-03;6.678;49.964;300;200E-03;15.579;14.075;0.429;3.38;16:10:59.000
232.08;68.25E-03;6.741;49.959;300;200E-03;15.839;14.333;0.426;3.35;16:11:00.000
232.12;66.75E-03;6.701;49.962;300;200E-03;15.493;13.969;0.432;3.33;16:11:01.000
232.19;66.76E-03;6.657;49.962;300;200E-03;15.501;13.998;0.429;3.32;16:11:02.000
232.06;66.49E-03;6.650;49.966;300;200E-03;15.429;13.923;0.431;3.36;16:11:03.000
232.22;66.13E-03;6.595;49.961;300;200E-03;15.358;13.869;0.429;3.32;16:11:04.000
232.17;66.60E-03;6.677;49.962;300;200E-03;15.462;13.946;0.432;3.35;16:11:05.000
232.21;62.91E-03;6.116;49.963;300;200E-03;14.609;13.267;0.419;3.35;16:11:06.000
232.27;61.22E-03;5.959;49.963;300;200E-03;14.220;12.912;0.419;3.32;16:11:07.000
232.20;61.32E-03;5.981;49.966;300;200E-03;14.238;12.921;0.420;3.31;16:11:08.000
232.17;61.40E-03;5.958;49.967;300;200E-03;14.255;12.950;0.418;3.37;16:11:09.000
232.17;60.67E-03;5.946;49.969;300;200E-03;14.086;12.769;0.422;3.35;16:11:10.000
232.21;61.28E-03;5.984;49.967;300;200E-03;14.230;12.911;0.421;3.36;16:11:11.000
232.20;62.38E-03;6.078;49.974;300;200E-03;14.484;13.148;0.420;3.39;16:11:12.000
232.24;61.40E-03;5.995;49.975;300;200E-03;14.260;12.939;0.420;3.37;16:11:13.000
232.26;66.60E-03;6.626;49.974;300;200E-03;15.468;13.976;0.428;3.40;16:11:14.000
232.28;60.05E-03;5.885;49.971;300;200E-03;13.947;12.645;0.422;3.41;16:11:15.000
232.30;61.15E-03;5.936;49.976;300;200E-03;14.205;12.905;0.418;3.38;16:11:16.000
232.18;60.78E-03;5.877;49.973;300;200E-03;14.112;12.830;0.416;3.34;16:11:17.000
232.43;61.38E-03;6.011;49.972;300;200E-03;14.267;12.939;0.421;3.37;16:11:18.000
232.35;61.63E-03;6.032;49.975;300;200E-03;14.320;12.987;0.421;3.37;16:11:19.000
232.31;61.34E-03;6.027;49.969;300;200E-03;14.249;12.912;0.423;3.35;16:11:20.000
232.40;66.16E-03;6.701;49.959;300;200E-03;15.377;13.840;0.436;3.39;16:11:21.000
232.38;66.77E-03;6.692;49.965;300;200E-03;15.516;13.998;0.431;3.36;16:11:22.000
232.44;66.96E-03;6.726;49.962;300;200E-03;15.564;14.036;0.432;3.37;16:11:23.000
232.40;64.42E-03;6.426;49.964;300;200E-03;14.971;13.522;0.429;3.37;16:11:24.000
232.33;66.63E-03;6.697;49.955;300;200E-03;15.481;13.958;0.433;3.37;16:11:25.000
232.44;67.29E-03;6.791;49.960;300;200E-03;15.642;14.091;0.434;3.38;16:11:26.000
232.45;66.95E-03;6.797;49.961;300;200E-03;15.561;13.998;0.437;3.35;16:11:27.000
232.33;67.32E-03;6.796;49.959;300;200E-03;15.640;14.086;0.435;3.33;16:11:28.000
232.30;67.45E-03;6.790;49.964;300;200E-03;15.668;14.120;0.433;3.33;16:11:29.000
232.32;67.11E-03;6.724;49.963;300;200E-03;15.591;14.066;0.431;3.38;16:11:30.000
232.31;67.68E-03;6.765;49.963;300;200E-03;15.722;14.192;0.430;3.31;16:11:31.000
232.43;67.24E-03;6.758;49.961;300;200E-03;15.629;14.092;0.432;3.31;16:11:32.000
232.40;68.25E-03;6.758;49.963;300;200E-03;15.862;14.351;0.426;3.32;16:11:33.000
232.32;66.72E-03;6.692;49.958;300;200E-03;15.501;13.982;0.432;3.33;16:11:34.000
232.28;67.28E-03;6.745;49.958;300;200E-03;15.628;14.097;0.432;3.33;16:11:35.000
232.45;64.05E-03;6.333;49.957;300;200E-03;14.888;13.474;0.425;3.33;16:11:36.000
232.46;62.90E-03;6.302;49.959;300;200E-03;14.621;13.193;0.431;3.30;16:11:37.000
232.38;67.16E-03;6.747;49.965;300;200E-03;15.606;14.072;0.432;3.39;16:11:38.000
232.41;67.10E-03;6.747;49.961;300;200E-03;15.596;14.061;0.433;3.39;16:11:39.000
232.26;66.58E-03;6.732;49.957;300;200E-03;15.463;13.921;0.435;3.35;16:11:40.000
232.28;67.57E-03;6.772;49.952;300;200E-03;15.695;14.158;0.432;3.40;16:11:41.000
232.35;67.43E-03;6.723;49.958;300;200E-03;15.668;14.152;0.429;3.41;16:11:42.000
232.42;67.56E-03;6.822;49.960;300;200E-03;15.703;14.143;0.434;3.39;16:11:43.000
232.23;66.85E-03;6.689;49.962;300;200E-03;15.525;14.011;0.431;3.38;16:11:44.000
232.36;67.18E-03;6.760;49.962;300;200E-03;15.610;14.070;0.433;3.38;16:11:45.000
232.49;67.64E-03;6.813;49.961;300;200E-03;15.724;14.172;0.433;3.40;16:11:46.000
232.31;66.52E-03;6.614;49.960;300;200E-03;15.453;13.966;0.428;3.37;16:11:47.000
232.44;66.32E-03;6.643;49.959;300;200E-03;15.415;13.911;0.431;3.36;16:11:48.000
232.36;67.06E-03;6.637;49.967;300;200E-03;15.582;14.097;0.426;3.38;16:11:49.000
232.43;63.03E-03;6.135;49.961;300;200E-03;14.651;13.304;0.419;3.41;16:11:50.000
232.39;68.22E-03;6.884;49.962;300;200E-03;15.854;14.282;0.434;3.43;16:11:51.000
232.46;67.24E-03;6.707;49.962;300;200E-03;15.631;14.119;0.429;3.41;16:11:52.000
232.40;66.75E-03;6.744;49.968;300;200E-03;15.512;13.969;0.435;3.40;16:11:53.000
232.34;65.54E-03;6.594;49.958;300;200E-03;15.228;13.726;0.433;3.42;16:11:54.000
232.42;66.74E-03;6.731;49.965;300;200E-03;15.512;13.976;0.434;3.45;16:11:55.000
232.45;68.18E-03;6.832;49.965;300;200E-03;15.849;14.301;0.431;3.42;16:11:56.000
232.56;67.60E-03;6.800;49.962;300;200E-03;15.721;14.174;0.433;3.42;16:11:57.000
232.46;66.59E-03;6.723;49.964;300;200E-03;15.480;13.944;0.434;3.41;16:11:58.000
232.43;67.36E-03;6.778;49.956;300;200E-03;15.657;14.114;0.433;3.41;16:11:59.000
232.34;67.38E-03;6.751;49.953;300;200E-03;15.655;14.124;0.431;3.37;16:12:00.000
232.39;70.14E-03;7.062;49.949;300;200E-03;16.300;14.691;0.433;3.34;16:12:01.000
232.47;70.31E-03;7.093;49.957;300;200E-03;16.345;14.725;0.434;3.36;16:12:02.000
232.47;65.13E-03;6.497;49.953;300;200E-03;15.141;13.676;0.429;3.38;16:12:03.000
232.54;64.25E-03;6.284;49.955;300;200E-03;14.940;13.554;0.421;3.38;16:12:04.000
232.68;65.24E-03;6.498;49.951;300;200E-03;15.180;13.719;0.428;3.40;16:12:05.000
232.65;65.69E-03;6.579;49.955;300;200E-03;15.284;13.795;0.430;3.36;16:12:06.000
232.44;67.04E-03;6.751;49.954;300;200E-03;15.582;14.044;0.433;3.37;16:12:07.000
232.53;60.58E-03;5.917;49.954;300;200E-03;14.087;12.784;0.420;3.40;16:12:08.000
232.60;60.72E-03;5.892;49.954;300;200E-03;14.124;12.836;0.417;3.33;16:12:09.000
232.58;60.70E-03;5.867;49.952;300;200E-03;14.117;12.840;0.416;3.37;16:12:10.000
232.66;61.79E-03;6.014;49.956;300;200E-03;14.377;13.059;0.418;3.35;16:12:11.000
232.72;61.95E-03;6.052;49.949;300;200E-03;14.418;13.086;0.420;3.34;16:12:12.000
232.58;60.59E-03;5.896;49.949;300;200E-03;14.091;12.798;0.418;3.36;16:12:13.000
232.60;61.30E-03;5.967;49.942;300;200E-03;14.258;12.950;0.418;3.36;16:12:14.000
232.61;61.25E-03;5.935;49.945;300;200E-03;14.246;12.951;0.417;3.34;16:12:15.000
232.46;60.57E-03;5.893;49.945;300;200E-03;14.081;12.788;0.419;3.38;16:12:16.000
232.51;61.50E-03;5.975;49.947;300;200E-03;14.298;12.990;0.418;3.34;16:12:17.000
232.53;68.46E-03;6.888;49.951;300;200E-03;15.920;14.353;0.433;3.37;16:12:18.000
232.50;62.18E-03;6.019;49.960;300;200E-03;14.457;13.144;0.416;3.33;16:12:19.000
232.59;61.39E-03;6.029;49.958;300;200E-03;14.279;12.943;0.422;3.32;16:12:20.000
232.69;60.98E-03;5.930;49.958;300;200E-03;14.190;12.891;0.418;3.34;16:12:21.000
232.66;64.78E-03;6.452;49.956;300;200E-03;15.072;13.622;0.428;3.31;16:12:22.000
232.58;67.61E-03;6.749;49.957;300;200E-03;15.725;14.204;0.429;3.31;16:12:23.000
232.46;68.35E-03;6.840;49.960;300;200E-03;15.888;14.340;0.431;3.34;16:12:24.000
232.31;67.11E-03;6.743;49.960;300;200E-03;15.590;14.056;0.433;3.32;16:12:25.000
232.37;67.28E-03;6.790;49.955;300;200E-03;15.634;14.082;0.434;3.29;16:12:26.000
232.55;67.89E-03;6.851;49.951;300;200E-03;15.787;14.223;0.434;3.31;16:12:27.000
232.47;67.92E-03;6.759;49.953;300;200E-03;15.791;14.271;0.428;3.31;16:12:28.000
232.48;66.59E-03;6.689;49.961;300;200E-03;15.480;13.961;0.432;3.33;16:12:29.000
232.53;67.12E-03;6.798;49.949;300;200E-03;15.607;14.048;0.436;3.36;16:12:30.000
232.41;66.73E-03;6.736;49.959;300;200E-03;15.509;13.970;0.434;3.35;16:12:31.000
232.40;65.60E-03;6.563;49.960;300;200E-03;15.246;13.761;0.430;3.30;16:12:32.000
232.46;66.36E-03;6.662;49.958;300;200E-03;15.426;13.913;0.432;3.37;16:12:33.000
232.50;66.44E-03;6.733;49.962;300;200E-03;15.447;13.902;0.436;3.34;16:12:34.000
232.47;66.81E-03;6.771;49.957;300;200E-03;15.531;13.977;0.436;3.35;16:12:35.000
232.58;66.86E-03;6.754;49.957;300;200E-03;15.551;14.008;0.434;3.29;16:12:36.000
232.58;66.35E-03;6.716;49.950;300;200E-03;15.432;13.894;0.435;3.34;16:12:37.000
232.57;66.13E-03;6.676;49.956;300;200E-03;15.380;13.856;0.434;3.34;16:12:38.000
232.53;67.49E-03;6.776;49.957;300;200E-03;15.694;14.156;0.432;3.38;16:12:39.000
232.39;66.68E-03;6.753;49.954;300;200E-03;15.495;13.946;0.436;3.33;16:12:40.000
232.48;67.24E-03;6.814;49.954;300;200E-03;15.633;14.070;0.436;3.36;16:12:41.000
232.49;66.54E-03;6.728;49.954;300;200E-03;15.471;13.931;0.435;3.35;16:12:42.000
232.56;67.44E-03;6.776;49.951;300;200E-03;15.683;14.144;0.432;3.32;16:12:43.000
232.50;66.95E-03;6.691;49.955;300;200E-03;15.567;14.056;0.430;3.32;16:12:44.000
232.47;66.02E-03;6.666;49.955;300;200E-03;15.347;13.823;0.434;3.33;16:12:45.000
232.46;62.80E-03;6.221;49.953;300;200E-03;14.600;13.208;0.426;3.31;16:12:46.000
232.44;65.50E-03;6.474;49.956;300;200E-03;15.224;13.779;0.425;3.34;16:12:47.000
232.49;67.41E-03;6.781;49.954;300;200E-03;15.673;14.130;0.433;3.33;16:12:48.000
232.45;68.21E-03;6.866;49.958;300;200E-03;15.856;14.293;0.433;3.29;16:12:49.000
232.53;67.00E-03;6.791;49.957;300;200E-03;15.580;14.022;0.436;3.29;16:12:50.000
232.54;67.52E-03;6.821;49.966;300;200E-03;15.700;14.141;0.434;3.29;16:12:51.000
232.42;67.82E-03;6.779;49.961;300;200E-03;15.764;14.232;0.430;3.34;16:12:52.000
232.53;67.69E-03;6.830;49.960;300;200E-03;15.739;14.180;0.434;3.33;16:12:53.000
232.53;67.41E-03;6.777;49.961;300;200E-03;15.674;14.133;0.432;3.33;16:12:54.000
232.47;66.55E-03;6.668;49.965;300;200E-03;15.471;13.960;0.431;3.30;16:12:55.000
232.49;67.06E-03;6.755;49.967;300;200E-03;15.590;14.051;0.433;3.34;16:12:56.000
232.42;67.26E-03;6.733;49.964;300;200E-03;15.632;14.108;0.431;3.34;16:12:57.000
232.52;66.70E-03;6.741;49.965;300;200E-03;15.510;13.968;0.435;3.32;16:12:58.000
232.54;65.06E-03;6.513;49.966;300;200E-03;15.128;13.654;0.431;3.35;16:12:59.000
232.47;62.52E-03;6.074;49.966;300;200E-03;14.534;13.204;0.418;3.34;16:13:00.000
232.51;60.66E-03;5.980;49.963;300;200E-03;14.104;12.774;0.424;3.31;16:13:01.000
232.48;61.55E-03;6.072;49.965;300;200E-03;14.309;12.956;0.424;3.34;16:13:02.000
232.46;60.59E-03;5.950;49.962;300;200E-03;14.084;12.765;0.422;3.35;16:13:03.000
232.53;59.37E-03;5.884;49.963;300;200E-03;13.804;12.488;0.426;3.34;16:13:04.000
232.58;59.47E-03;5.867;49.960;300;200E-03;13.832;12.526;0.424;3.32;16:13:05.000
232.55;59.84E-03;5.973;49.959;300;200E-03;13.915;12.568;0.429;3.27;16:13:06.000
232.61;59.79E-03;5.910;49.956;300;200E-03;13.907;12.589;0.425;3.29;16:13:07.000
232.52;59.76E-03;5.857;49.955;300;200E-03;13.895;12.600;0.422;3.26;16:13:08.000
232.50;60.03E-03;5.876;49.951;300;200E-03;13.957;12.660;0.421;3.26;16:13:09.000
232.55;60.63E-03;5.986;49.954;300;200E-03;14.098;12.765;0.425;3.28;16:13:10.000
232.63;60.28E-03;5.960;49.957;300;200E-03;14.024;12.694;0.425;3.30;16:13:11.000
232.57;60.87E-03;5.916;49.955;300;200E-03;14.156;12.861;0.418;3.32;16:13:12.000
232.58;59.72E-03;5.825;49.952;300;200E-03;13.889;12.609;0.419;3.32;16:13:13.000
232.49;66.90E-03;6.697;49.952;300;200E-03;15.553;14.038;0.431;3.37;16:13:14.000
232.54;67.43E-03;6.707;49.954;300;200E-03;15.681;14.174;0.428;3.32;16:13:15.000
232.59;67.27E-03;6.699;49.955;300;200E-03;15.647;14.140;0.428;3.29;16:13:16.000
232.55;66.97E-03;6.795;49.953;300;200E-03;15.575;14.015;0.436;3.32;16:13:17.000
232.50;67.08E-03;6.789;49.952;300;200E-03;15.597;14.042;0.435;3.31;16:13:18.000
232.67;66.77E-03;6.759;49.948;300;200E-03;15.536;13.989;0.435;3.31;16:13:19.000
232.53;65.93E-03;6.663;49.946;300;200E-03;15.331;13.808;0.435;3.32;16:13:20.000
232.59;66.95E-03;6.779;49.953;300;200E-03;15.571;14.017;0.435;3.31;16:13:21.000
232.49;66.13E-03;6.711;49.951;300;200E-03;15.373;13.831;0.437;3.32;16:13:22.000
232.38;65.63E-03;6.704;49.958;300;200E-03;15.251;13.698;0.440;3.30;16:13:23.000
232.39;66.37E-03;6.722;49.955;300;200E-03;15.423;13.881;0.436;3.33;16:13:24.000
232.60;62.57E-03;6.377;49.955;300;200E-03;14.554;13.083;0.438;3.33;16:13:25.000
232.51;61.01E-03;6.113;49.956;300;200E-03;14.185;12.800;0.431;3.33;16:13:26.000
232.45;65.81E-03;6.683;49.951;300;200E-03;15.298;13.761;0.437;3.32;16:13:27.000
232.43;66.50E-03;6.771;49.956;300;200E-03;15.457;13.894;0.438;3.36;16:13:28.000
232.36;66.09E-03;6.731;49.957;300;200E-03;15.356;13.802;0.438;3.34;16:13:29.000
232.24;66.83E-03;6.720;49.959;300;200E-03;15.522;13.991;0.433;3.36;16:13:30.000
232.38;66.40E-03;6.767;49.957;300;200E-03;15.429;13.866;0.439;3.32;16:13:31.000
232.31;67.88E-03;6.766;49.959;300;200E-03;15.770;14.245;0.429;3.34;16:13:32.000
232.30;66.08E-03;6.756;49.967;300;200E-03;15.350;13.783;0.440;3.34;16:13:33.000
232.27;66.38E-03;6.780;49.965;300;200E-03;15.418;13.847;0.440;3.32;16:13:34.000
232.38;66.09E-03;6.700;49.962;300;200E-03;15.359;13.820;0.436;3.35;16:13:35.000
232.42;66.30E-03;6.805;49.960;300;200E-03;15.410;13.826;0.442;3.30;16:13:36.000
232.43;66.62E-03;6.853;49.964;300;200E-03;15.485;13.887;0.443;3.27;16:13:37.000
232.38;66.52E-03;6.789;49.959;300;200E-03;15.459;13.888;0.439;3.30;16:13:38.000
232.34;61.29E-03;6.096;49.959;300;200E-03;14.241;12.870;0.428;3.34;16:13:39.000
232.26;65.91E-03;6.705;49.963;300;200E-03;15.308;13.762;0.438;3.31;16:13:40.000
232.23;66.97E-03;6.821;49.959;300;200E-03;15.552;13.976;0.439;3.33;16:13:41.000
232.31;58.82E-03;5.852;49.962;300;200E-03;13.664;12.347;0.428;3.31;16:13:42.000
232.36;59.88E-03;5.934;49.964;300;200E-03;13.914;12.585;0.426;3.29;16:13:43.000
232.34;59.44E-03;5.972;49.964;300;200E-03;13.811;12.453;0.432;3.25;16:13:44.000
232.33;59.96E-03;5.921;49.959;300;200E-03;13.931;12.610;0.425;3.27;16:13:45.000
232.33;60.61E-03;5.980;49.958;300;200E-03;14.081;12.749;0.425;3.24;16:13:46.000
232.32;61.32E-03;5.998;49.957;300;200E-03;14.246;12.922;0.421;3.23;16:13:47.000
232.37;60.72E-03;5.952;49.956;300;200E-03;14.109;12.792;0.422;3.17;16:13:48.000
232.32;61.49E-03;6.007;49.960;300;200E-03;14.286;12.961;0.421;3.23;16:13:49.000
232.34;61.61E-03;6.065;49.957;300;200E-03;14.313;12.965;0.424;3.25;16:13:50.000
232.37;66.88E-03;6.731;49.953;300;200E-03;15.542;14.009;0.433;3.22;16:13:51.000
232.28;60.84E-03;5.989;49.953;300;200E-03;14.131;12.799;0.424;3.23;16:13:52.000
232.39;61.04E-03;6.021;49.954;300;200E-03;14.185;12.844;0.424;3.26;16:13:53.000
232.46;58.84E-03;5.872;49.951;300;200E-03;13.678;12.354;0.429;3.29;16:13:54.000
232.54;66.13E-03;6.725;49.956;300;200E-03;15.378;13.830;0.437;3.26;16:13:55.000
232.54;67.00E-03;6.693;49.955;300;200E-03;15.580;14.069;0.430;3.31;16:13:56.000
232.69;65.79E-03;6.675;49.955;300;200E-03;15.308;13.775;0.436;3.28;16:13:57.000
232.63;67.62E-03;6.817;49.953;300;200E-03;15.731;14.178;0.433;3.31;16:13:58.000
232.66;67.13E-03;6.748;49.955;300;200E-03;15.617;14.084;0.432;3.32;16:13:59.000
232.58;67.15E-03;6.765;49.955;300;200E-03;15.618;14.077;0.433;3.31;16:14:00.000
232.60;65.91E-03;6.696;49.950;300;200E-03;15.330;13.790;0.437;3.34;16:14:01.000
232.63;69.74E-03;7.141;49.952;300;200E-03;16.223;14.566;0.440;3.34;16:14:02.000
232.70;68.66E-03;7.039;49.949;300;200E-03;15.978;14.344;0.441;3.29;16:14:03.000
232.62;60.89E-03;6.064;49.949;300;200E-03;14.163;12.800;0.428;3.29;16:14:04.000
232.57;66.31E-03;6.683;49.955;300;200E-03;15.421;13.898;0.433;3.34;16:14:05.000
232.65;66.33E-03;6.725;49.958;300;200E-03;15.432;13.890;0.436;3.34;16:14:06.000
232.62;65.71E-03;6.732;49.953;300;200E-03;15.285;13.722;0.440;3.33;16:14:07.000
232.69;66.93E-03;6.759;49.956;300;200E-03;15.574;14.031;0.434;3.32;16:14:08.000
232.66;66.48E-03;6.780;49.958;300;200E-03;15.467;13.902;0.438;3.32;16:14:09.000
232.77;65.99E-03;6.722;49.956;300;200E-03;15.361;13.812;0.438;3.35;16:14:10.000
232.64;66.14E-03;6.713;49.955;300;200E-03;15.387;13.846;0.436;3.30;16:14:11.000
232.54;67.10E-03;6.749;49.955;300;200E-03;15.604;14.069;0.433;3.30;16:14:12.000
232.57;66.69E-03;6.727;49.955;300;200E-03;15.511;13.976;0.434;3.35;16:14:13.000
232.62;67.29E-03;6.803;49.954;300;200E-03;15.652;14.096;0.435;3.32;16:14:14.000
232.62;67.19E-03;6.775;49.954;300;200E-03;15.630;14.086;0.433;3.32;16:14:15.000
232.67;68.57E-03;6.861;49.953;300;200E-03;15.954;14.403;0.430;3.32;16:14:16.000
232.62;67.12E-03;6.767;49.953;300;200E-03;15.613;14.071;0.433;3.32;16:14:17.000
232.62;60.80E-03;6.010;49.949;300;200E-03;14.143;12.802;0.425;3.31;16:14:18.000
232.47;62.27E-03;6.105;49.958;300;200E-03;14.476;13.125;0.422;3.33;16:14:19.000
232.44;60.70E-03;6.004;49.953;300;200E-03;14.110;12.769;0.425;3.31;16:14:20.000
232.49;60.65E-03;5.982;49.954;300;200E-03;14.100;12.768;0.424;3.33;16:14:21.000
232.56;60.78E-03;5.994;49.960;300;200E-03;14.134;12.800;0.424;3.34;16:14:22.000
232.59;60.77E-03;5.945;49.960;300;200E-03;14.134;12.823;0.421;3.35;16:14:23.000
232.53;60.22E-03;5.980;49.961;300;200E-03;14.003;12.663;0.427;3.33;16:14:24.000
232.44;59.92E-03;5.885;49.968;300;200E-03;13.928;12.623;0.423;3.36;16:14:25.000
232.47;62.23E-03;6.051;49.970;300;200E-03;14.467;13.141;0.418;3.39;16:14:26.000
232.46;60.97E-03;5.950;49.970;300;200E-03;14.173;12.864;0.420;3.38;16:14:27.000
232.45;61.77E-03;6.045;49.971;300;200E-03;14.360;13.025;0.421;3.36;16:14:28.000
232.42;60.26E-03;5.944;49.975;300;200E-03;14.005;12.681;0.424;3.39;16:14:29.000
232.46;59.85E-03;5.897;49.979;300;200E-03;13.913;12.601;0.424;3.37;16:14:30.000
232.47;65.83E-03;6.621;49.972;300;200E-03;15.305;13.798;0.433;3.38;16:14:31.000
232.50;60.63E-03;5.966;49.971;300;200E-03;14.097;12.773;0.423;3.41;16:14:32.000
232.45;62.13E-03;6.070;49.970;300;200E-03;14.442;13.104;0.420;3.42;16:14:33.000
232.43;65.79E-03;6.669;49.972;300;200E-03;15.291;13.760;0.436;3.42;16:14:34.000
232.42;67.55E-03;6.836;49.973;300;200E-03;15.700;14.134;0.435;3.41;16:14:35.000
232.52;67.65E-03;6.779;49.973;300;200E-03;15.729;14.193;0.431;3.39;16:14:36.000
232.57;67.33E-03;6.761;49.972;300;200E-03;15.658;14.123;0.432;3.43;16:14:37.000
232.61;67.19E-03;6.751;49.972;300;200E-03;15.629;14.096;0.432;3.39;16:14:38.000
232.53;67.07E-03;6.772;49.976;300;200E-03;15.597;14.050;0.434;3.38;16:14:39.000
232.47;67.37E-03;6.823;49.975;300;200E-03;15.662;14.097;0.436;3.38;16:14:40.000
232.46;66.59E-03;6.735;49.973;300;200E-03;15.478;13.936;0.435;3.36;16:14:41.000
232.51;66.91E-03;6.716;49.968;300;200E-03;15.558;14.034;0.432;3.36;16:14:42.000
232.50;67.06E-03;6.771;49.976;300;200E-03;15.591;14.044;0.434;3.40;16:14:43.000
232.51;66.96E-03;6.658;49.966;300;200E-03;15.569;14.074;0.428;3.42;16:14:44.000
232.45;67.58E-03;6.828;49.969;300;200E-03;15.710;14.148;0.435;3.43;16:14:45.000
232.48;60.78E-03;6.015;49.975;300;200E-03;14.131;12.787;0.426;3.41;16:14:46.000
232.45;59.79E-03;5.830;49.972;300;200E-03;13.899;12.617;0.419;3.44;16:14:47.000
232.52;60.99E-03;5.959;49.971;300;200E-03;14.182;12.869;0.420;3.42;16:14:48.000
232.48;60.15E-03;5.869;49.977;300;200E-03;13.984;12.693;0.420;3.38;16:14:49.000
232.48;60.29E-03;5.838;49.972;300;200E-03;14.016;12.743;0.416;3.37;16:14:50.000
232.62;60.16E-03;5.890;49.970;300;200E-03;13.995;12.695;0.421;3.37;16:14:51.000
232.55;60.17E-03;5.877;49.971;300;200E-03;13.993;12.700;0.420;3.40;16:14:52.000
232.56;59.68E-03;5.821;49.968;300;200E-03;13.879;12.599;0.419;3.38;16:14:53.000
232.59;60.24E-03;5.935;49.972;300;200E-03;14.011;12.692;0.424;3.34;16:14:54.000
232.66;61.20E-03;6.054;49.973;300;200E-03;14.238;12.887;0.425;3.34;16:14:55.000
232.48;60.65E-03;5.996;49.976;300;200E-03;14.100;12.762;0.425;3.38;16:14:56.000
232.64;60.54E-03;5.924;49.976;300;200E-03;14.085;12.779;0.421;3.32;16:14:57.000
232.66;59.92E-03;5.895;49.987;300;200E-03;13.942;12.634;0.423;3.28;16:14:58.000
232.57;63.51E-03;6.275;49.978;300;200E-03;14.771;13.372;0.425;3.40;16:14:59.000
232.54;66.56E-03;6.623;49.991;300;200E-03;15.477;13.989;0.428;3.33;16:15:00.000
232.56;66.85E-03;6.726;49.984;300;200E-03;15.546;14.015;0.433;3.29;16:15:01.000
232.50;65.88E-03;6.589;49.987;300;200E-03;15.317;13.828;0.430;3.36;16:15:02.000
232.70;67.69E-03;6.800;49.987;300;200E-03;15.750;14.207;0.432;3.41;16:15:03.000
232.64;67.26E-03;6.710;49.984;300;200E-03;15.646;14.134;0.429;3.35;16:15:04.000
232.72;67.99E-03;6.833;49.979;300;200E-03;15.822;14.271;0.432;3.34;16:15:05.000
232.56;67.32E-03;6.727;49.979;300;200E-03;15.655;14.136;0.430;3.37;16:15:06.000
232.55;67.19E-03;6.740;49.977;300;200E-03;15.624;14.096;0.431;3.33;16:15:07.000
232.48;67.04E-03;6.687;49.984;300;200E-03;15.586;14.079;0.429;3.28;16:15:08.000
232.47;67.10E-03;6.787;49.978;300;200E-03;15.599;14.045;0.435;3.36;16:15:09.000
232.43;64.51E-03;6.441;49.974;300;200E-03;14.995;13.541;0.430;3.37;16:15:10.000
232.46;66.02E-03;6.649;49.972;300;200E-03;15.347;13.832;0.433;3.36;16:15:11.000
232.42;66.53E-03;6.715;49.969;300;200E-03;15.464;13.930;0.434;3.35;16:15:12.000
232.48;67.19E-03;6.753;49.972;300;200E-03;15.621;14.086;0.432;3.35;16:15:13.000
232.44;66.66E-03;6.742;49.978;300;200E-03;15.495;13.952;0.435;3.35;16:15:14.000
232.54;66.94E-03;6.746;49.983;300;200E-03;15.566;14.028;0.433;3.41;16:15:15.000
232.42;66.72E-03;6.740;49.975;300;200E-03;15.507;13.965;0.435;3.37;16:15:16.000
232.43;67.23E-03;6.808;49.975;300;200E-03;15.626;14.066;0.436;3.28;16:15:17.000
232.45;67.36E-03;6.759;49.982;300;200E-03;15.657;14.123;0.432;3.32;16:15:18.000
232.39;66.57E-03;6.722;49.985;300;200E-03;15.470;13.933;0.435;3.35;16:15:19.000
232.31;68.30E-03;6.757;49.984;300;200E-03;15.867;14.356;0.426;3.41;16:15:20.000
232.43;67.16E-03;6.757;49.984;300;200E-03;15.609;14.071;0.433;3.39;16:15:21.000
232.41;67.07E-03;6.731;49.983;300;200E-03;15.587;14.059;0.432;3.36;16:15:22.000
232.32;65.88E-03;6.572;49.992;300;200E-03;15.305;13.822;0.429;3.47;16:15:23.000
232.33;63.56E-03;6.223;49.992;300;200E-03;14.767;13.391;0.421;3.38;16:15:24.000
232.35;67.64E-03;6.842;49.986;300;200E-03;15.716;14.148;0.435;3.29;16:15:25.000
232.39;66.98E-03;6.756;49.996;300;200E-03;15.565;14.022;0.434;3.35;16:15:26.000
232.37;66.97E-03;6.802;49.993;300;200E-03;15.562;13.997;0.437;3.37;16:15:27.000
232.40;67.02E-03;6.750;49.991;300;200E-03;15.575;14.037;0.433;3.25;16:15:28.000
232.42;67.73E-03;6.872;50.001;300;200E-03;15.742;14.163;0.437;3.37;16:15:29.000
232.34;66.63E-03;6.744;50.000;300;200E-03;15.481;13.934;0.436;3.37;16:15:30.000
232.45;67.37E-03;6.821;50.000;300;200E-03;15.660;14.096;0.436;3.32;16:15:31.000
232.43;66.10E-03;6.659;50.002;300;200E-03;15.363;13.845;0.433;3.43;16:15:32.000
232.62;67.25E-03;6.829;50.008;300;200E-03;15.643;14.073;0.437;3.45;16:15:33.000
232.54;66.33E-03;6.683;50.007;300;200E-03;15.424;13.901;0.433;3.35;16:15:34.000
232.53;66.57E-03;6.700;50.002;300;200E-03;15.478;13.953;0.433;3.40;16:15:35.000
232.42;66.59E-03;6.670;50.006;300;200E-03;15.477;13.966;0.431;3.40;16:15:36.000
232.35;68.05E-03;6.775;50.001;300;200E-03;15.812;14.287;0.428;3.43;16:15:37.000
232.45;66.58E-03;6.689;50.001;300;200E-03;15.475;13.955;0.432;3.39;16:15:38.000
232.41;65.33E-03;6.494;50.008;300;200E-03;15.183;13.724;0.428;3.44;16:15:39.000
232.43;67.38E-03;6.707;49.998;300;200E-03;15.661;14.152;0.428;3.39;16:15:40.000
232.54;66.75E-03;6.709;50.003;300;200E-03;15.521;13.997;0.432;3.36;16:15:41.000
232.63;67.12E-03;6.693;49.999;300;200E-03;15.613;14.106;0.429;3.38;16:15:42.000
232.57;66.35E-03;6.645;49.997;300;200E-03;15.430;13.926;0.431;3.38;16:15:43.000
232.46;59.93E-03;5.828;49.997;300;200E-03;13.933;12.655;0.418;3.41;16:15:44.000
232.37;61.87E-03;6.020;49.995;300;200E-03;14.376;13.055;0.419;3.42;16:15:45.000
232.42;61.78E-03;6.038;50.000;300;200E-03;14.359;13.027;0.421;3.39;16:15:46.000
232.46;61.59E-03;6.054;50.002;300;200E-03;14.318;12.974;0.423;3.40;16:15:47.000
232.53;61.08E-03;6.025;50.000;300;200E-03;14.203;12.861;0.424;3.41;16:15:48.000
232.48;61.65E-03;6.072;49.995;300;200E-03;14.332;12.982;0.424;3.32;16:15:49.000
232.44;61.11E-03;5.976;50.000;300;200E-03;14.204;12.885;0.421;3.41;16:15:50.000
232.43;61.47E-03;6.050;50.001;300;200E-03;14.288;12.944;0.423;3.41;16:15:51.000
232.44;61.06E-03;6.029;50.006;300;200E-03;14.193;12.848;0.425;3.39;16:15:52.000
232.33;61.86E-03;6.065;50.005;300;200E-03;14.371;13.029;0.422;3.42;16:15:53.000
232.46;62.00E-03;6.003;50.006;300;200E-03;14.412;13.102;0.417;3.42;16:15:54.000
232.47;61.35E-03;5.991;49.996;300;200E-03;14.262;12.942;0.420;3.33;16:15:55.000
232.55;61.12E-03;6.026;49.999;300;200E-03;14.213;12.872;0.424;3.46;16:15:56.000
232.56;63.29E-03;6.336;50.006;300;200E-03;14.719;13.285;0.430;3.47;16:15:57.000
232.55;66.43E-03;6.677;49.993;300;200E-03;15.449;13.931;0.432;3.45;16:15:58.000
232.51;67.05E-03;6.716;49.993;300;200E-03;15.589;14.068;0.431;3.48;16:15:59.000
232.52;67.84E-03;6.820;50.003;300;200E-03;15.774;14.223;0.432;3.53;16:16:00.000
232.59;67.77E-03;6.803;49.987;300;200E-03;15.763;14.220;0.432;3.46;16:16:01.000
232.64;67.96E-03;6.753;49.991;300;200E-03;15.810;14.295;0.427;3.46;16:16:02.000
232.64;70.80E-03;7.105;49.993;300;200E-03;16.471;14.860;0.431;3.47;16:16:03.000
232.60;69.83E-03;7.097;49.992;300;200E-03;16.242;14.610;0.437;3.46;16:16:04.000
232.63;65.08E-03;6.387;49.995;300;200E-03;15.140;13.727;0.422;3.47;16:16:05.000
232.55;67.91E-03;6.651;49.995;300;200E-03;15.792;14.323;0.421;3.51;16:16:06.000
232.51;67.20E-03;6.600;49.993;300;200E-03;15.625;14.163;0.422;3.49;16:16:07.000
232.55;68.37E-03;6.749;49.991;300;200E-03;15.899;14.396;0.424;3.48;16:16:08.000
232.49;68.20E-03;6.785;49.993;300;200E-03;15.855;14.330;0.428;3.50;16:16:09.000
232.51;66.45E-03;6.654;49.993;300;200E-03;15.450;13.944;0.431;3.47;16:16:10.000
232.46;67.67E-03;6.792;49.994;300;200E-03;15.730;14.188;0.432;3.48;16:16:11.000
232.50;68.76E-03;6.845;49.996;300;200E-03;15.986;14.446;0.428;3.45;16:16:12.000
232.52;67.11E-03;6.665;49.996;300;200E-03;15.606;14.110;0.427;3.46;16:16:13.000
232.58;67.40E-03;6.786;49.998;300;200E-03;15.677;14.132;0.433;3.45;16:16:14.000
232.61;67.25E-03;6.725;49.996;300;200E-03;15.644;14.125;0.430;3.45;16:16:15.000
232.62;61.36E-03;6.035;49.993;300;200E-03;14.274;12.936;0.423;3.44;16:16:16.000
232.57;62.10E-03;6.060;49.990;300;200E-03;14.442;13.109;0.420;3.42;16:16:17.000
232.50;61.58E-03;5.969;49.988;300;200E-03;14.317;13.014;0.417;3.42;16:16:18.000
232.49;61.32E-03;5.979;49.990;300;200E-03;14.257;12.942;0.419;3.44;16:16:19.000
232.49;61.22E-03;5.851;49.986;300;200E-03;14.232;12.974;0.411;3.45;16:16:20.000
232.41;60.30E-03;5.854;49.986;300;200E-03;14.014;12.733;0.418;3.35;16:16:21.000
232.42;61.12E-03;5.915;49.983;300;200E-03;14.205;12.915;0.416;3.38;16:16:22.000
232.50;60.86E-03;5.898;49.990;300;200E-03;14.150;12.862;0.417;3.48;16:16:23.000
232.43;62.19E-03;6.119;49.980;300;200E-03;14.454;13.095;0.423;3.40;16:16:24.000
232.53;60.96E-03;5.963;49.982;300;200E-03;14.175;12.859;0.421;3.40;16:16:25.000
232.45;60.78E-03;5.922;49.980;300;200E-03;14.129;12.827;0.419;3.42;16:16:26.000
232.50;61.54E-03;6.009;49.992;300;200E-03;14.307;12.984;0.420;3.51;16:16:27.000
232.50;69.26E-03;6.929;49.977;300;200E-03;16.102;14.535;0.430;3.41;16:16:28.000
232.58;64.41E-03;6.339;49.982;300;200E-03;14.980;13.573;0.423;3.40;16:16:29.000
232.53;64.89E-03;6.304;49.983;300;200E-03;15.088;13.708;0.418;3.39;16:16:30.000
232.64;67.64E-03;6.747;49.985;300;200E-03;15.735;14.215;0.429;3.39;16:16:31.000
232.57;67.27E-03;6.689;49.984;300;200E-03;15.644;14.142;0.428;3.41;16:16:32.000
232.47;67.40E-03;6.718;49.984;300;200E-03;15.668;14.154;0.429;3.43;16:16:33.000
232.52;66.94E-03;6.661;49.985;300;200E-03;15.564;14.067;0.428;3.40;16:16:34.000
232.60;67.51E-03;6.774;49.982;300;200E-03;15.703;14.167;0.431;3.41;16:16:35.000
232.58;68.51E-03;6.786;49.986;300;200E-03;15.933;14.416;0.426;3.37;16:16:36.000
232.46;67.39E-03;6.683;49.982;300;200E-03;15.665;14.167;0.427;3.40;16:16:37.000
232.71;68.30E-03;6.843;49.987;300;200E-03;15.895;14.346;0.431;3.39;16:16:38.000
232.73;66.97E-03;6.619;49.997;300;200E-03;15.586;14.111;0.425;3.48;16:16:39.000
232.69;67.75E-03;6.737;49.991;300;200E-03;15.766;14.254;0.427;3.41;16:16:40.000
232.77;67.95E-03;6.794;49.991;300;200E-03;15.817;14.283;0.430;3.38;16:16:41.000
232.72;67.34E-03;6.765;49.995;300;200E-03;15.671;14.136;0.432;3.40;16:16:42.000
232.67;66.79E-03;6.648;49.996;300;200E-03;15.540;14.046;0.428;3.41;16:16:43.000
232.61;60.41E-03;5.912;49.997;300;200E-03;14.051;12.747;0.421;3.37;16:16:44.000
232.59;60.62E-03;5.943;50.004;300;200E-03;14.100;12.786;0.422;3.42;16:16:45.000
232.71;61.31E-03;5.999;49.993;300;200E-03;14.269;12.946;0.420;3.40;16:16:46.000
232.61;61.51E-03;5.924;49.998;300;200E-03;14.308;13.024;0.414;3.36;16:16:47.000
232.70;61.30E-03;5.981;49.994;300;200E-03;14.265;12.950;0.419;3.39;16:16:48.000
232.67;60.21E-03;5.945;50.001;300;200E-03;14.010;12.686;0.424;3.44;16:16:49.000
232.65;61.40E-03;6.032;49.984;300;200E-03;14.284;12.948;0.422;3.42;16:16:50.000
232.63;60.85E-03;5.979;49.988;300;200E-03;14.156;12.832;0.422;3.39;16:16:51.000
232.61;60.94E-03;6.038;49.993;300;200E-03;14.176;12.826;0.426;3.49;16:16:52.000
232.58;61.61E-03;6.031;49.989;300;200E-03;14.330;12.999;0.421;3.43;16:16:53.000
232.58;62.18E-03;6.046;49.989;300;200E-03;14.462;13.137;0.418;3.39;16:16:54.000
232.61;60.01E-03;5.889;49.990;300;200E-03;13.958;12.655;0.422;3.41;16:16:55.000
232.64;60.17E-03;5.819;49.983;300;200E-03;13.997;12.731;0.416;3.40;16:16:56.000
232.56;62.20E-03;6.059;49.985;300;200E-03;14.466;13.136;0.419;3.47;16:16:57.000
232.56;64.45E-03;6.376;49.990;300;200E-03;14.987;13.563;0.425;3.41;16:16:58.000
232.47;72.79E-03;7.251;49.987;300;200E-03;16.922;15.289;0.429;3.40;16:16:59.000
232.50;68.01E-03;6.799;49.988;300;200E-03;15.813;14.277;0.430;3.37;16:17:00.000
232.57;67.82E-03;6.802;49.982;300;200E-03;15.774;14.232;0.431;3.42;16:17:01.000
232.51;68.07E-03;6.804;49.988;300;200E-03;15.828;14.290;0.430;3.42;16:17:02.000
232.59;67.76E-03;6.775;49.993;300;200E-03;15.761;14.230;0.430;3.33;16:17:03.000
232.42;67.51E-03;6.784;49.983;300;200E-03;15.690;14.147;0.432;3.39;16:17:04.000
232.36;67.86E-03;6.746;49.983;300;200E-03;15.769;14.252;0.428;3.51;16:17:05.000
232.46;68.21E-03;6.753;49.990;300;200E-03;15.855;14.345;0.426;3.40;16:17:06.000
232.56;67.09E-03;6.768;49.984;300;200E-03;15.604;14.059;0.434;3.40;16:17:07.000
232.59;67.27E-03;6.771;49.983;300;200E-03;15.647;14.106;0.433;3.42;16:17:08.000
232.56;67.88E-03;6.776;49.975;300;200E-03;15.787;14.259;0.429;3.47;16:17:09.000
232.52;67.22E-03;6.687;49.988;300;200E-03;15.630;14.127;0.428;3.38;16:17:10.000
232.40;64.30E-03;6.347;49.986;300;200E-03;14.943;13.529;0.425;3.36;16:17:11.000
232.40;66.29E-03;6.655;49.983;300;200E-03;15.406;13.894;0.432;3.42;16:17:12.000
232.38;67.43E-03;6.745;49.978;300;200E-03;15.670;14.144;0.430;3.47;16:17:13.000
232.47;68.53E-03;6.872;49.983;300;200E-03;15.930;14.372;0.431;3.38;16:17:14.000
232.51;68.22E-03;6.844;49.984;300;200E-03;15.862;14.310;0.431;3.40;16:17:15.000
232.45;67.48E-03;6.728;49.989;300;200E-03;15.686;14.169;0.429;3.40;16:17:16.000
232.41;67.35E-03;6.737;49.994;300;200E-03;15.653;14.130;0.430;3.39;16:17:17.000
232.46;60.38E-03;5.922;49.988;300;200E-03;14.035;12.724;0.422;3.39;16:17:18.000
232.30;60.67E-03;5.942;49.990;300;200E-03;14.095;12.781;0.422;3.44;16:17:19.000
232.52;61.32E-03;6.003;49.992;300;200E-03;14.258;12.933;0.421;3.42;16:17:20.000
232.41;60.67E-03;5.991;49.995;300;200E-03;14.101;12.765;0.425;3.43;16:17:21.000
232.39;61.33E-03;5.991;49.999;300;200E-03;14.252;12.932;0.420;3.44;16:17:22.000
232.48;60.63E-03;5.967;49.996;300;200E-03;14.096;12.770;0.423;3.42;16:17:23.000
232.50;61.55E-03;6.074;49.993;300;200E-03;14.312;12.959;0.424;3.39;16:17:24.000
232.56;61.08E-03;6.006;49.998;300;200E-03;14.206;12.874;0.423;3.41;16:17:25.000
232.66;61.21E-03;6.050;50.000;300;200E-03;14.242;12.893;0.425;3.45;16:17:26.000
232.56;61.54E-03;6.012;49.994;300;200E-03;14.311;12.987;0.420;3.41;16:17:27.000
232.58;61.16E-03;6.039;50.001;300;200E-03;14.224;12.879;0.425;3.44;16:17:28.000
232.59;67.45E-03;6.784;49.994;300;200E-03;15.688;14.145;0.432;3.46;16:17:29.000
232.53;60.53E-03;5.920;49.995;300;200E-03;14.075;12.769;0.421;3.42;16:17:30.000
232.56;66.96E-03;6.750;49.994;300;200E-03;15.573;14.034;0.433;3.40;16:17:31.000
232.51;67.74E-03;6.758;49.995;300;200E-03;15.751;14.228;0.429;3.41;16:17:32.000
232.51;67.59E-03;6.818;49.996;300;200E-03;15.716;14.160;0.434;3.39;16:17:33.000
232.56;68.26E-03;6.789;49.995;300;200E-03;15.875;14.351;0.428;3.38;16:17:34.000
232.48;67.64E-03;6.730;49.991;300;200E-03;15.725;14.213;0.428;3.41;16:17:35.000
232.56;67.65E-03;6.770;49.992;300;200E-03;15.732;14.201;0.430;3.40;16:17:36.000
232.54;62.49E-03;6.147;49.989;300;200E-03;14.532;13.168;0.423;3.40;16:17:37.000
232.46;66.45E-03;6.655;49.991;300;200E-03;15.447;13.940;0.431;3.37;16:17:38.000
232.58;68.27E-03;6.769;49.996;300;200E-03;15.879;14.364;0.426;3.38;16:17:39.000
232.53;66.70E-03;6.761;49.995;300;200E-03;15.509;13.958;0.436;3.40;16:17:40.000
232.53;67.16E-03;6.802;49.992;300;200E-03;15.617;14.057;0.436;3.43;16:17:41.000
232.50;66.49E-03;6.639;49.994;300;200E-03;15.458;13.960;0.429;3.43;16:17:42.000
232.48;66.90E-03;6.749;49.996;300;200E-03;15.553;14.012;0.434;3.39;16:17:43.000
232.48;67.84E-03;6.811;49.991;300;200E-03;15.772;14.226;0.432;3.40;16:17:44.000
232.41;67.38E-03;6.762;50.000;300;200E-03;15.660;14.125;0.432;3.39;16:17:45.000
232.44;66.60E-03;6.716;49.990;300;200E-03;15.481;13.948;0.434;3.47;16:17:46.000
232.54;67.61E-03;6.808;49.999;300;200E-03;15.723;14.173;0.433;3.32;16:17:47.000
232.54;67.80E-03;6.760;49.986;300;200E-03;15.767;14.245;0.429;3.40;16:17:48.000
232.56;63.84E-03;6.334;49.994;300;200E-03;14.847;13.428;0.427;3.39;16:17:49.000
232.53;67.76E-03;6.736;49.992;300;200E-03;15.756;14.244;0.427;3.41;16:17:50.000
232.52;67.25E-03;6.785;49.995;300;200E-03;15.637;14.088;0.434;3.31;16:17:51.000
232.51;67.02E-03;6.755;49.988;300;200E-03;15.584;14.044;0.433;3.38;16:17:52.000
232.50;67.70E-03;6.778;49.990;300;200E-03;15.740;14.206;0.431;3.39;16:17:53.000
232.55;68.30E-03;6.796;49.988;300;200E-03;15.883;14.356;0.428;3.42;16:17:54.000
232.53;67.17E-03;6.757;49.995;300;200E-03;15.619;14.081;0.433;3.38;16:17:55.000
232.45;61.51E-03;6.060;49.991;300;200E-03;14.298;12.950;0.424;3.41;16:17:56.000
232.45;61.94E-03;6.108;49.991;300;200E-03;14.397;13.037;0.424;3.42;16:17:57.000
232.54;62.33E-03;6.074;49.993;300;200E-03;14.494;13.160;0.419;3.40;16:17:58.000
232.52;61.20E-03;5.959;49.990;300;200E-03;14.229;12.921;0.419;3.40;16:17:59.000
232.65;61.57E-03;6.028;49.990;300;200E-03;14.325;12.995;0.421;3.38;16:18:00.000
232.63;60.22E-03;5.890;49.992;300;200E-03;14.010;12.711;0.420;3.33;16:18:01.000
232.62;60.09E-03;5.906;49.982;300;200E-03;13.978;12.669;0.423;3.41;16:18:02.000
232.70;61.05E-03;5.964;49.992;300;200E-03;14.206;12.894;0.420;3.43;16:18:03.000
232.56;63.10E-03;6.257;49.992;300;200E-03;14.675;13.275;0.426;3.38;16:18:04.000
232.54;64.43E-03;6.284;49.990;300;200E-03;14.981;13.599;0.419;3.40;16:18:05.000
232.56;60.72E-03;5.893;49.992;300;200E-03;14.122;12.834;0.417;3.38;16:18:06.000
232.33;61.07E-03;5.947;49.989;300;200E-03;14.189;12.882;0.419;3.36;16:18:07.000
232.37;62.16E-03;6.046;49.990;300;200E-03;14.443;13.117;0.419;3.34;16:18:08.000
232.41;67.94E-03;6.807;49.985;300;200E-03;15.789;14.246;0.431;3.38;16:18:09.000
232.36;67.60E-03;6.780;49.990;300;200E-03;15.708;14.169;0.432;3.37;16:18:10.000
232.39;68.22E-03;6.758;49.987;300;200E-03;15.854;14.342;0.426;3.36;16:18:11.000
232.33;67.97E-03;6.794;49.986;300;200E-03;15.792;14.256;0.430;3.31;16:18:12.000
232.40;68.03E-03;6.813;49.984;300;200E-03;15.811;14.267;0.431;3.42;16:18:13.000
232.47;68.07E-03;6.786;49.985;300;200E-03;15.825;14.296;0.429;3.42;16:18:14.000
232.46;65.43E-03;6.502;49.986;300;200E-03;15.209;13.749;0.428;3.42;16:18:15.000
232.40;61.42E-03;5.977;49.984;300;200E-03;14.274;12.963;0.419;3.42;16:18:16.000
232.37;67.57E-03;6.761;49.985;300;200E-03;15.702;14.172;0.431;3.43;16:18:17.000
232.50;68.13E-03;6.834;49.988;300;200E-03;15.841;14.291;0.431;3.45;16:18:18.000
232.47;67.94E-03;6.872;49.993;300;200E-03;15.794;14.220;0.435;3.40;16:18:19.000
232.46;67.60E-03;6.850;49.993;300;200E-03;15.715;14.144;0.436;3.40;16:18:20.000
232.49;67.28E-03;6.762;49.987;300;200E-03;15.642;14.105;0.432;3.45;16:18:21.000
232.50;68.46E-03;6.867;49.992;300;200E-03;15.916;14.358;0.431;3.44;16:18:22.000
232.44;68.08E-03;6.716;50.000;300;200E-03;15.823;14.327;0.424;3.34;16:18:23.000
232.44;68.40E-03;6.826;49.995;300;200E-03;15.899;14.360;0.429;3.44;16:18:24.000
232.49;67.32E-03;6.716;49.995;300;200E-03;15.651;14.137;0.429;3.43;16:18:25.000
232.52;68.89E-03;6.797;49.999;300;200E-03;16.019;14.505;0.424;3.42;16:18:26.000
232.55;67.88E-03;6.806;49.993;300;200E-03;15.786;14.244;0.431;3.43;16:18:27.000
232.46;66.89E-03;6.662;49.991;300;200E-03;15.549;14.049;0.428;3.49;16:18:28.000
232.41;62.37E-03;6.146;50.000;300;200E-03;14.497;13.129;0.424;3.47;16:18:29.000
232.47;67.55E-03;6.814;49.995;300;200E-03;15.703;14.148;0.434;3.42;16:18:30.000
232.43;67.75E-03;6.802;49.997;300;200E-03;15.748;14.203;0.432;3.44;16:18:31.000
232.45;66.80E-03;6.700;49.990;300;200E-03;15.528;14.008;0.432;3.41;16:18:32.000
232.34;67.76E-03;6.868;50.002;300;200E-03;15.744;14.167;0.436;3.35;16:18:33.000
232.25;66.53E-03;6.701;49.996;300;200E-03;15.452;13.924;0.434;3.36;16:18:34.000
232.35;66.64E-03;6.682;49.990;300;200E-03;15.483;13.967;0.432;3.42;16:18:35.000
232.48;67.23E-03;6.781;49.985;300;200E-03;15.630;14.083;0.434;3.39;16:18:36.000
232.26;67.01E-03;6.723;49.991;300;200E-03;15.565;14.038;0.432;3.50;16:18:37.000
232.38;67.06E-03;6.809;49.989;300;200E-03;15.582;14.016;0.437;3.46;16:18:38.000
232.44;66.22E-03;6.655;49.990;300;200E-03;15.391;13.878;0.432;3.40;16:18:39.000
232.44;67.79E-03;6.812;49.983;300;200E-03;15.756;14.207;0.432;3.41;16:18:40.000
232.43;66.76E-03;6.735;49.986;300;200E-03;15.516;13.978;0.434;3.41;16:18:41.000
232.42;66.17E-03;6.686;49.990;300;200E-03;15.380;13.851;0.435;3.42;16:18:42.000
232.31;63.66E-03;6.250;49.994;300;200E-03;14.789;13.403;0.423;3.46;16:18:43.000
232.29;66.50E-03;6.721;49.996;300;200E-03;15.447;13.908;0.435;3.42;16:18:44.000
232.38;66.91E-03;6.773;49.990;300;200E-03;15.549;13.996;0.436;3.40;16:18:45.000
232.33;66.39E-03;6.673;49.989;300;200E-03;15.424;13.905;0.433;3.42;16:18:46.000
232.28;67.57E-03;6.805;50.002;300;200E-03;15.694;14.142;0.434;3.41;16:18:47.000
232.21;68.41E-03;6.800;50.005;300;200E-03;15.886;14.357;0.428;3.33;16:18:48.000
232.31;67.68E-03;6.805;50.003;300;200E-03;15.724;14.175;0.433;3.42;16:18:49.000
232.27;67.60E-03;6.784;50.004;300;200E-03;15.702;14.161;0.432;3.41;16:18:50.000
232.33;66.56E-03;6.758;49.999;300;200E-03;15.465;13.910;0.437;3.40;16:18:51.000
232.29;67.02E-03;6.738;50.004;300;200E-03;15.567;14.033;0.433;3.40;16:18:52.000
232.15;66.90E-03;6.686;50.001;300;200E-03;15.532;14.019;0.430;3.40;16:18:53.000
232.30;66.27E-03;6.712;50.005;300;200E-03;15.395;13.855;0.436;3.41;16:18:54.000
232.28;67.53E-03;6.801;50.007;300;200E-03;15.687;14.136;0.434;3.40;16:18:55.000
232.34;63.63E-03;6.333;50.003;300;200E-03;14.785;13.359;0.428;3.42;16:18:56.000
232.45;61.34E-03;6.045;50.002;300;200E-03;14.259;12.914;0.424;3.39;16:18:57.000
232.35;66.72E-03;6.653;50.002;300;200E-03;15.504;14.004;0.429;3.39;16:18:58.000
232.36;65.85E-03;6.641;50.007;300;200E-03;15.300;13.784;0.434;3.36;16:18:59.000
232.22;67.98E-03;6.749;50.000;300;200E-03;15.787;14.272;0.428;3.40;16:19:00.000
232.30;67.75E-03;6.741;49.999;300;200E-03;15.739;14.222;0.428;3.38;16:19:01.000
232.33;66.72E-03;6.730;50.004;300;200E-03;15.500;13.963;0.434;3.35;16:19:02.000
232.27;60.94E-03;5.975;49.997;300;200E-03;14.154;12.832;0.422;3.40;16:19:03.000
232.27;61.35E-03;6.049;50.003;300;200E-03;14.251;12.903;0.424;3.37;16:19:04.000
232.14;61.43E-03;5.935;50.009;300;200E-03;14.260;12.966;0.416;3.37;16:19:05.000
232.36;60.11E-03;5.949;49.998;300;200E-03;13.967;12.637;0.426;3.36;16:19:06.000
232.25;60.62E-03;5.975;50.009;300;200E-03;14.079;12.748;0.424;3.38;16:19:07.000
232.26;59.99E-03;5.906;50.007;300;200E-03;13.932;12.618;0.424;3.38;16:19:08.000
232.31;60.44E-03;5.924;50.000;300;200E-03;14.041;12.731;0.422;3.32;16:19:09.000
232.24;60.81E-03;6.002;50.012;300;200E-03;14.122;12.784;0.425;3.42;16:19:10.000
232.27;60.53E-03;5.965;50.007;300;200E-03;14.059;12.731;0.424;3.40;16:19:11.000
232.34;61.91E-03;5.979;50.012;300;200E-03;14.384;13.082;0.416;3.40;16:19:12.000
232.24;67.55E-03;6.786;50.009;300;200E-03;15.688;14.144;0.433;3.37;16:19:13.000
232.26;67.15E-03;6.769;50.007;300;200E-03;15.597;14.052;0.434;3.37;16:19:14.000
232.31;67.27E-03;6.687;50.006;300;200E-03;15.628;14.125;0.428;3.36;16:19:15.000
232.29;66.58E-03;6.682;50.006;300;200E-03;15.466;13.948;0.432;3.37;16:19:16.000
232.28;66.43E-03;6.692;50.007;300;200E-03;15.430;13.903;0.434;3.37;16:19:17.000
232.24;66.38E-03;6.682;50.013;300;200E-03;15.416;13.892;0.433;3.37;16:19:18.000
232.26;68.32E-03;6.801;50.008;300;200E-03;15.867;14.336;0.429;3.38;16:19:19.000
232.32;67.59E-03;6.845;50.016;300;200E-03;15.702;14.131;0.436;3.35;16:19:20.000
232.12;67.57E-03;6.870;50.009;300;200E-03;15.686;14.101;0.438;3.34;16:19:21.000
232.36;65.05E-03;6.605;50.013;300;200E-03;15.114;13.594;0.437;3.36;16:19:22.000
232.34;63.36E-03;6.356;50.003;300;200E-03;14.722;13.279;0.432;3.38;16:19:23.000
232.35;62.34E-03;6.132;50.006;300;200E-03;14.484;13.122;0.423;3.34;16:19:24.000
232.42;67.26E-03;6.813;50.004;300;200E-03;15.634;14.071;0.436;3.38;16:19:25.000
232.37;67.40E-03;6.759;50.004;300;200E-03;15.661;14.127;0.432;3.36;16:19:26.000
232.44;68.24E-03;6.841;50.002;300;200E-03;15.863;14.312;0.431;3.33;16:19:27.000
232.44;67.23E-03;6.726;49.997;300;200E-03;15.628;14.107;0.430;3.42;16:19:28.000
232.41;68.63E-03;6.798;49.990;300;200E-03;15.951;14.429;0.426;3.30;16:19:29.000
232.45;68.21E-03;6.837;49.995;300;200E-03;15.856;14.307;0.431;3.32;16:19:30.000
232.35;68.31E-03;6.822;50.001;300;200E-03;15.873;14.332;0.430;3.38;16:19:31.000
232.26;67.55E-03;6.718;50.003;300;200E-03;15.688;14.177;0.428;3.34;16:19:32.000
232.30;67.85E-03;6.796;50.005;300;200E-03;15.761;14.221;0.431;3.36;16:19:33.000
232.34;68.37E-03;6.837;50.006;300;200E-03;15.885;14.338;0.430;3.41;16:19:34.000
232.39;64.34E-03;6.303;50.016;300;200E-03;14.951;13.557;0.422;3.35;16:19:35.000
232.29;63.17E-03;6.143;50.008;300;200E-03;14.673;13.325;0.419;3.41;16:19:36.000
232.40;68.13E-03;6.764;50.000;300;200E-03;15.833;14.315;0.427;3.44;16:19:37.000
232.29;67.46E-03;6.709;50.008;300;200E-03;15.671;14.163;0.428;3.34;16:19:38.000
232.40;67.44E-03;6.758;50.008;300;200E-03;15.673;14.142;0.431;3.37;16:19:39.000
232.45;67.94E-03;6.767;50.004;300;200E-03;15.792;14.269;0.429;3.36;16:19:40.000
232.36;68.86E-03;6.774;50.006;300;200E-03;16.001;14.496;0.423;3.34;16:19:41.000
232.47;67.88E-03;6.816;50.005;300;200E-03;15.780;14.232;0.432;3.38;16:19:42.000
232.47;68.32E-03;6.805;50.018;300;200E-03;15.882;14.350;0.429;3.28;16:19:43.000
232.47;68.20E-03;6.832;50.002;300;200E-03;15.854;14.307;0.431;3.38;16:19:44.000
232.43;68.15E-03;6.786;49.998;300;200E-03;15.840;14.313;0.428;3.43;16:19:45.000
232.33;68.59E-03;6.826;50.007;300;200E-03;15.936;14.400;0.428;3.36;16:19:46.000
232.37;67.85E-03;6.703;50.007;300;200E-03;15.767;14.271;0.425;3.42;16:19:47.000
232.31;68.98E-03;6.826;50.001;300;200E-03;16.026;14.499;0.426;3.46;16:19:48.000
232.35;67.40E-03;6.781;50.008;300;200E-03;15.660;14.115;0.433;3.37;16:19:49.000
232.41;68.44E-03;6.818;50.006;300;200E-03;15.905;14.370;0.429;3.39;16:19:50.000
232.32;62.58E-03;6.085;49.994;300;200E-03;14.538;13.203;0.419;3.40;16:19:51.000
232.37;65.97E-03;6.487;50.000;300;200E-03;15.329;13.889;0.423;3.38;16:19:52.000
232.23;62.03E-03;6.014;49.993;300;200E-03;14.405;13.090;0.417;3.41;16:19:53.000
232.33;61.81E-03;6.032;49.998;300;200E-03;14.359;13.031;0.420;3.37;16:19:54.000
232.30;61.78E-03;5.999;49.996;300;200E-03;14.352;13.038;0.418;3.39;16:19:55.000
232.22;60.48E-03;5.872;49.991;300;200E-03;14.046;12.759;0.418;3.38;16:19:56.000
232.21;61.85E-03;6.027;49.993;300;200E-03;14.364;13.038;0.420;3.44;16:19:57.000
232.22;61.43E-03;5.977;49.991;300;200E-03;14.265;12.952;0.419;3.37;16:19:58.000
232.33;61.83E-03;6.051;49.986;300;200E-03;14.365;13.029;0.421;3.42;16:19:59.000
232.27;61.79E-03;5.994;49.991;300;200E-03;14.353;13.041;0.418;3.42;16:20:00.000
232.21;60.42E-03;5.876;49.987;300;200E-03;14.029;12.740;0.419;3.46;16:20:01.000
232.15;60.83E-03;5.969;49.990;300;200E-03;14.122;12.799;0.423;3.41;16:20:02.000
232.15;65.70E-03;6.403;49.988;300;200E-03;15.253;13.844;0.420;3.37;16:20:03.000
232.08;63.15E-03;6.132;49.985;300;200E-03;14.657;13.312;0.418;3.49;16:20:04.000
232.11;71.37E-03;7.179;49.987;300;200E-03;16.566;14.929;0.433;3.40;16:20:05.000
232.13;70.64E-03;7.104;49.994;300;200E-03;16.398;14.779;0.433;3.33;16:20:06.000
232.09;67.54E-03;6.771;49.989;300;200E-03;15.676;14.139;0.432;3.41;16:20:07.000
231.93;67.11E-03;6.709;49.984;300;200E-03;15.564;14.044;0.431;3.38;16:20:08.000
232.00;67.51E-03;6.748;49.983;300;200E-03;15.661;14.133;0.431;3.42;16:20:09.000
232.14;67.86E-03;6.861;49.980;300;200E-03;15.752;14.180;0.436;3.37;16:20:10.000
232.09;68.08E-03;6.793;49.990;300;200E-03;15.802;14.267;0.430;3.38;16:20:11.000
232.09;67.66E-03;6.790;49.991;300;200E-03;15.702;14.158;0.432;3.33;16:20:12.000
232.19;67.48E-03;6.732;49.994;300;200E-03;15.668;14.148;0.430;3.39;16:20:13.000
232.05;66.11E-03;6.508;49.986;300;200E-03;15.340;13.891;0.424;3.39;16:20:14.000
232.27;63.19E-03;6.180;49.984;300;200E-03;14.676;13.311;0.421;3.37;16:20:15.000
232.23;67.89E-03;6.806;49.987;300;200E-03;15.766;14.222;0.432;3.38;16:20:16.000
232.25;67.54E-03;6.768;49.990;300;200E-03;15.687;14.152;0.431;3.35;16:20:17.000
232.13;67.85E-03;6.800;49.996;300;200E-03;15.751;14.208;0.432;3.38;16:20:18.000
232.25;67.79E-03;6.766;49.991;300;200E-03;15.745;14.217;0.430;3.38;16:20:19.000
232.20;68.09E-03;6.793;49.994;300;200E-03;15.810;14.276;0.430;3.30;16:20:20.000
232.34;67.68E-03;6.731;49.993;300;200E-03;15.725;14.212;0.428;3.36;16:20:21.000
232.30;67.72E-03;6.780;49.992;300;200E-03;15.732;14.196;0.431;3.32;16:20:22.000
232.44;68.88E-03;6.839;49.996;300;200E-03;16.009;14.475;0.427;3.36;16:20:23.000
232.49;67.78E-03;6.873;49.995;300;200E-03;15.757;14.179;0.436;3.39;16:20:24.000
232.42;67.65E-03;6.817;49.994;300;200E-03;15.724;14.169;0.434;3.37;16:20:25.000
232.35;67.81E-03;6.739;49.997;300;200E-03;15.754;14.240;0.428;3.35;16:20:26.000
232.34;68.62E-03;6.868;49.995;300;200E-03;15.942;14.387;0.431;3.36;16:20:27.000
232.40;67.98E-03;6.790;49.996;300;200E-03;15.798;14.265;0.430;3.42;16:20:28.000
232.47;63.53E-03;6.320;49.996;300;200E-03;14.769;13.348;0.428;3.41;16:20:29.000
232.39;66.90E-03;6.685;49.993;300;200E-03;15.548;14.038;0.430;3.37;16:20:30.000
232.35;66.93E-03;6.739;49.992;300;200E-03;15.550;14.014;0.433;3.38;16:20:31.000
232.43;67.08E-03;6.719;49.997;300;200E-03;15.593;14.071;0.431;3.39;16:20:32.000
232.44;67.53E-03;6.764;49.992;300;200E-03;15.697;14.165;0.431;3.36;16:20:33.000
232.52;66.88E-03;6.800;49.994;300;200E-03;15.551;13.986;0.437;3.36;16:20:34.000
232.60;67.63E-03;6.814;49.992;300;200E-03;15.731;14.179;0.433;3.37;16:20:35.000
232.65;67.61E-03;6.810;49.992;300;200E-03;15.728;14.178;0.433;3.35;16:20:36.000
232.56;67.35E-03;6.780;49.991;300;200E-03;15.662;14.118;0.433;3.35;16:20:37.000
232.78;61.30E-03;6.030;49.990;300;200E-03;14.270;12.933;0.423;3.32;16:20:38.000
232.72;62.52E-03;6.071;49.993;300;200E-03;14.550;13.222;0.417;3.31;16:20:39.000
232.64;61.74E-03;5.875;49.991;300;200E-03;14.363;13.107;0.409;3.35;16:20:40.000
232.71;61.32E-03;6.002;49.991;300;200E-03;14.269;12.945;0.421;3.32;16:20:41.000
232.70;62.20E-03;6.124;49.987;300;200E-03;14.474;13.115;0.423;3.34;16:20:42.000
232.64;62.02E-03;6.000;49.984;300;200E-03;14.427;13.121;0.416;3.35;16:20:43.000
232.66;61.40E-03;5.966;49.991;300;200E-03;14.285;12.980;0.418;3.34;16:20:44.000
232.66;61.44E-03;5.996;49.989;300;200E-03;14.296;12.977;0.419;3.31;16:20:45.000
232.71;60.66E-03;5.914;49.989;300;200E-03;14.116;12.818;0.419;3.36;16:20:46.000
232.65;61.33E-03;5.965;49.990;300;200E-03;14.268;12.961;0.418;3.33;16:20:47.000
232.58;68.58E-03;6.796;49.984;300;200E-03;15.950;14.430;0.426;3.36;16:20:48.000
232.60;67.64E-03;6.721;49.986;300;200E-03;15.733;14.225;0.427;3.39;16:20:49.000
232.54;67.69E-03;6.733;49.984;300;200E-03;15.740;14.228;0.428;3.37;16:20:50.000
232.67;67.65E-03;6.718;49.988;300;200E-03;15.741;14.235;0.427;3.34;16:20:51.000
232.59;67.61E-03;6.782;49.986;300;200E-03;15.726;14.188;0.431;3.40;16:20:52.000
232.54;68.70E-03;6.792;49.989;300;200E-03;15.975;14.459;0.425;3.41;16:20:53.000
232.53;67.88E-03;6.814;49.984;300;200E-03;15.783;14.237;0.432;3.35;16:20:54.000
232.60;65.63E-03;6.592;49.981;300;200E-03;15.266;13.770;0.432;3.36;16:20:55.000
232.61;67.43E-03;6.759;49.983;300;200E-03;15.686;14.155;0.431;3.36;16:20:56.000
232.69;68.78E-03;6.860;49.985;300;200E-03;16.005;14.460;0.429;3.35;16:20:57.000
232.75;67.34E-03;6.828;49.988;300;200E-03;15.673;14.107;0.436;3.33;16:20:58.000
232.77;68.08E-03;6.840;49.986;300;200E-03;15.848;14.296;0.432;3.36;16:20:59.000
232.66;67.40E-03;6.736;49.985;300;200E-03;15.682;14.162;0.430;3.37;16:21:00.000
232.60;68.60E-03;6.804;49.988;300;200E-03;15.957;14.433;0.426;3.39;16:21:01.000
232.72;67.87E-03;6.806;49.984;300;200E-03;15.795;14.253;0.431;3.37;16:21:02.000
232.83;67.73E-03;6.790;49.985;300;200E-03;15.769;14.232;0.431;3.37;16:21:03.000
232.76;67.68E-03;6.799;49.987;300;200E-03;15.754;14.211;0.432;3.40;16:21:04.000
232.70;68.00E-03;6.805;49.988;300;200E-03;15.825;14.287;0.430;3.35;16:21:05.000
232.69;67.99E-03;6.804;49.984;300;200E-03;15.820;14.282;0.430;3.36;16:21:06.000
232.77;68.65E-03;6.858;49.987;300;200E-03;15.980;14.434;0.429;3.37;16:21:07.000
232.74;65.43E-03;6.458;49.985;300;200E-03;15.229;13.792;0.424;3.37;16:21:08.000
232.76;68.49E-03;6.793;49.985;300;200E-03;15.942;14.422;0.426;3.38;16:21:09.000
232.73;67.53E-03;6.775;49.991;300;200E-03;15.716;14.181;0.431;3.39;16:21:10.000
232.74;68.32E-03;6.872;49.988;300;200E-03;15.900;14.339;0.432;3.38;16:21:11.000
232.71;68.16E-03;6.831;49.991;300;200E-03;15.861;14.314;0.431;3.40;16:21:12.000
232.78;67.88E-03;6.855;49.987;300;200E-03;15.800;14.236;0.434;3.35;16:21:13.000
232.77;66.69E-03;6.673;49.989;300;200E-03;15.523;14.016;0.430;3.38;16:21:14.000
232.76;68.01E-03;6.801;49.986;300;200E-03;15.831;14.295;0.430;3.34;16:21:15.000
232.70;67.82E-03;6.834;49.989;300;200E-03;15.781;14.225;0.433;3.39;16:21:16.000
232.69;66.57E-03;6.690;49.988;300;200E-03;15.491;13.972;0.432;3.39;16:21:17.000
232.76;67.23E-03;6.741;49.993;300;200E-03;15.648;14.122;0.431;3.34;16:21:18.000
232.88;60.49E-03;5.939;49.986;300;200E-03;14.088;12.774;0.422;3.36;16:21:19.000
232.86;61.08E-03;6.067;49.988;300;200E-03;14.222;12.863;0.427;3.38;16:21:20.000
232.86;63.44E-03;6.091;49.986;300;200E-03;14.772;13.457;0.412;3.41;16:21:21.000
232.87;62.14E-03;5.994;49.981;300;200E-03;14.471;13.171;0.414;3.40;16:21:22.000
232.77;61.91E-03;6.010;49.982;300;200E-03;14.411;13.098;0.417;3.41;16:21:23.000
232.79;64.14E-03;6.147;49.981;300;200E-03;14.932;13.608;0.412;3.39;16:21:24.000
232.73;61.83E-03;5.989;49.983;300;200E-03;14.389;13.083;0.416;3.38;16:21:25.000
232.71;61.99E-03;5.983;49.977;300;200E-03;14.426;13.127;0.415;3.39;16:21:26.000
232.77;62.35E-03;6.067;49.978;300;200E-03;14.513;13.184;0.418;3.39;16:21:27.000
232.77;60.57E-03;5.907;49.975;300;200E-03;14.098;12.801;0.419;3.41;16:21:28.000
232.67;66.68E-03;6.656;49.980;300;200E-03;15.515;14.014;0.429;3.39;16:21:29.000
232.66;69.22E-03;6.779;49.980;300;200E-03;16.105;14.609;0.421;3.42;16:21:30.000
232.60;67.37E-03;6.742;49.981;300;200E-03;15.669;14.145;0.430;3.40;16:21:31.000
232.65;68.98E-03;6.855;49.979;300;200E-03;16.048;14.511;0.427;3.40;16:21:32.000
232.64;67.21E-03;6.739;49.982;300;200E-03;15.635;14.108;0.431;3.39;16:21:33.000
232.76;65.61E-03;6.410;49.984;300;200E-03;15.271;13.860;0.420;3.40;16:21:34.000
232.69;64.77E-03;6.349;49.978;300;200E-03;15.072;13.669;0.421;3.41;16:21:35.000
232.68;67.62E-03;6.756;49.982;300;200E-03;15.733;14.209;0.429;3.38;16:21:36.000
232.78;68.43E-03;6.860;49.979;300;200E-03;15.929;14.377;0.431;3.39;16:21:37.000
232.77;68.47E-03;6.791;49.982;300;200E-03;15.937;14.418;0.426;3.39;16:21:38.000
232.69;68.34E-03;6.816;49.982;300;200E-03;15.903;14.368;0.429;3.40;16:21:39.000
232.72;67.98E-03;6.816;49.983;300;200E-03;15.820;14.276;0.431;3.36;16:21:40.000
232.77;69.21E-03;6.843;49.989;300;200E-03;16.110;14.585;0.425;3.33;16:21:41.000
232.88;68.14E-03;6.824;49.989;300;200E-03;15.868;14.325;0.430;3.36;16:21:42.000
232.84;68.62E-03;6.839;49.993;300;200E-03;15.978;14.441;0.428;3.39;16:21:43.000
232.72;68.19E-03;6.800;49.993;300;200E-03;15.869;14.339;0.429;3.38;16:21:44.000
232.76;67.32E-03;6.770;50.000;300;200E-03;15.670;14.132;0.432;3.37;16:21:45.000
232.56;68.80E-03;6.770;50.005;300;200E-03;16.000;14.497;0.423;3.40;16:21:46.000
232.73;65.09E-03;6.513;50.005;300;200E-03;15.148;13.677;0.430;3.38;16:21:47.000
232.77;66.00E-03;6.568;50.001;300;200E-03;15.363;13.888;0.428;3.41;16:21:48.000
232.82;67.86E-03;6.811;50.008;300;200E-03;15.799;14.255;0.431;3.38;16:21:49.000
232.76;67.80E-03;6.792;50.006;300;200E-03;15.780;14.244;0.430;3.39;16:21:50.000
232.77;68.99E-03;6.909;50.006;300;200E-03;16.060;14.497;0.430;3.38;16:21:51.000
232.67;67.47E-03;6.743;50.010;300;200E-03;15.698;14.177;0.430;3.41;16:21:52.000
232.60;67.97E-03;6.855;50.005;300;200E-03;15.810;14.246;0.434;3.38;16:21:53.000
232.73;67.64E-03;6.805;50.006;300;200E-03;15.742;14.195;0.432;3.41;16:21:54.000
232.69;67.68E-03;6.859;50.005;300;200E-03;15.748;14.176;0.436;3.43;16:21:55.000
232.67;67.74E-03;6.757;50.012;300;200E-03;15.761;14.239;0.429;3.39;16:21:56.000
232.69;68.35E-03;6.818;50.009;300;200E-03;15.903;14.367;0.429;3.40;16:21:57.000
232.71;62.42E-03;6.149;50.010;300;200E-03;14.525;13.159;0.423;3.42;16:21:58.000
232.71;62.14E-03;5.985;50.010;300;200E-03;14.460;13.164;0.414;3.43;16:21:59.000
232.77;61.50E-03;6.077;50.010;300;200E-03;14.315;12.960;0.425;3.43;16:22:00.000
232.79;62.15E-03;6.079;50.008;300;200E-03;14.468;13.129;0.420;3.37;16:22:01.000
232.79;60.54E-03;5.952;50.018;300;200E-03;14.092;12.773;0.422;3.45;16:22:02.000
232.81;61.01E-03;5.975;50.011;300;200E-03;14.203;12.885;0.421;3.40;16:22:03.000
232.69;62.08E-03;6.081;50.008;300;200E-03;14.445;13.103;0.421;3.38;16:22:04.000
232.78;61.99E-03;6.066;50.012;300;200E-03;14.429;13.092;0.420;3.39;16:22:05.000
232.77;64.77E-03;6.378;50.010;300;200E-03;15.076;13.661;0.423;3.38;16:22:06.000
232.74;64.73E-03;6.392;50.011;300;200E-03;15.065;13.641;0.424;3.37;16:22:07.000
232.77;67.73E-03;6.717;50.006;300;200E-03;15.764;14.262;0.426;3.40;16:22:08.000
232.74;68.67E-03;6.875;50.007;300;200E-03;15.983;14.429;0.430;3.38;16:22:09.000
232.81;68.14E-03;6.796;50.013;300;200E-03;15.863;14.333;0.428;3.38;16:22:10.000
232.62;68.10E-03;6.796;50.013;300;200E-03;15.841;14.309;0.429;3.39;16:22:11.000
232.73;68.02E-03;6.801;50.014;300;200E-03;15.830;14.294;0.430;3.45;16:22:12.000
232.80;68.09E-03;6.873;50.009;300;200E-03;15.851;14.283;0.434;3.44;16:22:13.000
232.74;66.99E-03;6.669;50.011;300;200E-03;15.592;14.094;0.428;3.43;16:22:14.000
232.75;68.65E-03;6.806;50.013;300;200E-03;15.979;14.457;0.426;3.41;16:22:15.000
232.81;67.60E-03;6.697;50.010;300;200E-03;15.738;14.242;0.426;3.41;16:22:16.000
232.77;69.16E-03;6.892;50.008;300;200E-03;16.098;14.548;0.428;3.45;16:22:17.000
232.64;67.34E-03;6.745;50.013;300;200E-03;15.666;14.139;0.431;3.41;16:22:18.000
232.56;67.68E-03;6.795;50.012;300;200E-03;15.740;14.198;0.432;3.42;16:22:19.000
232.65;68.46E-03;6.800;50.012;300;200E-03;15.928;14.404;0.427;3.41;16:22:20.000
232.70;66.80E-03;6.706;50.011;300;200E-03;15.545;14.024;0.431;3.41;16:22:21.000
232.82;68.14E-03;6.856;50.017;300;200E-03;15.864;14.306;0.432;3.34;16:22:22.000
232.66;67.47E-03;6.746;50.007;300;200E-03;15.698;14.175;0.430;3.36;16:22:23.000
232.73;69.07E-03;6.891;50.018;300;200E-03;16.074;14.522;0.429;3.35;16:22:24.000
232.63;68.36E-03;6.831;50.015;300;200E-03;15.902;14.360;0.430;3.37;16:22:25.000
232.74;64.24E-03;6.250;50.019;300;200E-03;14.950;13.581;0.418;3.37;16:22:26.000
232.59;66.13E-03;6.543;50.020;300;200E-03;15.380;13.919;0.425;3.37;16:22:27.000
232.75;66.40E-03;6.612;50.017;300;200E-03;15.456;13.970;0.428;3.36;16:22:28.000
232.84;68.04E-03;6.805;50.013;300;200E-03;15.843;14.308;0.429;3.35;16:22:29.000
232.82;68.96E-03;6.868;50.012;300;200E-03;16.056;14.513;0.428;3.38;16:22:30.000
232.81;68.66E-03;6.891;50.016;300;200E-03;15.984;14.422;0.431;3.36;16:22:31.000
232.82;68.64E-03;6.817;50.009;300;200E-03;15.981;14.455;0.427;3.34;16:22:32.000
232.83;68.36E-03;6.847;50.016;300;200E-03;15.917;14.369;0.430;3.33;16:22:33.000
232.72;68.51E-03;6.793;50.011;300;200E-03;15.943;14.423;0.426;3.33;16:22:34.000
232.78;68.96E-03;6.843;50.013;300;200E-03;16.052;14.521;0.426;3.34;16:22:35.000
232.76;68.86E-03;6.800;50.009;300;200E-03;16.028;14.514;0.424;3.33;16:22:36.000
232.82;58.02E-03;5.638;50.012;300;200E-03;13.508;12.275;0.417;3.32;16:22:37.000
232.84;61.40E-03;6.014;50.009;300;200E-03;14.298;12.971;0.421;3.35;16:22:38.000
232.83;61.95E-03;6.083;50.004;300;200E-03;14.424;13.079;0.422;3.37;16:22:39.000
232.84;62.58E-03;6.053;50.004;300;200E-03;14.572;13.255;0.415;3.34;16:22:40.000
232.79;62.24E-03;6.034;50.008;300;200E-03;14.489;13.173;0.416;3.35;16:22:41.000
232.85;61.45E-03;5.966;50.015;300;200E-03;14.309;13.006;0.417;3.33;16:22:42.000
232.87;61.47E-03;6.030;50.007;300;200E-03;14.314;12.982;0.421;3.38;16:22:43.000
232.86;60.58E-03;5.973;50.013;300;200E-03;14.107;12.780;0.423;3.38;16:22:44.000
232.92;61.44E-03;5.986;50.014;300;200E-03;14.311;12.999;0.418;3.37;16:22:45.000
232.91;60.98E-03;5.981;50.006;300;200E-03;14.203;12.882;0.421;3.34;16:22:46.000
232.87;61.60E-03;6.041;50.011;300;200E-03;14.345;13.011;0.421;3.34;16:22:47.000
232.87;61.52E-03;6.004;50.013;300;200E-03;14.326;13.007;0.419;3.35;16:22:48.000
232.89;60.84E-03;5.888;50.010;300;200E-03;14.168;12.887;0.416;3.33;16:22:49.000
232.85;61.51E-03;5.970;50.010;300;200E-03;14.323;13.020;0.417;3.36;16:22:50.000
232.94;60.25E-03;5.913;50.013;300;200E-03;14.035;12.728;0.421;3.35;16:22:51.000
232.95;62.27E-03;6.027;50.014;300;200E-03;14.506;13.195;0.415;3.28;16:22:52.000
232.85;62.70E-03;6.101;50.014;300;200E-03;14.600;13.264;0.418;3.27;16:22:53.000
232.77;67.17E-03;6.704;50.016;300;200E-03;15.635;14.125;0.429;3.30;16:22:54.000
232.81;67.18E-03;6.699;50.012;300;200E-03;15.641;14.133;0.428;3.27;16:22:55.000
232.84;67.91E-03;6.717;50.016;300;200E-03;15.813;14.315;0.425;3.26;16:22:56.000
232.94;67.73E-03;6.823;50.014;300;200E-03;15.777;14.225;0.432;3.32;16:22:57.000
232.71;67.47E-03;6.786;50.016;300;200E-03;15.702;14.160;0.432;3.33;16:22:58.000
232.79;67.78E-03;6.787;50.018;300;200E-03;15.780;14.246;0.430;3.29;16:22:59.000
232.87;67.44E-03;6.777;50.014;300;200E-03;15.705;14.167;0.431;3.33;16:23:00.000
232.78;66.66E-03;6.702;50.012;300;200E-03;15.516;13.994;0.432;3.35;16:23:01.000
232.76;67.99E-03;6.829;50.009;300;200E-03;15.825;14.276;0.432;3.34;16:23:02.000
232.80;67.61E-03;6.804;50.008;300;200E-03;15.740;14.193;0.432;3.36;16:23:03.000
232.68;68.78E-03;6.852;50.007;300;200E-03;16.004;14.464;0.428;3.34;16:23:04.000
232.76;67.93E-03;6.791;50.003;300;200E-03;15.812;14.279;0.429;3.36;16:23:05.000
232.74;63.60E-03;6.268;50.003;300;200E-03;14.802;13.410;0.423;3.40;16:23:06.000
232.71;67.24E-03;6.695;50.001;300;200E-03;15.646;14.142;0.428;3.37;16:23:07.000
232.72;67.48E-03;6.717;50.000;300;200E-03;15.704;14.194;0.428;3.40;16:23:08.000
232.71;67.20E-03;6.737;49.992;300;200E-03;15.637;14.112;0.431;3.38;16:23:09.000
232.72;67.98E-03;6.817;49.993;300;200E-03;15.821;14.277;0.431;3.39;16:23:10.000
232.69;67.12E-03;6.746;49.993;300;200E-03;15.619;14.087;0.432;3.42;16:23:11.000
232.69;67.31E-03;6.757;49.990;300;200E-03;15.662;14.129;0.431;3.39;16:23:12.000
232.73;67.27E-03;6.766;49.993;300;200E-03;15.657;14.120;0.432;3.41;16:23:13.000
232.61;68.15E-03;6.842;49.985;300;200E-03;15.852;14.300;0.432;3.42;16:23:14.000
232.69;67.85E-03;6.819;49.993;300;200E-03;15.787;14.238;0.432;3.38;16:23:15.000
232.73;69.18E-03;6.836;49.989;300;200E-03;16.100;14.576;0.425;3.33;16:23:16.000
232.61;69.90E-03;6.841;49.995;300;200E-03;16.258;14.749;0.421;3.32;16:23:17.000
232.52;69.05E-03;6.828;49.989;300;200E-03;16.056;14.531;0.425;3.33;16:23:18.000
232.54;69.04E-03;6.794;49.992;300;200E-03;16.055;14.547;0.423;3.34;16:23:19.000
232.57;64.08E-03;6.143;49.992;300;200E-03;14.902;13.577;0.412;3.31;16:23:20.000
232.69;61.83E-03;5.949;49.997;300;200E-03;14.387;13.100;0.413;3.36;16:23:21.000
232.70;69.35E-03;6.795;49.997;300;200E-03;16.139;14.638;0.421;3.33;16:23:22.000
232.74;68.54E-03;6.738;49.997;300;200E-03;15.952;14.459;0.422;3.35;16:23:23.000
232.77;62.75E-03;5.992;49.992;300;200E-03;14.606;13.321;0.410;3.39;16:23:24.000
232.78;67.90E-03;6.835;49.991;300;200E-03;15.805;14.251;0.432;3.38;16:23:25.000
232.63;67.55E-03;6.813;49.992;300;200E-03;15.714;14.160;0.434;3.32;16:23:26.000
232.73;68.68E-03;6.950;49.992;300;200E-03;15.984;14.394;0.435;3.37;16:23:27.000
232.78;67.04E-03;6.774;49.993;300;200E-03;15.604;14.057;0.434;3.38;16:23:28.000
232.72;67.90E-03;6.828;49.989;300;200E-03;15.801;14.249;0.432;3.38;16:23:29.000
232.78;67.20E-03;6.696;49.983;300;200E-03;15.644;14.138;0.428;3.39;16:23:30.000
232.73;67.20E-03;6.730;49.988;300;200E-03;15.640;14.118;0.430;3.38;16:23:31.000
232.68;67.31E-03;6.717;49.993;300;200E-03;15.663;14.149;0.429;3.35;16:23:32.000
232.64;67.81E-03;6.819;49.992;300;200E-03;15.775;14.225;0.432;3.42;16:23:33.000
232.72;66.53E-03;6.639;49.985;300;200E-03;15.482;13.987;0.429;3.38;16:23:34.000
232.80;67.22E-03;6.725;49.984;300;200E-03;15.648;14.129;0.430;3.41;16:23:35.000
232.85;65.78E-03;6.583;49.991;300;200E-03;15.317;13.830;0.430;3.37;16:23:36.000
232.71;66.21E-03;6.679;49.993;300;200E-03;15.409;13.886;0.433;3.38;16:23:37.000
232.69;67.19E-03;6.727;49.991;300;200E-03;15.635;14.113;0.430;3.37;16:23:38.000
232.80;67.14E-03;6.775;49.987;300;200E-03;15.631;14.086;0.433;3.40;16:23:39.000
232.85;66.33E-03;6.757;49.984;300;200E-03;15.445;13.888;0.438;3.37;16:23:40.000
232.70;68.63E-03;6.885;49.992;300;200E-03;15.971;14.411;0.431;3.41;16:23:41.000
232.66;66.10E-03;6.668;49.992;300;200E-03;15.380;13.859;0.434;3.43;16:23:42.000
232.70;66.74E-03;6.723;49.989;300;200E-03;15.531;14.001;0.433;3.38;16:23:43.000
232.71;66.39E-03;6.637;49.989;300;200E-03;15.449;13.951;0.430;3.39;16:23:44.000
232.65;66.59E-03;6.719;49.988;300;200E-03;15.493;13.960;0.434;3.43;16:23:45.000
232.73;66.57E-03;6.709;49.989;300;200E-03;15.493;13.965;0.433;3.39;16:23:46.000
232.74;60.97E-03;5.978;49.986;300;200E-03;14.189;12.868;0.421;3.38;16:23:47.000
232.71;61.15E-03;6.027;49.993;300;200E-03;14.231;12.892;0.424;3.39;16:23:48.000
232.77;60.62E-03;6.018;49.984;300;200E-03;14.112;12.764;0.426;3.40;16:23:49.000
232.72;61.35E-03;5.991;49.990;300;200E-03;14.277;12.960;0.420;3.39;16:23:50.000
232.73;60.25E-03;5.915;49.985;300;200E-03;14.023;12.714;0.422;3.41;16:23:51.000
232.68;60.20E-03;6.014;49.987;300;200E-03;14.009;12.652;0.429;3.38;16:23:52.000
232.76;60.60E-03;6.005;49.990;300;200E-03;14.106;12.764;0.426;3.37;16:23:53.000
232.78;59.95E-03;5.886;49.988;300;200E-03;13.954;12.652;0.422;3.35;16:23:54.000
232.86;60.30E-03;5.972;49.984;300;200E-03;14.042;12.708;0.425;3.38;16:23:55.000
232.86;60.66E-03;6.010;49.985;300;200E-03;14.125;12.782;0.426;3.35;16:23:56.000
232.88;59.83E-03;5.922;49.986;300;200E-03;13.933;12.612;0.425;3.36;16:23:57.000
232.81;60.23E-03;5.998;49.983;300;200E-03;14.023;12.676;0.428;3.38;16:23:58.000
232.89;60.83E-03;6.088;49.980;300;200E-03;14.166;12.791;0.430;3.36;16:23:59.000
232.85;60.33E-03;5.923;49.981;300;200E-03;14.048;12.738;0.422;3.38;16:24:00.000
232.88;59.74E-03;5.919;49.981;300;200E-03;13.911;12.589;0.425;3.36;16:24:01.000
232.89;60.79E-03;6.042;49.974;300;200E-03;14.157;12.802;0.427;3.36;16:24:02.000
232.93;66.58E-03;6.781;49.973;300;200E-03;15.507;13.946;0.437;3.36;16:24:03.000
232.82;60.35E-03;6.024;49.970;300;200E-03;14.051;12.694;0.429;3.39;16:24:04.000
232.86;63.82E-03;6.407;49.966;300;200E-03;14.861;13.408;0.431;3.36;16:24:05.000
232.74;67.46E-03;6.817;49.973;300;200E-03;15.701;14.144;0.434;3.39;16:24:06.000
232.84;69.38E-03;7.086;49.966;300;200E-03;16.156;14.519;0.439;3.38;16:24:07.000
232.88;69.05E-03;6.984;49.966;300;200E-03;16.080;14.485;0.434;3.40;16:24:08.000
232.84;67.29E-03;6.853;49.968;300;200E-03;15.667;14.089;0.437;3.39;16:24:09.000
232.83;67.31E-03;6.881;49.969;300;200E-03;15.673;14.081;0.439;3.36;16:24:10.000
232.81;67.37E-03;6.832;49.970;300;200E-03;15.683;14.117;0.436;3.38;16:24:11.000
232.72;67.06E-03;6.744;49.964;300;200E-03;15.606;14.074;0.432;3.38;16:24:12.000
232.80;67.48E-03;6.848;49.971;300;200E-03;15.710;14.139;0.436;3.38;16:24:13.000
232.82;67.39E-03;6.842;49.974;300;200E-03;15.690;14.119;0.436;3.42;16:24:14.000
232.78;67.13E-03;6.806;49.973;300;200E-03;15.627;14.067;0.436;3.38;16:24:15.000
232.77;67.34E-03;6.839;49.975;300;200E-03;15.675;14.105;0.436;3.41;16:24:16.000
232.77;64.27E-03;6.430;49.975;300;200E-03;14.960;13.508;0.430;3.37;16:24:17.000
232.73;66.90E-03;6.756;49.977;300;200E-03;15.570;14.028;0.434;3.38;16:24:18.000
232.68;67.62E-03;6.794;49.976;300;200E-03;15.733;14.191;0.432;3.37;16:24:19.000
232.76;68.67E-03;6.887;49.981;300;200E-03;15.984;14.424;0.431;3.33;16:24:20.000
232.72;67.33E-03;6.784;49.980;300;200E-03;15.669;14.124;0.433;3.37;16:24:21.000
232.71;67.37E-03;6.832;49.983;300;200E-03;15.678;14.112;0.436;3.37;16:24:22.000
232.67;67.29E-03;6.804;49.975;300;200E-03;15.655;14.100;0.435;3.38;16:24:23.000
232.76;67.23E-03;6.789;49.980;300;200E-03;15.649;14.100;0.434;3.36;16:24:24.000
232.67;67.46E-03;6.730;49.976;300;200E-03;15.695;14.179;0.429;3.36;16:24:25.000
232.71;57.82E-03;5.616;49.974;300;200E-03;13.455;12.227;0.417;3.37;16:24:26.000
232.70;60.75E-03;6.023;49.970;300;200E-03;14.136;12.788;0.426;3.39;16:24:27.000
232.76;60.14E-03;5.965;49.975;300;200E-03;13.999;12.665;0.426;3.36;16:24:28.000
232.70;61.31E-03;5.981;49.978;300;200E-03;14.267;12.953;0.419;3.36;16:24:29.000
232.76;60.93E-03;6.055;49.973;300;200E-03;14.183;12.825;0.427;3.34;16:24:30.000
232.68;60.24E-03;5.932;49.975;300;200E-03;14.016;12.699;0.423;3.39;16:24:31.000
232.73;60.87E-03;6.021;49.976;300;200E-03;14.167;12.824;0.425;3.42;16:24:32.000
232.67;62.31E-03;6.071;49.967;300;200E-03;14.499;13.167;0.419;3.44;16:24:33.000
232.69;61.02E-03;5.988;49.972;300;200E-03;14.199;12.875;0.422;3.39;16:24:34.000
232.68;61.73E-03;6.059;49.973;300;200E-03;14.364;13.024;0.422;3.36;16:24:35.000
232.62;61.01E-03;6.079;49.972;300;200E-03;14.192;12.823;0.428;3.39;16:24:36.000
232.61;60.17E-03;5.884;49.980;300;200E-03;13.995;12.698;0.420;3.34;16:24:37.000
232.58;60.64E-03;5.964;49.982;300;200E-03;14.105;12.782;0.423;3.36;16:24:38.000
232.55;61.44E-03;5.917;49.983;300;200E-03;14.287;13.004;0.414;3.37;16:24:39.000
232.75;60.76E-03;6.019;49.983;300;200E-03;14.143;12.798;0.426;3.36;16:24:40.000
232.70;60.13E-03;5.872;49.985;300;200E-03;13.993;12.702;0.420;3.32;16:24:41.000
232.70;61.25E-03;5.959;49.978;300;200E-03;14.253;12.947;0.418;3.32;16:24:42.000
232.57;67.46E-03;6.707;49.985;300;200E-03;15.689;14.183;0.427;3.36;16:24:43.000
232.52;67.93E-03;6.848;49.983;300;200E-03;15.795;14.234;0.434;3.31;16:24:44.000
232.59;67.51E-03;6.804;49.989;300;200E-03;15.702;14.151;0.433;3.32;16:24:45.000
232.59;67.14E-03;6.711;49.983;300;200E-03;15.615;14.099;0.430;3.32;16:24:46.000
232.70;67.11E-03;6.715;49.984;300;200E-03;15.616;14.098;0.430;3.31;16:24:47.000
232.66;67.32E-03;6.769;49.982;300;200E-03;15.664;14.126;0.432;3.33;16:24:48.000
232.60;67.55E-03;6.803;49.983;300;200E-03;15.712;14.163;0.433;3.32;16:24:49.000
232.58;67.88E-03;6.816;49.979;300;200E-03;15.788;14.241;0.432;3.28;16:24:50.000
232.49;67.38E-03;6.763;49.985;300;200E-03;15.664;14.129;0.432;3.30;16:24:51.000
232.48;68.55E-03;6.881;49.980;300;200E-03;15.937;14.375;0.432;3.29;16:24:52.000
232.38;67.94E-03;6.726;49.987;300;200E-03;15.788;14.284;0.426;3.32;16:24:53.000
232.49;67.91E-03;6.845;49.989;300;200E-03;15.789;14.228;0.434;3.32;16:24:54.000
232.44;63.80E-03;6.242;49.984;300;200E-03;14.829;13.452;0.421;3.30;16:24:55.000
232.53;61.52E-03;6.080;49.987;300;200E-03;14.305;12.948;0.425;3.27;16:24:56.000
232.32;67.18E-03;6.729;49.986;300;200E-03;15.608;14.083;0.431;3.32;16:24:57.000
232.43;67.55E-03;6.777;49.987;300;200E-03;15.701;14.163;0.432;3.37;16:24:58.000
232.42;66.59E-03;6.726;49.984;300;200E-03;15.477;13.939;0.435;3.38;16:24:59.000
232.54;67.95E-03;6.786;49.987;300;200E-03;15.801;14.270;0.429;3.33;16:25:00.000
232.48;67.52E-03;6.823;49.986;300;200E-03;15.697;14.137;0.435;3.36;16:25:01.000
232.46;68.59E-03;6.862;49.986;300;200E-03;15.943;14.391;0.430;3.35;16:25:02.000
232.42;67.85E-03;6.825;49.985;300;200E-03;15.769;14.216;0.433;3.35;16:25:03.000
232.51;68.35E-03;6.840;49.983;300;200E-03;15.892;14.344;0.430;3.35;16:25:04.000
232.33;67.27E-03;6.765;49.988;300;200E-03;15.629;14.089;0.433;3.34;16:25:05.000
232.35;67.59E-03;6.792;49.985;300;200E-03;15.706;14.161;0.432;3.32;16:25:06.000
232.30;68.50E-03;6.864;49.977;300;200E-03;15.911;14.354;0.431;3.35;16:25:07.000
232.31;62.14E-03;5.983;49.981;300;200E-03;14.436;13.138;0.414;3.34;16:25:08.000
232.29;61.17E-03;5.899;49.982;300;200E-03;14.209;12.926;0.415;3.31;16:25:09.000
232.42;61.14E-03;5.935;49.985;300;200E-03;14.209;12.911;0.418;3.33;16:25:10.000
232.33;61.47E-03;5.992;49.989;300;200E-03;14.282;12.965;0.420;3.37;16:25:11.000
232.49;62.52E-03;6.088;49.980;300;200E-03;14.536;13.200;0.419;3.35;16:25:12.000
232.56;60.49E-03;5.968;49.985;300;200E-03;14.069;12.740;0.424;3.31;16:25:13.000
232.56;62.29E-03;6.010;49.984;300;200E-03;14.486;13.181;0.415;3.34;16:25:14.000
232.55;60.02E-03;5.901;49.980;300;200E-03;13.957;12.648;0.423;3.34;16:25:15.000
232.49;61.18E-03;6.004;49.978;300;200E-03;14.223;12.893;0.422;3.36;16:25:16.000
232.65;61.40E-03;6.062;49.977;300;200E-03;14.284;12.934;0.424;3.35;16:25:17.000
232.62;60.79E-03;5.878;49.980;300;200E-03;14.141;12.861;0.416;3.32;16:25:18.000
232.58;62.05E-03;5.974;49.981;300;200E-03;14.431;13.137;0.414;3.35;16:25:19.000
232.56;61.23E-03;5.969;49.977;300;200E-03;14.240;12.929;0.419;3.32;16:25:20.000
232.54;60.48E-03;5.934;49.979;300;200E-03;14.065;12.752;0.422;3.34;16:25:21.000
232.58;60.65E-03;5.905;49.984;300;200E-03;14.106;12.811;0.419;3.33;16:25:22.000
232.61;61.05E-03;5.914;49.983;300;200E-03;14.201;12.911;0.416;3.32;16:25:23.000
232.61;63.02E-03;6.174;49.985;300;200E-03;14.660;13.297;0.421;3.30;16:25:24.000
232.54;66.82E-03;6.769;49.983;300;200E-03;15.538;13.986;0.436;3.32;16:25:25.000
232.51;67.38E-03;6.761;49.980;300;200E-03;15.667;14.133;0.432;3.33;16:25:26.000
232.67;67.34E-03;6.793;49.978;300;200E-03;15.668;14.119;0.434;3.31;16:25:27.000
232.70;67.62E-03;6.839;49.976;300;200E-03;15.735;14.171;0.435;3.30;16:25:28.000
232.60;67.04E-03;6.783;49.976;300;200E-03;15.594;14.042;0.435;3.30;16:25:29.000
232.57;67.63E-03;6.832;49.972;300;200E-03;15.730;14.169;0.434;3.30;16:25:30.000
232.71;66.75E-03;6.719;49.962;300;200E-03;15.533;14.005;0.433;3.29;16:25:31.000
232.69;68.48E-03;6.844;49.959;300;200E-03;15.934;14.389;0.430;3.29;16:25:32.000
232.66;68.36E-03;6.825;49.960;300;200E-03;15.904;14.365;0.429;3.31;16:25:33.000
232.61;68.05E-03;6.804;49.958;300;200E-03;15.829;14.292;0.430;3.31;16:25:34.000
232.55;66.98E-03;6.764;49.957;300;200E-03;15.576;14.031;0.434;3.32;16:25:35.000
232.61;62.73E-03;6.150;49.961;300;200E-03;14.591;13.232;0.421;3.32;16:25:36.000
232.53;65.64E-03;6.511;49.955;300;200E-03;15.263;13.805;0.427;3.35;16:25:37.000
232.61;67.34E-03;6.740;49.961;300;200E-03;15.663;14.138;0.430;3.31;16:25:38.000
232.50;67.86E-03;6.832;49.965;300;200E-03;15.779;14.223;0.433;3.32;16:25:39.000
232.46;67.43E-03;6.736;49.963;300;200E-03;15.674;14.153;0.430;3.34;16:25:40.000
232.46;68.61E-03;6.835;49.961;300;200E-03;15.948;14.410;0.429;3.29;16:25:41.000
232.47;68.79E-03;6.854;49.958;300;200E-03;15.990;14.447;0.429;3.33;16:25:42.000
232.49;68.49E-03;6.799;49.962;300;200E-03;15.924;14.400;0.427;3.33;16:25:43.000
232.47;68.73E-03;6.890;49.970;300;200E-03;15.978;14.416;0.431;3.33;16:25:44.000
232.47;67.61E-03;6.778;49.964;300;200E-03;15.717;14.181;0.431;3.34;16:25:45.000
232.48;61.40E-03;6.013;49.970;300;200E-03;14.275;12.947;0.421;3.35;16:25:46.000
232.42;63.15E-03;6.182;49.968;300;200E-03;14.678;13.313;0.421;3.37;16:25:47.000
232.43;61.01E-03;5.958;49.971;300;200E-03;14.182;12.870;0.420;3.38;16:25:48.000
232.33;61.60E-03;6.015;49.969;300;200E-03;14.311;12.985;0.420;3.34;16:25:49.000
232.39;60.77E-03;5.940;49.971;300;200E-03;14.121;12.811;0.421;3.34;16:25:50.000
232.39;61.39E-03;6.007;49.979;300;200E-03;14.266;12.940;0.421;3.32;16:25:51.000
232.40;60.42E-03;5.909;49.978;300;200E-03;14.042;12.739;0.421;3.33;16:25:52.000
232.43;62.01E-03;5.999;49.981;300;200E-03;14.413;13.105;0.416;3.35;16:25:53.000
232.28;62.25E-03;6.020;49.976;300;200E-03;14.459;13.146;0.416;3.33;16:25:54.000
232.52;60.69E-03;5.939;49.977;300;200E-03;14.110;12.800;0.421;3.33;16:25:55.000
232.57;61.40E-03;6.013;49.974;300;200E-03;14.280;12.952;0.421;3.30;16:25:56.000
232.61;62.15E-03;6.137;49.976;300;200E-03;14.456;13.089;0.425;3.33;16:25:57.000
232.43;59.92E-03;5.867;49.975;300;200E-03;13.928;12.632;0.421;3.32;16:25:58.000
232.51;61.36E-03;5.976;49.976;300;200E-03;14.268;12.956;0.419;3.32;16:25:59.000
232.52;62.18E-03;6.111;49.976;300;200E-03;14.458;13.102;0.423;3.33;16:26:00.000
232.65;61.24E-03;5.917;49.971;300;200E-03;14.248;12.961;0.415;3.30;16:26:01.000
232.58;67.00E-03;6.762;49.972;300;200E-03;15.582;14.038;0.434;3.30;16:26:02.000
232.56;67.37E-03;6.795;49.973;300;200E-03;15.668;14.118;0.434;3.33;16:26:03.000
232.50;61.60E-03;6.020;49.972;300;200E-03;14.322;12.995;0.420;3.30;16:26:04.000
232.52;63.17E-03;6.090;49.974;300;200E-03;14.689;13.367;0.415;3.31;16:26:05.000
232.51;67.04E-03;6.776;49.967;300;200E-03;15.588;14.038;0.435;3.28;16:26:06.000
232.55;68.13E-03;6.881;49.968;300;200E-03;15.843;14.270;0.434;3.31;16:26:07.000
232.56;70.29E-03;7.144;49.972;300;200E-03;16.346;14.703;0.437;3.32;16:26:08.000
232.48;70.00E-03;7.121;49.973;300;200E-03;16.273;14.633;0.438;3.33;16:26:09.000
232.52;68.35E-03;6.904;49.975;300;200E-03;15.892;14.314;0.434;3.31;16:26:10.000
232.51;66.73E-03;6.708;49.972;300;200E-03;15.514;13.989;0.432;3.32;16:26:11.000
232.52;67.72E-03;6.770;49.978;300;200E-03;15.746;14.216;0.430;3.34;16:26:12.000
232.54;67.76E-03;6.719;49.978;300;200E-03;15.756;14.252;0.426;3.38;16:26:13.000
232.55;64.56E-03;6.405;49.977;300;200E-03;15.014;13.579;0.427;3.35;16:26:14.000
232.44;63.85E-03;6.325;49.980;300;200E-03;14.842;13.427;0.426;3.37;16:26:15.000
232.52;67.45E-03;6.762;49.985;300;200E-03;15.684;14.151;0.431;3.34;16:26:16.000
232.57;67.93E-03;6.803;49.985;300;200E-03;15.798;14.258;0.431;3.34;16:26:17.000
232.48;67.34E-03;6.785;49.989;300;200E-03;15.656;14.109;0.433;3.35;16:26:18.000
232.40;68.07E-03;6.762;49.982;300;200E-03;15.818;14.300;0.427;3.34;16:26:19.000
232.43;67.07E-03;6.674;49.986;300;200E-03;15.589;14.089;0.428;3.33;16:26:20.000
232.51;67.78E-03;6.819;49.981;300;200E-03;15.759;14.208;0.433;3.35;16:26:21.000
232.43;67.65E-03;6.774;49.984;300;200E-03;15.724;14.190;0.431;3.34;16:26:22.000
232.58;67.50E-03;6.847;49.980;300;200E-03;15.700;14.128;0.436;3.32;16:26:23.000
232.48;67.61E-03;6.852;49.984;300;200E-03;15.718;14.146;0.436;3.29;16:26:24.000
232.54;68.01E-03;6.877;49.989;300;200E-03;15.815;14.242;0.435;3.32;16:26:25.000
232.51;67.80E-03;6.851;49.982;300;200E-03;15.764;14.198;0.435;3.33;16:26:26.000
232.55;67.28E-03;6.780;49.989;300;200E-03;15.645;14.100;0.433;3.33;16:26:27.000
232.51;63.13E-03;6.219;49.985;300;200E-03;14.680;13.297;0.424;3.34;16:26:28.000
232.54;60.95E-03;5.997;49.985;300;200E-03;14.174;12.843;0.423;3.30;16:26:29.000
232.60;57.20E-03;5.495;49.985;300;200E-03;13.304;12.117;0.413;3.32;16:26:30.000
232.61;61.36E-03;6.077;49.984;300;200E-03;14.274;12.916;0.426;3.31;16:26:31.000
232.64;62.75E-03;6.123;49.982;300;200E-03;14.599;13.253;0.419;3.31;16:26:32.000
232.64;62.40E-03;6.047;49.982;300;200E-03;14.517;13.198;0.417;3.32;16:26:33.000
232.49;63.17E-03;6.008;49.978;300;200E-03;14.687;13.402;0.409;3.35;16:26:34.000
232.57;61.55E-03;5.906;49.984;300;200E-03;14.313;13.038;0.413;3.35;16:26:35.000
232.64;61.19E-03;5.933;49.982;300;200E-03;14.235;12.940;0.417;3.35;16:26:36.000
232.74;63.32E-03;6.078;49.979;300;200E-03;14.738;13.426;0.412;3.34;16:26:37.000
232.64;61.06E-03;5.989;49.980;300;200E-03;14.204;12.880;0.422;3.22;16:26:38.000
232.51;61.64E-03;6.001;49.978;300;200E-03;14.331;13.014;0.419;3.10;16:26:39.000
232.60;62.24E-03;6.097;49.980;300;200E-03;14.478;13.131;0.421;3.13;16:26:40.000
232.62;61.94E-03;6.066;49.982;300;200E-03;14.409;13.070;0.421;3.15;16:26:41.000
232.65;61.50E-03;6.000;49.982;300;200E-03;14.308;12.989;0.419;3.19;16:26:42.000
232.65;61.39E-03;5.968;49.982;300;200E-03;14.282;12.976;0.418;3.21;16:26:43.000
232.62;60.95E-03;5.937;49.980;300;200E-03;14.178;12.875;0.419;3.22;16:26:44.000
232.68;67.07E-03;6.725;49.987;300;200E-03;15.605;14.082;0.431;3.23;16:26:45.000
232.59;67.75E-03;6.746;49.982;300;200E-03;15.759;14.242;0.428;3.25;16:26:46.000
232.61;66.74E-03;6.730;49.984;300;200E-03;15.525;13.991;0.433;3.26;16:26:47.000
232.63;68.61E-03;6.806;49.980;300;200E-03;15.961;14.438;0.426;3.27;16:26:48.000
232.61;67.28E-03;6.800;49.979;300;200E-03;15.650;14.096;0.435;3.24;16:26:49.000
232.61;67.98E-03;6.889;49.982;300;200E-03;15.813;14.234;0.436;3.22;16:26:50.000
232.70;67.64E-03;6.867;49.985;300;200E-03;15.740;14.163;0.436;3.20;16:26:51.000
232.60;68.47E-03;6.764;49.981;300;200E-03;15.926;14.418;0.425;3.25;16:26:52.000
232.53;68.33E-03;6.763;49.981;300;200E-03;15.889;14.378;0.426;3.28;16:26:53.000
232.53;61.07E-03;5.878;49.989;300;200E-03;14.200;12.926;0.414;3.23;16:26:54.000
232.68;62.23E-03;6.087;49.987;300;200E-03;14.478;13.137;0.420;3.24;16:26:55.000
232.65;67.59E-03;6.699;49.989;300;200E-03;15.726;14.227;0.426;3.21;16:26:56.000
232.65;68.17E-03;6.768;49.995;300;200E-03;15.859;14.343;0.427;3.24;16:26:57.000
232.74;67.25E-03;6.622;49.996;300;200E-03;15.653;14.184;0.423;3.24;16:26:58.000
232.63;68.09E-03;6.750;49.997;300;200E-03;15.840;14.330;0.426;3.22;16:26:59.000
232.67;68.27E-03;6.831;49.991;300;200E-03;15.883;14.339;0.430;3.23;16:27:00.000
232.69;69.12E-03;6.810;49.990;300;200E-03;16.082;14.569;0.423;3.25;16:27:01.000
232.78;67.97E-03;6.818;49.990;300;200E-03;15.822;14.278;0.431;3.25;16:27:02.000
232.86;67.57E-03;6.814;49.993;300;200E-03;15.735;14.183;0.433;3.26;16:27:03.000
232.79;68.31E-03;6.851;49.994;300;200E-03;15.903;14.351;0.431;3.24;16:27:04.000
232.81;68.18E-03;6.804;49.987;300;200E-03;15.874;14.341;0.429;3.25;16:27:05.000
232.85;66.90E-03;6.710;49.978;300;200E-03;15.578;14.059;0.431;3.21;16:27:06.000
232.88;68.39E-03;6.833;49.979;300;200E-03;15.927;14.387;0.429;3.23;16:27:07.000
232.75;61.75E-03;6.026;49.979;300;200E-03;14.373;13.048;0.419;3.21;16:27:08.000
232.86;62.55E-03;6.094;49.984;300;200E-03;14.564;13.228;0.418;3.27;16:27:09.000
232.84;62.92E-03;6.082;49.976;300;200E-03;14.651;13.329;0.415;3.29;16:27:10.000
232.81;61.46E-03;5.996;49.978;300;200E-03;14.309;12.992;0.419;3.26;16:27:11.000
232.73;61.28E-03;5.936;49.973;300;200E-03;14.262;12.968;0.416;3.24;16:27:12.000
232.78;61.42E-03;6.009;49.986;300;200E-03;14.297;12.973;0.420;3.26;16:27:13.000
232.75;61.83E-03;6.057;49.979;300;200E-03;14.390;13.052;0.421;3.31;16:27:14.000
232.77;62.52E-03;6.110;49.978;300;200E-03;14.554;13.209;0.420;3.28;16:27:15.000
232.73;61.07E-03;5.959;49.981;300;200E-03;14.214;12.904;0.419;3.29;16:27:16.000
232.62;60.99E-03;5.923;49.979;300;200E-03;14.188;12.892;0.417;3.29;16:27:17.000
232.82;61.17E-03;5.959;49.978;300;200E-03;14.243;12.937;0.418;3.29;16:27:18.000
232.79;61.39E-03;6.028;49.981;300;200E-03;14.290;12.956;0.422;3.29;16:27:19.000
232.71;60.90E-03;5.954;49.981;300;200E-03;14.172;12.860;0.420;3.31;16:27:20.000
232.79;61.12E-03;5.933;49.979;300;200E-03;14.229;12.934;0.417;3.30;16:27:21.000
232.71;60.83E-03;5.957;49.980;300;200E-03;14.156;12.842;0.421;3.25;16:27:22.000
232.72;62.08E-03;6.053;49.979;300;200E-03;14.448;13.120;0.419;3.27;16:27:23.000
232.75;61.10E-03;5.912;49.985;300;200E-03;14.220;12.933;0.416;3.26;16:27:24.000
232.78;66.09E-03;6.510;49.984;300;200E-03;15.383;13.938;0.423;3.26;16:27:25.000
232.74;67.40E-03;6.783;49.985;300;200E-03;15.687;14.145;0.432;3.27;16:27:26.000
232.81;68.01E-03;6.857;49.980;300;200E-03;15.833;14.271;0.433;3.26;16:27:27.000
232.66;67.75E-03;6.813;49.988;300;200E-03;15.762;14.214;0.432;3.24;16:27:28.000
232.63;67.60E-03;6.775;49.980;300;200E-03;15.726;14.191;0.431;3.23;16:27:29.000
232.64;67.21E-03;6.707;49.983;300;200E-03;15.636;14.124;0.429;3.24;16:27:30.000
232.72;68.59E-03;6.890;49.986;300;200E-03;15.963;14.400;0.432;3.27;16:27:31.000
232.67;62.99E-03;6.194;49.981;300;200E-03;14.655;13.281;0.423;3.26;16:27:32.000
232.59;67.31E-03;6.720;49.988;300;200E-03;15.656;14.141;0.429;3.28;16:27:33.000
232.63;65.44E-03;6.475;49.980;300;200E-03;15.224;13.779;0.425;3.25;16:27:34.000
232.75;67.67E-03;6.810;49.989;300;200E-03;15.750;14.202;0.432;3.26;16:27:35.000
232.76;67.55E-03;6.738;49.984;300;200E-03;15.723;14.205;0.429;3.25;16:27:36.000
232.76;68.05E-03;6.811;49.992;300;200E-03;15.838;14.299;0.430;3.29;16:27:37.000
232.64;67.96E-03;6.856;49.993;300;200E-03;15.810;14.247;0.434;3.29;16:27:38.000
232.64;67.57E-03;6.797;49.994;300;200E-03;15.718;14.173;0.432;3.29;16:27:39.000
232.69;67.50E-03;6.795;49.995;300;200E-03;15.707;14.162;0.433;3.29;16:27:40.000
232.75;67.83E-03;6.827;50.000;300;200E-03;15.787;14.235;0.432;3.29;16:27:41.000
232.78;60.54E-03;5.917;50.001;300;200E-03;14.091;12.789;0.420;3.29;16:27:42.000
232.82;61.17E-03;6.016;50.005;300;200E-03;14.241;12.908;0.422;3.30;16:27:43.000
232.76;61.49E-03;6.032;50.005;300;200E-03;14.311;12.978;0.422;3.28;16:27:44.000
232.73;62.00E-03;5.990;50.002;300;200E-03;14.430;13.128;0.415;3.30;16:27:45.000
232.78;62.40E-03;6.013;50.001;300;200E-03;14.526;13.223;0.414;3.26;16:27:46.000
232.86;62.32E-03;6.038;50.012;300;200E-03;14.513;13.197;0.416;3.27;16:27:47.000
232.82;63.20E-03;6.133;50.005;300;200E-03;14.715;13.376;0.417;3.27;16:27:48.000
232.90;62.87E-03;6.133;50.008;300;200E-03;14.643;13.297;0.419;3.28;16:27:49.000
232.90;62.02E-03;6.030;50.001;300;200E-03;14.445;13.126;0.417;3.23;16:27:50.000
232.96;62.07E-03;6.047;50.000;300;200E-03;14.459;13.134;0.418;3.22;16:27:51.000
232.95;61.18E-03;5.979;50.002;300;200E-03;14.251;12.937;0.420;3.23;16:27:52.000
232.85;62.25E-03;5.974;50.003;300;200E-03;14.496;13.208;0.412;3.19;16:27:53.000
232.89;61.83E-03;5.935;49.998;300;200E-03;14.399;13.119;0.412;3.22;16:27:54.000
232.05;60.91E-03;5.769;50.005;300;200E-03;14.134;12.903;0.408;3.18;16:27:55.000
232.75;68.20E-03;6.833;49.996;300;200E-03;15.874;14.328;0.430;3.21;16:27:56.000
232.76;68.03E-03;6.772;49.996;300;200E-03;15.833;14.312;0.428;3.18;16:27:57.000
232.65;68.21E-03;6.784;50.000;300;200E-03;15.870;14.347;0.427;3.20;16:27:58.000
232.75;68.14E-03;6.806;49.990;300;200E-03;15.859;14.324;0.429;3.18;16:27:59.000
232.82;67.23E-03;6.761;49.994;300;200E-03;15.652;14.116;0.432;3.25;16:28:00.000
232.82;66.65E-03;6.554;49.989;300;200E-03;15.518;14.067;0.422;3.23;16:28:01.000
232.80;67.84E-03;6.829;49.991;300;200E-03;15.792;14.239;0.432;3.19;16:28:02.000
232.86;68.26E-03;6.834;49.995;300;200E-03;15.894;14.350;0.430;3.20;16:28:03.000
232.82;66.86E-03;6.657;49.992;300;200E-03;15.567;14.071;0.428;3.20;16:28:04.000
232.74;69.38E-03;6.846;49.994;300;200E-03;16.148;14.625;0.424;3.21;16:28:05.000
232.86;68.23E-03;6.802;49.995;300;200E-03;15.887;14.357;0.428;3.21;16:28:06.000
232.78;69.20E-03;6.825;50.000;300;200E-03;16.109;14.591;0.424;3.21;16:28:07.000
232.64;62.61E-03;5.943;49.991;300;200E-03;14.567;13.299;0.408;3.23;16:28:08.000
232.67;64.72E-03;6.325;49.994;300;200E-03;15.059;13.666;0.420;3.18;16:28:09.000
232.65;64.27E-03;6.295;49.997;300;200E-03;14.952;13.562;0.421;3.19;16:28:10.000
232.68;61.17E-03;5.876;49.992;300;200E-03;14.232;12.963;0.413;3.18;16:28:11.000
232.64;62.80E-03;5.964;49.995;300;200E-03;14.609;13.337;0.408;3.19;16:28:12.000
232.63;61.98E-03;5.959;49.996;300;200E-03;14.418;13.129;0.413;3.20;16:28:13.000
232.76;62.64E-03;6.048;49.990;300;200E-03;14.580;13.267;0.415;3.17;16:28:14.000
232.80;61.44E-03;5.941;49.994;300;200E-03;14.302;13.010;0.415;3.24;16:28:15.000
232.78;61.62E-03;5.975;49.993;300;200E-03;14.343;13.039;0.417;3.20;16:28:16.000
232.75;61.82E-03;5.909;49.995;300;200E-03;14.388;13.119;0.411;3.20;16:28:17.000
232.72;61.56E-03;5.965;49.998;300;200E-03;14.327;13.026;0.416;3.17;16:28:18.000
232.67;62.24E-03;5.980;49.994;300;200E-03;14.482;13.190;0.413;3.20;16:28:19.000
232.66;62.72E-03;6.009;49.995;300;200E-03;14.592;13.297;0.412;3.22;16:28:20.000
232.69;62.41E-03;6.011;49.993;300;200E-03;14.523;13.221;0.414;3.21;16:28:21.000
232.60;67.96E-03;6.773;49.996;300;200E-03;15.808;14.284;0.428;3.21;16:28:22.000
232.59;68.97E-03;6.862;49.991;300;200E-03;16.040;14.499;0.428;3.21;16:28:23.000
232.60;67.70E-03;6.739;49.989;300;200E-03;15.746;14.232;0.428;3.25;16:28:24.000
232.73;69.08E-03;6.865;49.987;300;200E-03;16.076;14.537;0.427;3.23;16:28:25.000
232.64;67.44E-03;6.641;49.994;300;200E-03;15.691;14.216;0.423;3.20;16:28:26.000
232.60;64.18E-03;6.230;49.992;300;200E-03;14.929;13.567;0.417;3.28;16:28:27.000
232.56;65.04E-03;6.311;49.989;300;200E-03;15.126;13.747;0.417;3.28;16:28:28.000
232.60;68.55E-03;6.819;49.992;300;200E-03;15.946;14.414;0.428;3.29;16:28:29.000
232.63;67.16E-03;6.613;49.997;300;200E-03;15.623;14.155;0.423;3.26;16:28:30.000
232.76;68.73E-03;6.873;49.994;300;200E-03;15.998;14.447;0.430;3.23;16:28:31.000
232.64;68.31E-03;6.755;49.997;300;200E-03;15.891;14.384;0.425;3.26;16:28:32.000
232.62;68.16E-03;6.715;49.998;300;200E-03;15.854;14.362;0.424;3.26;16:28:33.000
232.49;67.83E-03;6.782;50.002;300;200E-03;15.769;14.237;0.430;3.24;16:28:34.000
232.52;68.51E-03;6.837;50.004;300;200E-03;15.931;14.389;0.429;3.25;16:28:35.000
232.58;68.85E-03;6.872;50.008;300;200E-03;16.013;14.463;0.429;3.29;16:28:36.000
232.58;68.20E-03;6.747;50.005;300;200E-03;15.863;14.356;0.425;3.27;16:28:37.000
232.68;68.73E-03;6.809;50.006;300;200E-03;15.991;14.469;0.426;3.24;16:28:38.000
232.62;68.44E-03;6.790;50.006;300;200E-03;15.920;14.400;0.426;3.22;16:28:39.000
232.70;69.53E-03;6.935;50.008;300;200E-03;16.180;14.619;0.429;3.27;16:28:40.000
232.62;63.57E-03;6.202;50.010;300;200E-03;14.787;13.424;0.419;3.30;16:28:41.000
232.48;61.63E-03;5.912;50.008;300;200E-03;14.327;13.050;0.413;3.25;16:28:42.000
232.51;68.62E-03;6.786;50.006;300;200E-03;15.954;14.439;0.425;3.28;16:28:43.000
232.54;68.09E-03;6.761;50.012;300;200E-03;15.834;14.318;0.427;3.24;16:28:44.000
232.62;68.86E-03;6.786;50.014;300;200E-03;16.018;14.510;0.424;3.30;16:28:45.000
232.64;68.95E-03;6.735;50.010;300;200E-03;16.040;14.557;0.420;3.25;16:28:46.000
232.70;68.14E-03;6.791;50.010;300;200E-03;15.855;14.327;0.428;3.28;16:28:47.000
232.62;67.84E-03;6.710;50.004;300;200E-03;15.782;14.284;0.425;3.26;16:28:48.000
232.62;67.44E-03;6.737;50.008;300;200E-03;15.688;14.167;0.429;3.25;16:28:49.000
232.57;68.92E-03;6.828;50.011;300;200E-03;16.030;14.503;0.426;3.24;16:28:50.000
232.53;69.01E-03;6.863;50.008;300;200E-03;16.046;14.504;0.428;3.24;16:28:51.000
232.50;68.14E-03;6.739;50.014;300;200E-03;15.843;14.339;0.425;3.24;16:28:52.000
232.54;68.78E-03;6.809;50.010;300;200E-03;15.994;14.472;0.426;3.24;16:28:53.000
232.73;68.40E-03;6.806;50.009;300;200E-03;15.919;14.390;0.428;3.24;16:28:54.000
232.61;67.09E-03;6.609;50.011;300;200E-03;15.605;14.137;0.423;3.23;16:28:55.000
232.63;66.19E-03;6.547;50.012;300;200E-03;15.397;13.936;0.425;3.24;16:28:56.000
232.66;68.46E-03;6.846;50.019;300;200E-03;15.928;14.381;0.430;3.22;16:28:57.000
232.66;70.25E-03;6.902;50.015;300;200E-03;16.344;14.815;0.422;3.22;16:28:58.000
232.59;68.19E-03;6.806;50.013;300;200E-03;15.860;14.325;0.429;3.21;16:28:59.000
232.75;68.70E-03;6.823;50.015;300;200E-03;15.990;14.461;0.427;3.20;16:29:00.000
232.68;68.63E-03;6.825;50.019;300;200E-03;15.970;14.438;0.427;3.23;16:29:01.000
232.69;68.47E-03;6.736;50.015;300;200E-03;15.932;14.438;0.423;3.24;16:29:02.000
232.70;70.17E-03;6.923;50.010;300;200E-03;16.328;14.788;0.424;3.26;16:29:03.000
232.71;67.38E-03;6.707;50.009;300;200E-03;15.679;14.172;0.428;3.25;16:29:04.000
232.66;68.68E-03;6.841;50.006;300;200E-03;15.978;14.439;0.428;3.25;16:29:05.000
232.64;68.78E-03;6.791;50.007;300;200E-03;16.001;14.488;0.424;3.26;16:29:06.000
232.63;69.26E-03;6.830;50.011;300;200E-03;16.112;14.593;0.424;3.25;16:29:07.000
232.49;68.49E-03;6.762;50.010;300;200E-03;15.923;14.416;0.425;3.20;16:29:08.000
232.71;68.87E-03;6.797;50.007;300;200E-03;16.026;14.513;0.424;3.27;16:29:09.000
232.73;64.36E-03;6.161;50.004;300;200E-03;14.979;13.653;0.411;3.28;16:29:10.000
232.63;65.43E-03;6.369;50.004;300;200E-03;15.222;13.825;0.418;3.27;16:29:11.000
231.72;68.58E-03;6.585;50.004;300;200E-03;15.892;14.464;0.414;3.20;16:29:12.000
232.46;68.23E-03;6.778;50.005;300;200E-03;15.860;14.339;0.427;3.24;16:29:13.000
232.57;68.76E-03;6.791;50.005;300;200E-03;15.991;14.478;0.425;3.21;16:29:14.000
232.51;68.20E-03;6.741;50.007;300;200E-03;15.856;14.352;0.425;3.21;16:29:15.000
232.55;68.54E-03;6.753;50.014;300;200E-03;15.939;14.438;0.424;3.20;16:29:16.000
232.54;67.16E-03;6.661;50.011;300;200E-03;15.618;14.126;0.427;3.20;16:29:17.000
232.47;68.51E-03;6.772;50.014;300;200E-03;15.926;14.414;0.425;3.22;16:29:18.000
232.56;67.81E-03;6.763;50.015;300;200E-03;15.770;14.246;0.429;3.19;16:29:19.000
232.50;69.73E-03;6.804;50.016;300;200E-03;16.213;14.716;0.420;3.23;16:29:20.000
232.55;61.98E-03;6.032;50.022;300;200E-03;14.414;13.091;0.418;3.25;16:29:21.000
232.56;62.10E-03;5.985;50.019;300;200E-03;14.441;13.142;0.414;3.21;16:29:22.000
232.47;63.15E-03;6.010;50.023;300;200E-03;14.680;13.394;0.409;3.26;16:29:23.000
232.62;63.21E-03;6.044;50.021;300;200E-03;14.703;13.403;0.411;3.27;16:29:24.000
232.62;61.28E-03;5.930;50.022;300;200E-03;14.254;12.963;0.416;3.24;16:29:25.000
232.48;61.87E-03;6.014;50.022;300;200E-03;14.384;13.067;0.418;3.27;16:29:26.000
232.60;62.00E-03;6.028;50.018;300;200E-03;14.420;13.100;0.418;3.25;16:29:27.000
232.70;62.01E-03;6.003;50.021;300;200E-03;14.429;13.121;0.416;3.23;16:29:28.000
232.69;61.08E-03;5.932;50.015;300;200E-03;14.212;12.915;0.417;3.19;16:29:29.000
232.62;62.54E-03;6.069;50.019;300;200E-03;14.547;13.221;0.417;3.27;16:29:30.000
232.62;62.49E-03;6.016;50.022;300;200E-03;14.535;13.232;0.414;3.26;16:29:31.000
232.60;62.14E-03;6.043;50.027;300;200E-03;14.455;13.131;0.418;3.27;16:29:32.000
232.57;62.37E-03;5.970;50.015;300;200E-03;14.506;13.220;0.412;3.27;16:29:33.000
232.61;61.40E-03;5.991;50.019;300;200E-03;14.282;12.964;0.419;3.25;16:29:34.000
232.67;68.51E-03;6.730;50.016;300;200E-03;15.939;14.449;0.422;3.24;16:29:35.000
232.57;68.10E-03;6.708;50.019;300;200E-03;15.838;14.347;0.424;3.25;16:29:36.000
232.54;69.37E-03;6.765;50.015;300;200E-03;16.132;14.645;0.419;3.22;16:29:37.000
232.41;69.45E-03;6.695;50.018;300;200E-03;16.141;14.687;0.415;3.20;16:29:38.000
232.34;68.89E-03;6.784;50.012;300;200E-03;16.006;14.498;0.424;3.20;16:29:39.000
232.44;69.32E-03;6.712;50.014;300;200E-03;16.112;14.647;0.417;3.26;16:29:40.000
232.49;69.52E-03;6.836;50.015;300;200E-03;16.161;14.644;0.423;3.24;16:29:41.000
232.29;70.19E-03;6.851;50.015;300;200E-03;16.303;14.794;0.420;3.27;16:29:42.000
232.39;69.14E-03;6.841;50.011;300;200E-03;16.068;14.539;0.426;3.29;16:29:43.000
232.39;68.79E-03;6.848;50.013;300;200E-03;15.986;14.445;0.428;3.28;16:29:44.000
232.41;68.03E-03;6.823;50.012;300;200E-03;15.811;14.263;0.432;3.26;16:29:45.000
232.33;67.38E-03;6.757;50.015;300;200E-03;15.656;14.123;0.432;3.24;16:29:46.000
232.34;68.05E-03;6.757;50.019;300;200E-03;15.810;14.293;0.427;3.24;16:29:47.000
232.43;68.67E-03;6.842;50.023;300;200E-03;15.961;14.420;0.429;3.24;16:29:48.000
232.49;68.77E-03;6.885;50.022;300;200E-03;15.989;14.431;0.431;3.24;16:29:49.000
232.40;64.99E-03;6.320;50.022;300;200E-03;15.104;13.718;0.418;3.23;16:29:50.000
232.48;67.62E-03;6.640;50.033;300;200E-03;15.720;14.249;0.422;3.22;16:29:51.000
232.48;67.65E-03;6.794;50.031;300;200E-03;15.729;14.186;0.432;3.18;16:29:52.000
232.50;68.39E-03;6.876;50.036;300;200E-03;15.900;14.337;0.432;3.24;16:29:53.000
232.50;68.61E-03;6.860;50.040;300;200E-03;15.952;14.401;0.430;3.25;16:29:54.000
232.44;68.06E-03;6.845;50.041;300;200E-03;15.818;14.261;0.433;3.23;16:29:55.000
232.41;67.66E-03;6.800;50.046;300;200E-03;15.725;14.179;0.432;3.19;16:29:56.000
232.45;68.37E-03;6.854;50.049;300;200E-03;15.892;14.338;0.431;3.15;16:29:57.000
232.52;43.52E-03;3.834;50.053;300;200E-03;10.120;9.366;0.379;3.26;16:29:58.000
nan;nan;nan;nan;300;100E-03;nan;nan;nan;nan;16:29:59.000
232.55;42.77E-03;3.739;50.045;300;100E-03;9.946;9.216;0.376;3.24;16:30:00.000
232.44;43.22E-03;3.74;50.052;300;500E-03;10.05;9.32;0.373;3.24;16:30:01.000
nan;nan;nan;nan;300;500E-03;nan;nan;nan;nan;16:30:02.000
nan;nan;nan;nan;300;100E-03;nan;nan;nan;nan;16:30:03.000
232.54;42.90E-03;3.750;50.035;300;100E-03;9.976;9.245;0.376;3.22;16:30:04.000
232.60;42.67E-03;3.753;50.047;300;100E-03;9.925;9.188;0.378;3.23;16:30:05.000
232.50;41.87E-03;3.672;50.040;300;100E-03;9.736;9.016;0.377;3.21;16:30:06.000
nan;nan;nan;nan;300;500E-03;nan;nan;nan;nan;16:30:07.000
232.55;40.80E-03;3.480;50.037;300;100E-03;9.489;8.827;0.367;3.25;16:30:08.000
nan;nan;nan;nan;300;500E-03;nan;nan;nan;nan;16:30:09.000
nan;nan;nan;nan;300;200E-03;nan;nan;nan;nan;16:30:10.000
232.54;inf;inf;50.034;300;100E-03;inf;inf;inf;3.25;16:30:11.000
nan;nan;nan;nan;300;100E-03;nan;nan;nan;nan;16:30:12.000
232.59;47.44E-03;4.352;50.026;300;100E-03;11.034;10.139;0.394;3.23;16:30:13.000
232.43;48.42E-03;4.406;50.036;300;100E-03;11.255;10.356;0.391;3.20;16:30:14.000
232.45;51.26E-03;4.723;50.023;300;100E-03;11.916;10.940;0.396;3.22;16:30:15.000
232.40;42.98E-03;3.818;50.032;300;100E-03;9.988;9.230;0.382;3.32;16:30:16.000
232.40;45.35E-03;4.075;50.022;300;100E-03;10.538;9.718;0.387;3.13;16:30:17.000
232.45;43.46E-03;3.775;50.036;300;100E-03;10.103;9.372;0.374;3.23;16:30:18.000
nan;nan;nan;nan;300;500E-03;nan;nan;nan;nan;16:30:19.000
232.25;44.26E-03;3.935;50.033;300;100E-03;10.280;9.497;0.383;3.20;16:30:20.000
232.30;45.48E-03;4.111;50.032;300;100E-03;10.564;9.731;0.389;3.19;16:30:21.000
232.31;45.76E-03;4.118;50.036;300;100E-03;10.631;9.801;0.387;3.15;16:30:22.000
232.20;45.33E-03;4.099;50.028;300;100E-03;10.525;9.694;0.389;3.23;16:30:23.000
232.21;46.22E-03;4.111;50.035;300;100E-03;10.733;9.915;0.383;3.18;16:30:24.000
232.19;inf;inf;50.043;300;100E-03;inf;inf;inf;3.21;16:30:25.000
nan;nan;nan;nan;300;100E-03;nan;nan;nan;nan;16:30:26.000
232.13;45.03E-03;3.941;50.040;300;100E-03;10.454;9.683;0.377;3.21;16:30:27.000
232.13;46.22E-03;4.098;50.047;300;100E-03;10.729;9.916;0.382;3.15;16:30:28.000
232.06;46.08E-03;4.018;50.041;300;100E-03;10.693;9.909;0.376;3.18;16:30:29.000
232.12;46.29E-03;4.05;50.051;300;500E-03;10.74;9.95;0.377;3.21;16:30:30.000
236.89;46.87E-03;4.257;50.052;300;200E-03;11.104;10.255;0.383;3.20;16:30:31.000
232.18;45.94E-03;4.067;50.051;300;100E-03;10.667;9.861;0.381;3.18;16:30:32.000
232.17;45.77E-03;3.96;50.055;300;500E-03;10.63;9.86;0.373;3.12;16:30:33.000
232.16;45.74E-03;4.097;50.051;300;100E-03;10.619;9.797;0.386;3.19;16:30:34.000
nan;nan;nan;nan;300;500E-03;nan;nan;nan;nan;16:30:35.000
nan;nan;nan;nan;300;200E-03;nan;nan;nan;nan;16:30:36.000
232.06;44.16E-03;3.848;50.051;300;200E-03;10.248;9.498;0.375;3.20;16:30:37.000
232.07;46.71E-03;4.083;50.051;300;200E-03;10.839;10.041;0.377;3.20;16:30:38.000
232.04;44.29E-03;3.883;50.055;300;200E-03;10.277;9.516;0.378;3.18;16:30:39.000
232.09;46.11E-03;4.109;50.053;300;200E-03;10.701;9.881;0.384;3.20;16:30:40.000
232.05;44.20E-03;3.884;50.054;300;200E-03;10.256;9.492;0.379;3.20;16:30:41.000
231.94;45.89E-03;4.059;50.050;300;200E-03;10.645;9.841;0.381;3.23;16:30:42.000
232.09;46.57E-03;4.123;50.055;300;200E-03;10.809;9.992;0.381;3.23;16:30:43.000
232.02;46.05E-03;4.085;50.049;300;200E-03;10.684;9.872;0.382;3.21;16:30:44.000
232.03;48.91E-03;4.449;50.044;300;200E-03;11.349;10.440;0.392;3.20;16:30:45.000
nan;nan;nan;nan;300;100E-03;nan;nan;nan;nan;16:30:46.000
232.06;49.77E-03;4.465;50.042;300;100E-03;11.549;10.651;0.387;3.25;16:30:47.000
232.07;inf;inf;50.047;300;100E-03;inf;inf;inf;3.27;16:30:48.000
nan;nan;nan;nan;300;100E-03;nan;nan;nan;nan;16:30:49.000
232.01;50.74E-03;4.626;50.042;300;100E-03;11.772;10.825;0.393;3.22;16:30:50.000
231.93;43.65E-03;3.835;50.038;300;100E-03;10.123;9.369;0.379;3.26;16:30:51.000
231.92;45.25E-03;4.029;50.034;300;100E-03;10.495;9.690;0.384;3.27;16:30:52.000
231.90;43.13E-03;3.762;50.033;300;100E-03;10.002;9.267;0.376;3.27;16:30:53.000
231.93;44.68E-03;3.942;50.034;300;100E-03;10.361;9.582;0.380;3.28;16:30:54.000
231.86;42.62E-03;3.714;50.035;300;100E-03;9.883;9.159;0.376;3.23;16:30:55.000
231.89;45.36E-03;4.016;50.029;300;100E-03;10.519;9.722;0.382;3.22;16:30:56.000
231.94;inf;inf;50.025;300;100E-03;inf;inf;inf;3.23;16:30:57.000
231.92;45.70E-03;4.03;50.024;300;500E-03;10.60;9.80;0.380;3.24;16:30:58.000
231.89;42.85E-03;3.741;50.022;300;100E-03;9.937;9.206;0.376;3.24;16:30:59.000
231.84;46.03E-03;4.00;50.024;300;500E-03;10.67;9.89;0.375;3.23;16:31:00.000
231.84;42.80E-03;3.689;50.029;300;200E-03;9.924;9.213;0.372;3.22;16:31:01.000
231.78;44.74E-03;3.904;50.030;300;100E-03;10.369;9.606;0.377;3.19;16:31:02.000
231.78;42.14E-03;3.631;50.027;300;100E-03;9.766;9.066;0.372;3.19;16:31:03.000
231.80;45.21E-03;3.982;50.032;300;100E-03;10.480;9.694;0.380;3.19;16:31:04.000
231.90;44.58E-03;3.84;50.028;300;500E-03;10.34;9.60;0.371;3.23;16:31:05.000
231.89;43.06E-03;3.744;50.032;300;200E-03;9.986;9.257;0.375;3.25;16:31:06.000
231.91;42.65E-03;3.686;50.031;300;200E-03;9.891;9.178;0.373;3.25;16:31:07.000
231.77;45.17E-03;3.901;50.030;300;100E-03;10.468;9.714;0.373;3.21;16:31:08.000
231.88;43.23E-03;3.748;50.026;300;100E-03;10.025;9.298;0.374;3.22;16:31:09.000
231.85;44.47E-03;3.920;50.027;300;100E-03;10.311;9.536;0.380;3.20;16:31:10.000
231.86;42.58E-03;3.681;50.024;300;100E-03;9.872;9.160;0.373;3.19;16:31:11.000
231.74;44.37E-03;3.838;50.033;300;100E-03;10.282;9.538;0.373;3.15;16:31:12.000
231.88;45.76E-03;3.98;50.020;300;500E-03;10.61;9.84;0.375;3.15;16:31:13.000
231.79;44.65E-03;3.932;50.025;300;100E-03;10.349;9.573;0.380;3.15;16:31:14.000
231.76;45.30E-03;3.967;50.026;300;100E-03;10.499;9.720;0.378;3.17;16:31:15.000
231.81;44.48E-03;3.917;50.025;300;100E-03;10.310;9.537;0.380;3.16;16:31:16.000
231.76;46.90E-03;4.166;50.023;300;100E-03;10.870;10.040;0.383;3.17;16:31:17.000
nan;nan;nan;nan;300;500E-03;nan;nan;nan;nan;16:31:18.000
nan;nan;nan;nan;300;200E-03;nan;nan;nan;nan;16:31:19.000
