timesatmp,rss_kib
2026-09-15T12:52:52+02:00,6956336
2026-09-15T12:52:53+02:00,6956336
2026-09-15T12:52:54+02:00,6956336
2026-09-15T12:52:55+02:00,6956336
2026-09-15T12:52:56+02:00,6956336
2026-09-15T12:52:57+02:00,6956336
2026-09-15T12:52:58+02:00,6956336
2026-09-15T12:53:00+02:00,6956336
2026-09-15T12:53:01+02:00,6956336
2026-09-15T12:53:02+02:00,6956336
2026-09-15T12:53:03+02:00,6956336
2026-09-15T12:53:04+02:00,6970816
2026-09-15T12:53:05+02:00,6970816
2026-09-15T12:53:06+02:00,6970816
2026-09-15T12:53:07+02:00,6970816
2026-09-15T12:53:08+02:00,6970816
2026-09-15T12:53:09+02:00,6970816
2026-09-15T12:53:10+02:00,6970816
2026-09-15T12:53:11+02:00,6970816
2026-09-15T12:53:12+02:00,6970816
2026-09-15T12:53:13+02:00,6970816
2026-09-15T12:53:14+02:00,6970816
2026-09-15T12:53:16+02:00,6970816
2026-09-15T12:53:17+02:00,6970816
2026-09-15T12:53:18+02:00,6970816
2026-09-15T12:53:19+02:00,6970816
2026-09-15T12:53:20+02:00,6970816
2026-09-15T12:53:21+02:00,6970816
2026-09-15T12:53:22+02:00,6970816
2026-09-15T12:53:23+02:00,6970816
2026-09-15T12:53:24+02:00,6970816
2026-09-15T12:53:25+02:00,6970816
2026-09-15T12:53:26+02:00,6970816
2026-09-15T12:53:27+02:00,6970816
2026-09-15T12:53:28+02:00,6970816
2026-09-15T12:53:29+02:00,6970816
2026-09-15T12:53:30+02:00,6970816
2026-09-15T12:53:31+02:00,6970816
2026-09-15T12:53:33+02:00,6970816
2026-09-15T12:53:34+02:00,6970816
2026-09-15T12:53:35+02:00,6970816
2026-09-15T12:53:36+02:00,6970816
2026-09-15T12:53:37+02:00,6970816
2026-09-15T12:53:38+02:00,6970816
2026-09-15T12:53:39+02:00,6970816
2026-09-15T12:53:40+02:00,6970816
2026-09-15T12:53:41+02:00,6970816
2026-09-15T12:53:42+02:00,6970816
2026-09-15T12:53:43+02:00,6970816
2026-09-15T12:53:44+02:00,6970816
2026-09-15T12:53:45+02:00,6970816
2026-09-15T12:53:46+02:00,6970816
2026-09-15T12:53:47+02:00,6970816
2026-09-15T12:53:49+02:00,6970816
2026-09-15T12:53:50+02:00,6970816
2026-09-15T12:53:51+02:00,6970816
2026-09-15T12:53:52+02:00,6970816
2026-09-15T12:53:53+02:00,6970816
2026-09-15T12:53:54+02:00,6970816
2026-09-15T12:53:55+02:00,6970816
2026-09-15T12:53:56+02:00,6970816
2026-09-15T12:53:57+02:00,6970816
2026-09-15T12:53:58+02:00,6970816
2026-09-15T12:53:59+02:00,6970816
2026-09-15T12:54:00+02:00,6970816
2026-09-15T12:54:01+02:00,6970816
2026-09-15T12:54:02+02:00,6970816
2026-09-15T12:54:04+02:00,7000352
2026-09-15T12:54:05+02:00,7000352
2026-09-15T12:54:06+02:00,7000352
2026-09-15T12:54:07+02:00,7000352
2026-09-15T12:54:08+02:00,7000352
2026-09-15T12:54:09+02:00,7000352
2026-09-15T12:54:10+02:00,7000352
2026-09-15T12:54:11+02:00,7000352
2026-09-15T12:54:12+02:00,7000352
2026-09-15T12:54:13+02:00,7000352
2026-09-15T12:54:14+02:00,7000352
2026-09-15T12:54:15+02:00,7000352
2026-09-15T12:54:17+02:00,7000352
2026-09-15T12:54:18+02:00,7000352
2026-09-15T12:54:19+02:00,7000352
2026-09-15T12:54:20+02:00,7000352
2026-09-15T12:54:21+02:00,7000352
2026-09-15T12:54:22+02:00,7000352
2026-09-15T12:54:23+02:00,7000352
2026-09-15T12:54:24+02:00,7000352
2026-09-15T12:54:25+02:00,7000352
2026-09-15T12:54:26+02:00,7000352
2026-09-15T12:54:27+02:00,7000352
2026-09-15T12:54:28+02:00,7000352
2026-09-15T12:54:30+02:00,7000352
2026-09-15T12:54:31+02:00,7000352
2026-09-15T12:54:32+02:00,7000352
2026-09-15T12:54:33+02:00,7000352
2026-09-15T12:54:34+02:00,7000352
2026-09-15T12:54:35+02:00,7000352
2026-09-15T12:54:36+02:00,7000352
2026-09-15T12:54:37+02:00,7000352
2026-09-15T12:54:38+02:00,7000352
2026-09-15T12:54:39+02:00,7000352
2026-09-15T12:54:40+02:00,7000352
2026-09-15T12:54:41+02:00,7000352
2026-09-15T12:54:42+02:00,7000352
2026-09-15T12:54:44+02:00,7000352
2026-09-15T12:54:45+02:00,7000352
2026-09-15T12:54:46+02:00,7000352
2026-09-15T12:54:47+02:00,7000352
2026-09-15T12:54:48+02:00,7000352
2026-09-15T12:54:49+02:00,7000352
2026-09-15T12:54:50+02:00,7000352
2026-09-15T12:54:51+02:00,7000352
2026-09-15T12:54:52+02:00,7000352
2026-09-15T12:54:53+02:00,7000352
2026-09-15T12:54:54+02:00,7000352
2026-09-15T12:54:55+02:00,7000352
2026-09-15T12:54:56+02:00,7000352
2026-09-15T12:54:57+02:00,7000352
2026-09-15T12:54:59+02:00,7000352
2026-09-15T12:55:00+02:00,7000352
2026-09-15T12:55:01+02:00,7000352
2026-09-15T12:55:02+02:00,7000352
2026-09-15T12:55:03+02:00,7000352
2026-09-15T12:55:04+02:00,7000352
2026-09-15T12:55:05+02:00,7000352
2026-09-15T12:55:06+02:00,7000352
2026-09-15T12:55:07+02:00,7000352
2026-09-15T12:55:08+02:00,7000352
2026-09-15T12:55:09+02:00,7000352
2026-09-15T12:55:10+02:00,7000352
2026-09-15T12:55:11+02:00,7000352
2026-09-15T12:55:12+02:00,7000352
2026-09-15T12:55:13+02:00,7000352
2026-09-15T12:55:15+02:00,7000352
2026-09-15T12:55:16+02:00,7000352
2026-09-15T12:55:17+02:00,7000352
2026-09-15T12:55:18+02:00,7000352
2026-09-15T12:55:19+02:00,7000352
2026-09-15T12:55:20+02:00,7000352
2026-09-15T12:55:21+02:00,7000352
2026-09-15T12:55:22+02:00,7000352
2026-09-15T12:55:23+02:00,7000352
2026-09-15T12:55:24+02:00,7000352
2026-09-15T12:55:25+02:00,7000352
2026-09-15T12:55:26+02:00,7000352
2026-09-15T12:55:27+02:00,7000352
2026-09-15T12:55:28+02:00,7000352
2026-09-15T12:55:30+02:00,7000352
2026-09-15T12:55:31+02:00,7000352
2026-09-15T12:55:32+02:00,7037616
2026-09-15T12:55:33+02:00,7037616
2026-09-15T12:55:34+02:00,7037616
2026-09-15T12:55:35+02:00,7037616
2026-09-15T12:55:36+02:00,7037616
2026-09-15T12:55:37+02:00,7037616
2026-09-15T12:55:38+02:00,7037616
2026-09-15T12:55:39+02:00,7037616
2026-09-15T12:55:40+02:00,7037616
2026-09-15T12:55:41+02:00,7037616
2026-09-15T12:55:42+02:00,7037616
2026-09-15T12:55:44+02:00,7037616
2026-09-15T12:55:45+02:00,7037616
2026-09-15T12:55:46+02:00,7037616
2026-09-15T12:55:47+02:00,7037616
2026-09-15T12:55:48+02:00,7037616
2026-09-15T12:55:49+02:00,7037616
2026-09-15T12:55:50+02:00,7037616
2026-09-15T12:55:51+02:00,7037616
2026-09-15T12:55:52+02:00,7037616
2026-09-15T12:55:53+02:00,7037616
2026-09-15T12:55:54+02:00,7037616
2026-09-15T12:55:55+02:00,7037616
2026-09-15T12:55:56+02:00,7037616
2026-09-15T12:55:57+02:00,7037616
2026-09-15T12:55:59+02:00,7037616
2026-09-15T12:56:00+02:00,7037616
2026-09-15T12:56:01+02:00,7037616
2026-09-15T12:56:02+02:00,7037616
2026-09-15T12:56:03+02:00,7037616
2026-09-15T12:56:04+02:00,7037616
2026-09-15T12:56:05+02:00,7037616
2026-09-15T12:56:06+02:00,7037616
2026-09-15T12:56:07+02:00,7037616
2026-09-15T12:56:08+02:00,7037616
2026-09-15T12:56:09+02:00,7037616
2026-09-15T12:56:10+02:00,7037616
2026-09-15T12:56:11+02:00,7037616
2026-09-15T12:56:12+02:00,7037616
2026-09-15T12:56:14+02:00,7037616
2026-09-15T12:56:15+02:00,7060992
2026-09-15T12:56:16+02:00,7060992
2026-09-15T12:56:17+02:00,7060992
2026-09-15T12:56:18+02:00,7060992
2026-09-15T12:56:19+02:00,7060992
2026-09-15T12:56:20+02:00,7060992
2026-09-15T12:56:21+02:00,7060992
2026-09-15T12:56:22+02:00,7060992
2026-09-15T12:56:23+02:00,7060992
2026-09-15T12:56:25+02:00,7060992
2026-09-15T12:56:26+02:00,7060992
2026-09-15T12:56:27+02:00,7060992
2026-09-15T12:56:28+02:00,7060992
2026-09-15T12:56:29+02:00,7060992
2026-09-15T12:56:30+02:00,7060992
2026-09-15T12:56:31+02:00,7060992
2026-09-15T12:56:32+02:00,7060992
2026-09-15T12:56:33+02:00,7060992
2026-09-15T12:56:34+02:00,7060992
2026-09-15T12:56:35+02:00,7060992
2026-09-15T12:56:36+02:00,7060992
2026-09-15T12:56:37+02:00,7060992
2026-09-15T12:56:39+02:00,7060992
2026-09-15T12:56:40+02:00,7060992
2026-09-15T12:56:41+02:00,7060992
2026-09-15T12:56:42+02:00,7060992
2026-09-15T12:56:43+02:00,7060992
2026-09-15T12:56:44+02:00,7060992
2026-09-15T12:56:45+02:00,7060992
2026-09-15T12:56:46+02:00,7060992
2026-09-15T12:56:47+02:00,7060992
2026-09-15T12:56:48+02:00,7060992
2026-09-15T12:56:49+02:00,7060992
2026-09-15T12:56:50+02:00,7060992
2026-09-15T12:56:51+02:00,7060992
2026-09-15T12:56:52+02:00,7060992
2026-09-15T12:56:54+02:00,7060992
2026-09-15T12:56:55+02:00,7060992
2026-09-15T12:56:56+02:00,7060992
2026-09-15T12:56:57+02:00,7060992
2026-09-15T12:56:58+02:00,7060992
2026-09-15T12:56:59+02:00,7060992
2026-09-15T12:57:00+02:00,7060992
2026-09-15T12:57:01+02:00,7060992
2026-09-15T12:57:02+02:00,7060992
2026-09-15T12:57:03+02:00,7060992
2026-09-15T12:57:04+02:00,7060992
2026-09-15T12:57:05+02:00,7060992
2026-09-15T12:57:06+02:00,7060992
2026-09-15T12:57:07+02:00,7060992
2026-09-15T12:57:09+02:00,7060992
2026-09-15T12:57:10+02:00,7060992
2026-09-15T12:57:11+02:00,7060992
2026-09-15T12:57:12+02:00,7060992
2026-09-15T12:57:13+02:00,7060992
2026-09-15T12:57:14+02:00,7060992
2026-09-15T12:57:15+02:00,7060992
2026-09-15T12:57:16+02:00,7060992
2026-09-15T12:57:17+02:00,7060992
2026-09-15T12:57:18+02:00,7060992
2026-09-15T12:57:19+02:00,7060992
2026-09-15T12:57:20+02:00,7060992
2026-09-15T12:57:21+02:00,7060992
2026-09-15T12:57:22+02:00,7060992
2026-09-15T12:57:24+02:00,7060992
2026-09-15T12:57:25+02:00,7060992
2026-09-15T12:57:26+02:00,7060992
2026-09-15T12:57:27+02:00,7060992
2026-09-15T12:57:28+02:00,7060992
2026-09-15T12:57:29+02:00,7060992
2026-09-15T12:57:30+02:00,7060992
2026-09-15T12:57:31+02:00,7060992
2026-09-15T12:57:32+02:00,7060992
2026-09-15T12:57:33+02:00,7095120
2026-09-15T12:57:34+02:00,7095120
2026-09-15T12:57:35+02:00,7095120
2026-09-15T12:57:36+02:00,7095120
2026-09-15T12:57:38+02:00,7095120
2026-09-15T12:57:39+02:00,7095120
2026-09-15T12:57:40+02:00,7095120
2026-09-15T12:57:41+02:00,7095120
2026-09-15T12:57:42+02:00,7095120
2026-09-15T12:57:43+02:00,7095120
2026-09-15T12:57:44+02:00,7095120
2026-09-15T12:57:45+02:00,7095120
2026-09-15T12:57:46+02:00,7095120
2026-09-15T12:57:47+02:00,7095120
2026-09-15T12:57:48+02:00,7095120
2026-09-15T12:57:49+02:00,7095120
2026-09-15T12:57:51+02:00,7095120
2026-09-15T12:57:52+02:00,7095120
2026-09-15T12:57:53+02:00,7095120
2026-09-15T12:57:54+02:00,7095120
2026-09-15T12:57:55+02:00,7095120
2026-09-15T12:57:56+02:00,7095120
2026-09-15T12:57:57+02:00,7095120
2026-09-15T12:57:58+02:00,7095120
2026-09-15T12:57:59+02:00,7095120
2026-09-15T12:58:00+02:00,7095120
2026-09-15T12:58:01+02:00,7095120
2026-09-15T12:58:02+02:00,7095120
2026-09-15T12:58:03+02:00,7095120
2026-09-15T12:58:04+02:00,7095120
2026-09-15T12:58:06+02:00,7095120
2026-09-15T12:58:07+02:00,7095120
2026-09-15T12:58:08+02:00,7095120
2026-09-15T12:58:09+02:00,7095120
2026-09-15T12:58:10+02:00,7095120
2026-09-15T12:58:11+02:00,7095120
2026-09-15T12:58:12+02:00,7095120
2026-09-15T12:58:13+02:00,7095120
2026-09-15T12:58:14+02:00,7095120
2026-09-15T12:58:15+02:00,7095120
2026-09-15T12:58:16+02:00,7095120
2026-09-15T12:58:17+02:00,7095120
2026-09-15T12:58:18+02:00,7095120
2026-09-15T12:58:19+02:00,7095120
2026-09-15T12:58:21+02:00,7095120
2026-09-15T12:58:22+02:00,7095120
2026-09-15T12:58:23+02:00,7095120
2026-09-15T12:58:24+02:00,7095120
2026-09-15T12:58:25+02:00,7095120
2026-09-15T12:58:26+02:00,7095120
2026-09-15T12:58:27+02:00,7095120
2026-09-15T12:58:28+02:00,7095120
2026-09-15T12:58:29+02:00,7095120
2026-09-15T12:58:30+02:00,7095120
2026-09-15T12:58:31+02:00,7095120
2026-09-15T12:58:32+02:00,7095120
2026-09-15T12:58:33+02:00,7095120
2026-09-15T12:58:34+02:00,7095120
2026-09-15T12:58:35+02:00,7095120
2026-09-15T12:58:37+02:00,7095120
2026-09-15T12:58:38+02:00,7095120
2026-09-15T12:58:39+02:00,7095120
2026-09-15T12:58:40+02:00,7095120
2026-09-15T12:58:41+02:00,7095120
2026-09-15T12:58:42+02:00,7095120
2026-09-15T12:58:43+02:00,7095120
2026-09-15T12:58:44+02:00,7095120
2026-09-15T12:58:45+02:00,7095120
2026-09-15T12:58:46+02:00,7095120
2026-09-15T12:58:47+02:00,7095120
2026-09-15T12:58:48+02:00,7095120
2026-09-15T12:58:49+02:00,7095120
2026-09-15T12:58:50+02:00,7128192
2026-09-15T12:58:52+02:00,7128192
2026-09-15T12:58:53+02:00,7128192
2026-09-15T12:58:54+02:00,7128192
2026-09-15T12:58:55+02:00,7128192
2026-09-15T12:58:56+02:00,7128192
2026-09-15T12:58:57+02:00,7128192
2026-09-15T12:58:58+02:00,7128192
2026-09-15T12:58:59+02:00,7128192
2026-09-15T12:59:00+02:00,7128192
2026-09-15T12:59:02+02:00,7128192
2026-09-15T12:59:03+02:00,7128192
2026-09-15T12:59:04+02:00,7128192
2026-09-15T12:59:05+02:00,7128192
2026-09-15T12:59:06+02:00,7128192
2026-09-15T12:59:07+02:00,7128192
2026-09-15T12:59:08+02:00,7128192
2026-09-15T12:59:09+02:00,7128192
2026-09-15T12:59:10+02:00,7128192
2026-09-15T12:59:11+02:00,7128192
2026-09-15T12:59:12+02:00,7128192
2026-09-15T12:59:13+02:00,7128192
2026-09-15T12:59:15+02:00,7128192
2026-09-15T12:59:16+02:00,7128192
2026-09-15T12:59:17+02:00,7128192
2026-09-15T12:59:18+02:00,7128192
2026-09-15T12:59:19+02:00,7128192
2026-09-15T12:59:20+02:00,7128192
2026-09-15T12:59:21+02:00,7128192
2026-09-15T12:59:22+02:00,7128192
2026-09-15T12:59:23+02:00,7128192
2026-09-15T12:59:24+02:00,7128192
2026-09-15T12:59:25+02:00,7128192
2026-09-15T12:59:26+02:00,7128192
2026-09-15T12:59:27+02:00,7128192
2026-09-15T12:59:28+02:00,7128192
2026-09-15T12:59:29+02:00,7128192
2026-09-15T12:59:31+02:00,7128192
2026-09-15T12:59:32+02:00,7128192
2026-09-15T12:59:33+02:00,7128192
2026-09-15T12:59:34+02:00,7128192
2026-09-15T12:59:35+02:00,7128192
2026-09-15T12:59:36+02:00,7128192
2026-09-15T12:59:37+02:00,7128192
2026-09-15T12:59:38+02:00,7128192
2026-09-15T12:59:39+02:00,7128192
2026-09-15T12:59:40+02:00,7128192
2026-09-15T12:59:41+02:00,7128192
2026-09-15T12:59:42+02:00,7128192
2026-09-15T12:59:43+02:00,7128192
2026-09-15T12:59:45+02:00,7128192
2026-09-15T12:59:46+02:00,7128192
2026-09-15T12:59:47+02:00,7128192
2026-09-15T12:59:48+02:00,7128192
2026-09-15T12:59:49+02:00,7128192
2026-09-15T12:59:50+02:00,7128192
2026-09-15T12:59:51+02:00,7128192
2026-09-15T12:59:52+02:00,7128192
2026-09-15T12:59:53+02:00,7128192
2026-09-15T12:59:54+02:00,7128192
2026-09-15T12:59:55+02:00,7128192
2026-09-15T12:59:56+02:00,7128192
2026-09-15T12:59:57+02:00,7128192
2026-09-15T12:59:59+02:00,7128192
2026-09-15T13:00:00+02:00,7128192
2026-09-15T13:00:01+02:00,7128192
2026-09-15T13:00:02+02:00,7128192
2026-09-15T13:00:03+02:00,7128192
2026-09-15T13:00:04+02:00,7128192
2026-09-15T13:00:05+02:00,7128192
2026-09-15T13:00:06+02:00,7128192
2026-09-15T13:00:07+02:00,7128192
2026-09-15T13:00:08+02:00,7128192
2026-09-15T13:00:09+02:00,7128192
2026-09-15T13:00:10+02:00,7128192
2026-09-15T13:00:11+02:00,7128192
2026-09-15T13:00:13+02:00,7128192
2026-09-15T13:00:14+02:00,7162272
2026-09-15T13:00:15+02:00,7162272
2026-09-15T13:00:16+02:00,7162272
2026-09-15T13:00:17+02:00,7162272
2026-09-15T13:00:18+02:00,7162272
2026-09-15T13:00:19+02:00,7162272
2026-09-15T13:00:20+02:00,7162272
2026-09-15T13:00:21+02:00,7162272
2026-09-15T13:00:22+02:00,7162272
2026-09-15T13:00:24+02:00,7162272
2026-09-15T13:00:25+02:00,7162272
2026-09-15T13:00:26+02:00,7162272
2026-09-15T13:00:27+02:00,7162272
2026-09-15T13:00:28+02:00,7162272
2026-09-15T13:00:29+02:00,7162272
2026-09-15T13:00:30+02:00,7162272
2026-09-15T13:00:31+02:00,7162272
2026-09-15T13:00:32+02:00,7162272
2026-09-15T13:00:33+02:00,7162272
2026-09-15T13:00:34+02:00,7162272
2026-09-15T13:00:35+02:00,7162272
2026-09-15T13:00:37+02:00,7162272
2026-09-15T13:00:38+02:00,7162272
2026-09-15T13:00:39+02:00,7162272
2026-09-15T13:00:40+02:00,7162272
2026-09-15T13:00:41+02:00,7162272
2026-09-15T13:00:42+02:00,7162272
2026-09-15T13:00:43+02:00,7162272
2026-09-15T13:00:44+02:00,7162272
2026-09-15T13:00:45+02:00,7162272
2026-09-15T13:00:46+02:00,7162272
2026-09-15T13:00:47+02:00,7162272
2026-09-15T13:00:48+02:00,7162272
2026-09-15T13:00:49+02:00,7162272
2026-09-15T13:00:51+02:00,7162272
2026-09-15T13:00:52+02:00,7162272
2026-09-15T13:00:53+02:00,7162272
2026-09-15T13:00:54+02:00,7162272
2026-09-15T13:00:55+02:00,7162272
2026-09-15T13:00:56+02:00,7162272
2026-09-15T13:00:57+02:00,7162272
2026-09-15T13:00:58+02:00,7162272
2026-09-15T13:00:59+02:00,7162272
2026-09-15T13:01:00+02:00,7162272
2026-09-15T13:01:01+02:00,7162272
2026-09-15T13:01:03+02:00,7162272
2026-09-15T13:01:04+02:00,7162272
2026-09-15T13:01:05+02:00,7162272
2026-09-15T13:01:06+02:00,7162272
2026-09-15T13:01:07+02:00,7162272
2026-09-15T13:01:08+02:00,7162272
2026-09-15T13:01:09+02:00,7162272
2026-09-15T13:01:10+02:00,7162272
2026-09-15T13:01:11+02:00,7162272
2026-09-15T13:01:12+02:00,7162272
2026-09-15T13:01:13+02:00,7162272
2026-09-15T13:01:14+02:00,7162272
2026-09-15T13:01:15+02:00,7162272
2026-09-15T13:01:17+02:00,7162272
2026-09-15T13:01:18+02:00,7162272
2026-09-15T13:01:19+02:00,7162272
2026-09-15T13:01:20+02:00,7191648
2026-09-15T13:01:21+02:00,7191648
2026-09-15T13:01:22+02:00,7191648
2026-09-15T13:01:23+02:00,7191648
2026-09-15T13:01:24+02:00,7191648
2026-09-15T13:01:25+02:00,7191648
2026-09-15T13:01:26+02:00,7191648
2026-09-15T13:01:28+02:00,7191648
2026-09-15T13:01:29+02:00,7191648
2026-09-15T13:01:30+02:00,7191648
2026-09-15T13:01:31+02:00,7191648
2026-09-15T13:01:32+02:00,7191648
2026-09-15T13:01:33+02:00,7191648
2026-09-15T13:01:34+02:00,7191648
2026-09-15T13:01:35+02:00,7191648
2026-09-15T13:01:36+02:00,7191648
2026-09-15T13:01:37+02:00,7191648
2026-09-15T13:01:38+02:00,7191648
2026-09-15T13:01:39+02:00,7191648
2026-09-15T13:01:41+02:00,7191648
2026-09-15T13:01:42+02:00,7191648
2026-09-15T13:01:43+02:00,7191648
2026-09-15T13:01:44+02:00,7191648
2026-09-15T13:01:45+02:00,7191648
2026-09-15T13:01:46+02:00,7191648
2026-09-15T13:01:47+02:00,7191648
2026-09-15T13:01:48+02:00,7191648
2026-09-15T13:01:49+02:00,7191648
2026-09-15T13:01:50+02:00,7191648
2026-09-15T13:01:51+02:00,7191648
2026-09-15T13:01:52+02:00,7191648
2026-09-15T13:01:53+02:00,7191648
2026-09-15T13:01:55+02:00,7191648
2026-09-15T13:01:56+02:00,7191648
2026-09-15T13:01:57+02:00,7191648
2026-09-15T13:01:58+02:00,7191648
2026-09-15T13:01:59+02:00,7191648
2026-09-15T13:02:00+02:00,7191648
2026-09-15T13:02:01+02:00,7191648
2026-09-15T13:02:02+02:00,7191648
2026-09-15T13:02:03+02:00,7191648
2026-09-15T13:02:04+02:00,7191648
2026-09-15T13:02:05+02:00,7191648
2026-09-15T13:02:06+02:00,7191648
2026-09-15T13:02:07+02:00,7191648
2026-09-15T13:02:09+02:00,7191648
2026-09-15T13:02:10+02:00,7191648
2026-09-15T13:02:11+02:00,7191648
2026-09-15T13:02:12+02:00,7191648
2026-09-15T13:02:13+02:00,7191648
2026-09-15T13:02:14+02:00,7191648
2026-09-15T13:02:15+02:00,7191648
2026-09-15T13:02:16+02:00,7191648
2026-09-15T13:02:17+02:00,7191648
2026-09-15T13:02:18+02:00,7191648
2026-09-15T13:02:19+02:00,7191648
2026-09-15T13:02:20+02:00,7191648
2026-09-15T13:02:21+02:00,7191648
2026-09-15T13:02:23+02:00,7191648
2026-09-15T13:02:24+02:00,7191648
2026-09-15T13:02:25+02:00,7191648
2026-09-15T13:02:26+02:00,7191648
2026-09-15T13:02:27+02:00,7191648
2026-09-15T13:02:28+02:00,7191648
2026-09-15T13:02:29+02:00,7191648
2026-09-15T13:02:30+02:00,7191648
2026-09-15T13:02:31+02:00,7191648
2026-09-15T13:02:32+02:00,7191648
2026-09-15T13:02:33+02:00,7222144
2026-09-15T13:02:34+02:00,7222144
2026-09-15T13:02:35+02:00,7222144
2026-09-15T13:02:37+02:00,7222144
2026-09-15T13:02:38+02:00,7222144
2026-09-15T13:02:39+02:00,7222144
2026-09-15T13:02:40+02:00,7222144
2026-09-15T13:02:41+02:00,7222144
2026-09-15T13:02:42+02:00,7222144
2026-09-15T13:02:43+02:00,7222144
2026-09-15T13:02:44+02:00,7222144
2026-09-15T13:02:45+02:00,7222144
2026-09-15T13:02:47+02:00,7222144
2026-09-15T13:02:48+02:00,7222144
2026-09-15T13:02:49+02:00,7222144
2026-09-15T13:02:50+02:00,7222144
2026-09-15T13:02:51+02:00,7222144
2026-09-15T13:02:52+02:00,7222144
2026-09-15T13:02:53+02:00,7222144
2026-09-15T13:02:54+02:00,7222144
2026-09-15T13:02:55+02:00,7222144
2026-09-15T13:02:56+02:00,7222144
2026-09-15T13:02:57+02:00,7222144
2026-09-15T13:02:59+02:00,7222144
2026-09-15T13:03:00+02:00,7222144
2026-09-15T13:03:01+02:00,7222144
2026-09-15T13:03:02+02:00,7222144
2026-09-15T13:03:03+02:00,7222144
2026-09-15T13:03:04+02:00,7222144
2026-09-15T13:03:05+02:00,7222144
2026-09-15T13:03:06+02:00,7222144
2026-09-15T13:03:07+02:00,7222144
2026-09-15T13:03:08+02:00,7222144
2026-09-15T13:03:09+02:00,7222144
2026-09-15T13:03:10+02:00,7222144
2026-09-15T13:03:11+02:00,7222144
2026-09-15T13:03:13+02:00,7222144
2026-09-15T13:03:14+02:00,7222144
2026-09-15T13:03:15+02:00,7222144
2026-09-15T13:03:16+02:00,7222144
2026-09-15T13:03:17+02:00,7222144
2026-09-15T13:03:18+02:00,7222144
2026-09-15T13:03:19+02:00,7222144
2026-09-15T13:03:20+02:00,7222144
2026-09-15T13:03:21+02:00,7222144
2026-09-15T13:03:22+02:00,7222144
2026-09-15T13:03:23+02:00,7222144
2026-09-15T13:03:24+02:00,7222144
2026-09-15T13:03:25+02:00,7222144
2026-09-15T13:03:26+02:00,7222144
2026-09-15T13:03:28+02:00,7222144
2026-09-15T13:03:29+02:00,7222144
2026-09-15T13:03:30+02:00,7222144
2026-09-15T13:03:31+02:00,7222144
2026-09-15T13:03:32+02:00,7222144
2026-09-15T13:03:33+02:00,7248048
2026-09-15T13:03:34+02:00,7248048
2026-09-15T13:03:35+02:00,7248048
2026-09-15T13:03:36+02:00,7248048
2026-09-15T13:03:37+02:00,7248048
2026-09-15T13:03:39+02:00,7248048
2026-09-15T13:03:40+02:00,7248048
2026-09-15T13:03:41+02:00,7248048
2026-09-15T13:03:42+02:00,7248048
2026-09-15T13:03:43+02:00,7248048
2026-09-15T13:03:44+02:00,7248048
2026-09-15T13:03:45+02:00,7248048
2026-09-15T13:03:46+02:00,7248048
2026-09-15T13:03:47+02:00,7248048
2026-09-15T13:03:48+02:00,7248048
2026-09-15T13:03:49+02:00,7248048
2026-09-15T13:03:51+02:00,7248048
2026-09-15T13:03:52+02:00,7248048
2026-09-15T13:03:53+02:00,7248048
2026-09-15T13:03:54+02:00,7248048
2026-09-15T13:03:55+02:00,7248048
2026-09-15T13:03:56+02:00,7248048
2026-09-15T13:03:57+02:00,7248048
2026-09-15T13:03:58+02:00,7248048
2026-09-15T13:03:59+02:00,7248048
2026-09-15T13:04:00+02:00,7248048
2026-09-15T13:04:01+02:00,7248048
2026-09-15T13:04:02+02:00,7248048
2026-09-15T13:04:03+02:00,7248048
2026-09-15T13:04:05+02:00,7248048
2026-09-15T13:04:06+02:00,7248048
2026-09-15T13:04:07+02:00,7248048
2026-09-15T13:04:08+02:00,7248048
2026-09-15T13:04:09+02:00,7248048
2026-09-15T13:04:10+02:00,7248048
2026-09-15T13:04:11+02:00,7248048
2026-09-15T13:04:12+02:00,7248048
2026-09-15T13:04:13+02:00,7248048
2026-09-15T13:04:14+02:00,7248048
2026-09-15T13:04:15+02:00,7248048
2026-09-15T13:04:16+02:00,7248048
2026-09-15T13:04:17+02:00,7248048
2026-09-15T13:04:19+02:00,7248048
2026-09-15T13:04:20+02:00,7248048
2026-09-15T13:04:21+02:00,7248048
2026-09-15T13:04:22+02:00,7248048
2026-09-15T13:04:23+02:00,7248048
2026-09-15T13:04:24+02:00,7248048
2026-09-15T13:04:25+02:00,7271488
2026-09-15T13:04:26+02:00,7271488
2026-09-15T13:04:27+02:00,7271488
2026-09-15T13:04:28+02:00,7271488
2026-09-15T13:04:29+02:00,7271488
2026-09-15T13:04:30+02:00,7271488
2026-09-15T13:04:32+02:00,7271488
2026-09-15T13:04:33+02:00,7271488
2026-09-15T13:04:34+02:00,7271488
2026-09-15T13:04:35+02:00,7271488
2026-09-15T13:04:36+02:00,7271488
2026-09-15T13:04:37+02:00,7271488
2026-09-15T13:04:38+02:00,7271488
2026-09-15T13:04:39+02:00,7271488
2026-09-15T13:04:40+02:00,7271488
2026-09-15T13:04:41+02:00,7271488
2026-09-15T13:04:42+02:00,7271488
2026-09-15T13:04:44+02:00,7271488
2026-09-15T13:04:45+02:00,7271488
2026-09-15T13:04:46+02:00,7271488
2026-09-15T13:04:47+02:00,7271488
2026-09-15T13:04:48+02:00,7271488
2026-09-15T13:04:49+02:00,7271488
2026-09-15T13:04:50+02:00,7271488
2026-09-15T13:04:51+02:00,7271488
2026-09-15T13:04:52+02:00,7271488
2026-09-15T13:04:53+02:00,7271488
2026-09-15T13:04:54+02:00,7271488
2026-09-15T13:04:55+02:00,7271488
2026-09-15T13:04:57+02:00,7271488
2026-09-15T13:04:58+02:00,7271488
2026-09-15T13:04:59+02:00,7271488
2026-09-15T13:05:00+02:00,7271488
2026-09-15T13:05:01+02:00,7271488
2026-09-15T13:05:02+02:00,7271488
2026-09-15T13:05:03+02:00,7271488
2026-09-15T13:05:04+02:00,7271488
2026-09-15T13:05:05+02:00,7271488
2026-09-15T13:05:06+02:00,7271488
2026-09-15T13:05:07+02:00,7271488
2026-09-15T13:05:08+02:00,7271488
2026-09-15T13:05:10+02:00,7271488
2026-09-15T13:05:11+02:00,7271488
2026-09-15T13:05:12+02:00,7271488
2026-09-15T13:05:13+02:00,7271488
2026-09-15T13:05:14+02:00,7271488
2026-09-15T13:05:15+02:00,7271488
2026-09-15T13:05:16+02:00,7271488
2026-09-15T13:05:17+02:00,7271488
2026-09-15T13:05:18+02:00,7271488
2026-09-15T13:05:19+02:00,7271488
2026-09-15T13:05:20+02:00,7271488
2026-09-15T13:05:21+02:00,7271488
2026-09-15T13:05:22+02:00,7271488
2026-09-15T13:05:23+02:00,7271488
2026-09-15T13:05:24+02:00,7271488
2026-09-15T13:05:26+02:00,7271488
2026-09-15T13:05:27+02:00,7271488
2026-09-15T13:05:28+02:00,7297712
2026-09-15T13:05:29+02:00,7297712
2026-09-15T13:05:30+02:00,7297712
2026-09-15T13:05:31+02:00,7297712
2026-09-15T13:05:32+02:00,7297712
2026-09-15T13:05:33+02:00,7297712
2026-09-15T13:05:34+02:00,7297712
2026-09-15T13:05:35+02:00,7297712
2026-09-15T13:05:37+02:00,7297712
2026-09-15T13:05:38+02:00,7297712
2026-09-15T13:05:39+02:00,7297712
2026-09-15T13:05:40+02:00,7297712
2026-09-15T13:05:41+02:00,7297712
2026-09-15T13:05:42+02:00,7297712
2026-09-15T13:05:43+02:00,7297712
2026-09-15T13:05:44+02:00,7297712
2026-09-15T13:05:45+02:00,7297712
2026-09-15T13:05:46+02:00,7297712
2026-09-15T13:05:47+02:00,7297712
2026-09-15T13:05:48+02:00,7297712
2026-09-15T13:05:50+02:00,7297712
2026-09-15T13:05:51+02:00,7297712
2026-09-15T13:05:52+02:00,7297712
2026-09-15T13:05:53+02:00,7297712
2026-09-15T13:05:54+02:00,7297712
2026-09-15T13:05:55+02:00,7297712
2026-09-15T13:05:56+02:00,7297712
2026-09-15T13:05:57+02:00,7297712
2026-09-15T13:05:58+02:00,7297712
2026-09-15T13:05:59+02:00,7297712
2026-09-15T13:06:00+02:00,7297712
2026-09-15T13:06:01+02:00,7297712
2026-09-15T13:06:02+02:00,7297712
2026-09-15T13:06:04+02:00,7297712
2026-09-15T13:06:05+02:00,7297712
2026-09-15T13:06:06+02:00,7297712
2026-09-15T13:06:07+02:00,7297712
2026-09-15T13:06:08+02:00,7297712
2026-09-15T13:06:09+02:00,7297712
2026-09-15T13:06:10+02:00,7297712
2026-09-15T13:06:11+02:00,7297712
2026-09-15T13:06:12+02:00,7297712
2026-09-15T13:06:13+02:00,7297712
2026-09-15T13:06:14+02:00,7297712
2026-09-15T13:06:15+02:00,7320016
2026-09-15T13:06:17+02:00,7320016
2026-09-15T13:06:18+02:00,7320016
2026-09-15T13:06:19+02:00,7320016
2026-09-15T13:06:20+02:00,7320016
2026-09-15T13:06:21+02:00,7320016
2026-09-15T13:06:22+02:00,7320016
2026-09-15T13:06:23+02:00,7320016
2026-09-15T13:06:24+02:00,7320016
2026-09-15T13:06:25+02:00,7320016
2026-09-15T13:06:26+02:00,7320016
2026-09-15T13:06:27+02:00,7320016
2026-09-15T13:06:29+02:00,7320016
2026-09-15T13:06:30+02:00,7320016
2026-09-15T13:06:31+02:00,7320016
2026-09-15T13:06:32+02:00,7320016
2026-09-15T13:06:33+02:00,7320016
2026-09-15T13:06:34+02:00,7320016
2026-09-15T13:06:35+02:00,7320016
2026-09-15T13:06:36+02:00,7320016
2026-09-15T13:06:37+02:00,7320016
2026-09-15T13:06:38+02:00,7320016
2026-09-15T13:06:39+02:00,7320016
2026-09-15T13:06:40+02:00,7320016
2026-09-15T13:06:41+02:00,7320016
2026-09-15T13:06:43+02:00,7320016
2026-09-15T13:06:44+02:00,7320016
2026-09-15T13:06:45+02:00,7320016
2026-09-15T13:06:46+02:00,7320016
2026-09-15T13:06:47+02:00,7320016
2026-09-15T13:06:48+02:00,7320016
2026-09-15T13:06:49+02:00,7320016
2026-09-15T13:06:50+02:00,7320016
2026-09-15T13:06:51+02:00,7320016
2026-09-15T13:06:52+02:00,7320016
2026-09-15T13:06:53+02:00,7320016
2026-09-15T13:06:54+02:00,7320016
2026-09-15T13:06:55+02:00,7320016
2026-09-15T13:06:57+02:00,7320016
2026-09-15T13:06:58+02:00,7320016
2026-09-15T13:06:59+02:00,7320016
2026-09-15T13:07:00+02:00,7320016
2026-09-15T13:07:01+02:00,7320016
2026-09-15T13:07:02+02:00,7320016
2026-09-15T13:07:03+02:00,7320016
2026-09-15T13:07:04+02:00,7320016
2026-09-15T13:07:05+02:00,7320016
2026-09-15T13:07:06+02:00,7320016
2026-09-15T13:07:07+02:00,7320016
2026-09-15T13:07:08+02:00,7320016
2026-09-15T13:07:10+02:00,7320016
2026-09-15T13:07:11+02:00,7320016
2026-09-15T13:07:12+02:00,7344576
2026-09-15T13:07:13+02:00,7344576
2026-09-15T13:07:14+02:00,7344576
2026-09-15T13:07:15+02:00,7344576
2026-09-15T13:07:16+02:00,7344576
2026-09-15T13:07:17+02:00,7344576
2026-09-15T13:07:18+02:00,7344576
2026-09-15T13:07:20+02:00,7344576
2026-09-15T13:07:21+02:00,7344576
2026-09-15T13:07:22+02:00,7344576
2026-09-15T13:07:23+02:00,7344576
2026-09-15T13:07:24+02:00,7344576
2026-09-15T13:07:25+02:00,7344576
2026-09-15T13:07:26+02:00,7344576
2026-09-15T13:07:27+02:00,7344576
2026-09-15T13:07:28+02:00,7344576
2026-09-15T13:07:29+02:00,7344576
2026-09-15T13:07:30+02:00,7344576
2026-09-15T13:07:31+02:00,7344576
2026-09-15T13:07:32+02:00,7344576
2026-09-15T13:07:34+02:00,7344576
2026-09-15T13:07:35+02:00,7344576
2026-09-15T13:07:36+02:00,7344576
2026-09-15T13:07:37+02:00,7344576
2026-09-15T13:07:38+02:00,7344576
2026-09-15T13:07:39+02:00,7344576
2026-09-15T13:07:40+02:00,7344576
2026-09-15T13:07:41+02:00,7344576
2026-09-15T13:07:42+02:00,7344576
2026-09-15T13:07:43+02:00,7344576
2026-09-15T13:07:44+02:00,7344576
2026-09-15T13:07:45+02:00,7344576
2026-09-15T13:07:47+02:00,7344576
2026-09-15T13:07:48+02:00,7344576
2026-09-15T13:07:49+02:00,7344576
2026-09-15T13:07:50+02:00,7344576
2026-09-15T13:07:51+02:00,7344576
2026-09-15T13:07:52+02:00,7344576
2026-09-15T13:07:53+02:00,7344576
2026-09-15T13:07:54+02:00,7344576
2026-09-15T13:07:55+02:00,7344576
2026-09-15T13:07:56+02:00,7344576
2026-09-15T13:07:57+02:00,7344576
2026-09-15T13:07:58+02:00,7344576
2026-09-15T13:07:59+02:00,7344576
2026-09-15T13:08:01+02:00,7344576
2026-09-15T13:08:02+02:00,7344576
2026-09-15T13:08:03+02:00,7344576
2026-09-15T13:08:04+02:00,7344576
2026-09-15T13:08:05+02:00,7344576
2026-09-15T13:08:06+02:00,7344576
2026-09-15T13:08:07+02:00,7344576
2026-09-15T13:08:08+02:00,7344576
2026-09-15T13:08:09+02:00,7344576
2026-09-15T13:08:10+02:00,7344576
2026-09-15T13:08:11+02:00,7344576
2026-09-15T13:08:12+02:00,7344576
2026-09-15T13:08:13+02:00,7369808
2026-09-15T13:08:15+02:00,7369808
2026-09-15T13:08:16+02:00,7369808
2026-09-15T13:08:17+02:00,7369808
2026-09-15T13:08:18+02:00,7369808
2026-09-15T13:08:19+02:00,7369808
2026-09-15T13:08:20+02:00,7369808
2026-09-15T13:08:21+02:00,7369808
2026-09-15T13:08:22+02:00,7369808
2026-09-15T13:08:24+02:00,7369808
2026-09-15T13:08:25+02:00,7369808
2026-09-15T13:08:26+02:00,7369808
2026-09-15T13:08:27+02:00,7369808
2026-09-15T13:08:28+02:00,7369808
2026-09-15T13:08:29+02:00,7369808
2026-09-15T13:08:30+02:00,7369808
2026-09-15T13:08:31+02:00,7369808
2026-09-15T13:08:32+02:00,7369808
2026-09-15T13:08:33+02:00,7369808
2026-09-15T13:08:34+02:00,7369808
2026-09-15T13:08:36+02:00,7369808
2026-09-15T13:08:37+02:00,7369808
2026-09-15T13:08:38+02:00,7369808
2026-09-15T13:08:39+02:00,7369808
2026-09-15T13:08:40+02:00,7369808
2026-09-15T13:08:41+02:00,7369808
2026-09-15T13:08:42+02:00,7369808
2026-09-15T13:08:43+02:00,7369808
2026-09-15T13:08:44+02:00,7369808
2026-09-15T13:08:45+02:00,7369808
2026-09-15T13:08:46+02:00,7369808
2026-09-15T13:08:47+02:00,7369808
2026-09-15T13:08:49+02:00,7369808
2026-09-15T13:08:50+02:00,7369808
2026-09-15T13:08:51+02:00,7369808
2026-09-15T13:08:52+02:00,7369808
2026-09-15T13:08:53+02:00,7369808
2026-09-15T13:08:54+02:00,7369808
2026-09-15T13:08:55+02:00,7369808
2026-09-15T13:08:56+02:00,7369808
2026-09-15T13:08:57+02:00,7369808
2026-09-15T13:08:58+02:00,7369808
2026-09-15T13:08:59+02:00,7369808
2026-09-15T13:09:00+02:00,7369808
2026-09-15T13:09:02+02:00,7369808
2026-09-15T13:09:03+02:00,7369808
2026-09-15T13:09:04+02:00,7369808
2026-09-15T13:09:05+02:00,7369808
2026-09-15T13:09:06+02:00,7369808
2026-09-15T13:09:07+02:00,7369808
2026-09-15T13:09:08+02:00,7369808
2026-09-15T13:09:09+02:00,7369808
2026-09-15T13:09:10+02:00,7369808
2026-09-15T13:09:11+02:00,7369808
2026-09-15T13:09:12+02:00,7369808
2026-09-15T13:09:13+02:00,7369808
2026-09-15T13:09:14+02:00,7369808
2026-09-15T13:09:15+02:00,7369808
2026-09-15T13:09:17+02:00,7369808
2026-09-15T13:09:18+02:00,7369808
2026-09-15T13:09:19+02:00,7369808
2026-09-15T13:09:20+02:00,7369808
2026-09-15T13:09:21+02:00,7369808
2026-09-15T13:09:22+02:00,7369808
2026-09-15T13:09:23+02:00,7369808
2026-09-15T13:09:24+02:00,7399184
2026-09-15T13:09:25+02:00,7399184
2026-09-15T13:09:26+02:00,7399184
2026-09-15T13:09:27+02:00,7399184
2026-09-15T13:09:29+02:00,7399184
2026-09-15T13:09:30+02:00,7399184
2026-09-15T13:09:31+02:00,7399184
2026-09-15T13:09:32+02:00,7399184
2026-09-15T13:09:33+02:00,7399184
2026-09-15T13:09:34+02:00,7399184
2026-09-15T13:09:35+02:00,7399184
2026-09-15T13:09:36+02:00,7399184
2026-09-15T13:09:37+02:00,7399184
2026-09-15T13:09:38+02:00,7399184
2026-09-15T13:09:39+02:00,7399184
2026-09-15T13:09:41+02:00,7399184
2026-09-15T13:09:42+02:00,7399184
2026-09-15T13:09:43+02:00,7399184
2026-09-15T13:09:44+02:00,7399184
2026-09-15T13:09:45+02:00,7399184
2026-09-15T13:09:46+02:00,7399184
2026-09-15T13:09:47+02:00,7399184
2026-09-15T13:09:48+02:00,7399184
2026-09-15T13:09:49+02:00,7399184
2026-09-15T13:09:50+02:00,7399184
2026-09-15T13:09:51+02:00,7399184
2026-09-15T13:09:52+02:00,7399184
2026-09-15T13:09:53+02:00,7399184
2026-09-15T13:09:55+02:00,7399184
2026-09-15T13:09:56+02:00,7399184
2026-09-15T13:09:57+02:00,7399184
2026-09-15T13:09:58+02:00,7399184
2026-09-15T13:09:59+02:00,7399184
2026-09-15T13:10:00+02:00,7399184
2026-09-15T13:10:01+02:00,7399184
2026-09-15T13:10:02+02:00,7399184
2026-09-15T13:10:03+02:00,7399184
2026-09-15T13:10:04+02:00,7399184
2026-09-15T13:10:05+02:00,7399184
2026-09-15T13:10:06+02:00,7399184
2026-09-15T13:10:08+02:00,7399184
2026-09-15T13:10:09+02:00,7399184
2026-09-15T13:10:10+02:00,7399184
2026-09-15T13:10:11+02:00,7399184
2026-09-15T13:10:12+02:00,7399184
2026-09-15T13:10:13+02:00,7399184
2026-09-15T13:10:14+02:00,7399184
2026-09-15T13:10:15+02:00,7399184
2026-09-15T13:10:16+02:00,7399184
2026-09-15T13:10:17+02:00,7399184
2026-09-15T13:10:18+02:00,7399184
2026-09-15T13:10:19+02:00,7399184
2026-09-15T13:10:20+02:00,7399184
2026-09-15T13:10:22+02:00,7399184
2026-09-15T13:10:23+02:00,7399184
2026-09-15T13:10:24+02:00,7399184
2026-09-15T13:10:25+02:00,7399184
2026-09-15T13:10:26+02:00,7399184
2026-09-15T13:10:27+02:00,7399184
2026-09-15T13:10:28+02:00,7399184
2026-09-15T13:10:29+02:00,7399184
2026-09-15T13:10:30+02:00,7399184
2026-09-15T13:10:31+02:00,7399184
2026-09-15T13:10:32+02:00,7399184
2026-09-15T13:10:33+02:00,7428880
2026-09-15T13:10:34+02:00,7428880
2026-09-15T13:10:35+02:00,7428880
2026-09-15T13:10:37+02:00,7428880
2026-09-15T13:10:38+02:00,7428880
2026-09-15T13:10:39+02:00,7428880
2026-09-15T13:10:40+02:00,7428880
2026-09-15T13:10:41+02:00,7428880
2026-09-15T13:10:42+02:00,7428880
2026-09-15T13:10:43+02:00,7428880
2026-09-15T13:10:44+02:00,7428880
2026-09-15T13:10:45+02:00,7428880
2026-09-15T13:10:47+02:00,7428880
2026-09-15T13:10:48+02:00,7428880
2026-09-15T13:10:49+02:00,7428880
2026-09-15T13:10:50+02:00,7428880
2026-09-15T13:10:51+02:00,7428880
2026-09-15T13:10:52+02:00,7428880
2026-09-15T13:10:53+02:00,7428880
2026-09-15T13:10:54+02:00,7428880
2026-09-15T13:10:55+02:00,7428880
2026-09-15T13:10:56+02:00,7428880
2026-09-15T13:10:57+02:00,7428880
2026-09-15T13:10:58+02:00,7428880
2026-09-15T13:11:00+02:00,7428880
2026-09-15T13:11:01+02:00,7428880
2026-09-15T13:11:02+02:00,7428880
2026-09-15T13:11:03+02:00,7428880
2026-09-15T13:11:04+02:00,7428880
2026-09-15T13:11:05+02:00,7428880
2026-09-15T13:11:06+02:00,7428880
2026-09-15T13:11:07+02:00,7428880
2026-09-15T13:11:08+02:00,7428880
2026-09-15T13:11:09+02:00,7428880
2026-09-15T13:11:10+02:00,7428880
2026-09-15T13:11:11+02:00,7428880
2026-09-15T13:11:12+02:00,7428880
2026-09-15T13:11:13+02:00,7428880
2026-09-15T13:11:15+02:00,7428880
2026-09-15T13:11:16+02:00,7428880
2026-09-15T13:11:17+02:00,7451088
2026-09-15T13:11:18+02:00,7451088
2026-09-15T13:11:19+02:00,7451088
2026-09-15T13:11:20+02:00,7451088
2026-09-15T13:11:21+02:00,7451088
2026-09-15T13:11:22+02:00,7451088
2026-09-15T13:11:23+02:00,7451088
2026-09-15T13:11:24+02:00,7451088
2026-09-15T13:11:26+02:00,7451088
2026-09-15T13:11:27+02:00,7451088
2026-09-15T13:11:28+02:00,7451088
2026-09-15T13:11:29+02:00,7451088
2026-09-15T13:11:30+02:00,7451088
2026-09-15T13:11:31+02:00,7451088
2026-09-15T13:11:32+02:00,7451088
2026-09-15T13:11:33+02:00,7451088
2026-09-15T13:11:34+02:00,7451088
2026-09-15T13:11:35+02:00,7451088
2026-09-15T13:11:36+02:00,7451088
2026-09-15T13:11:37+02:00,7451088
2026-09-15T13:11:39+02:00,7451088
2026-09-15T13:11:40+02:00,7451088
2026-09-15T13:11:41+02:00,7451088
2026-09-15T13:11:42+02:00,7451088
2026-09-15T13:11:43+02:00,7451088
2026-09-15T13:11:44+02:00,7451088
2026-09-15T13:11:45+02:00,7451088
2026-09-15T13:11:46+02:00,7451088
2026-09-15T13:11:47+02:00,7451088
2026-09-15T13:11:48+02:00,7469696
2026-09-15T13:11:49+02:00,7469696
2026-09-15T13:11:50+02:00,7469696
2026-09-15T13:11:51+02:00,7469696
2026-09-15T13:11:53+02:00,7469696
2026-09-15T13:11:54+02:00,7469696
2026-09-15T13:11:55+02:00,7469696
2026-09-15T13:11:56+02:00,7469696
2026-09-15T13:11:57+02:00,7469696
2026-09-15T13:11:58+02:00,7469696
2026-09-15T13:11:59+02:00,7469696
2026-09-15T13:12:00+02:00,7469696
2026-09-15T13:12:01+02:00,7469696
2026-09-15T13:12:02+02:00,7469696
2026-09-15T13:12:04+02:00,7469696
2026-09-15T13:12:05+02:00,7469696
2026-09-15T13:12:06+02:00,7469696
2026-09-15T13:12:07+02:00,7469696
2026-09-15T13:12:08+02:00,7469696
2026-09-15T13:12:09+02:00,7469696
2026-09-15T13:12:10+02:00,7469696
2026-09-15T13:12:11+02:00,7469696
2026-09-15T13:12:12+02:00,7469696
2026-09-15T13:12:13+02:00,7469696
2026-09-15T13:12:14+02:00,7469696
2026-09-15T13:12:15+02:00,7469696
2026-09-15T13:12:16+02:00,7469696
2026-09-15T13:12:18+02:00,7469696
2026-09-15T13:12:19+02:00,7469696
2026-09-15T13:12:20+02:00,7469696
2026-09-15T13:12:21+02:00,7469696
2026-09-15T13:12:22+02:00,7469696
2026-09-15T13:12:23+02:00,7469696
2026-09-15T13:12:24+02:00,7469696
2026-09-15T13:12:25+02:00,7469696
2026-09-15T13:12:26+02:00,7469696
2026-09-15T13:12:27+02:00,7469696
2026-09-15T13:12:28+02:00,7469696
2026-09-15T13:12:29+02:00,7469696
2026-09-15T13:12:31+02:00,7469696
2026-09-15T13:12:32+02:00,7469696
2026-09-15T13:12:33+02:00,7469696
2026-09-15T13:12:34+02:00,7469696
2026-09-15T13:12:35+02:00,7469696
2026-09-15T13:12:36+02:00,7469696
2026-09-15T13:12:37+02:00,7469696
2026-09-15T13:12:38+02:00,7469696
2026-09-15T13:12:39+02:00,7469696
2026-09-15T13:12:40+02:00,7469696
2026-09-15T13:12:41+02:00,7469696
2026-09-15T13:12:42+02:00,7469696
2026-09-15T13:12:43+02:00,7469696
2026-09-15T13:12:45+02:00,7469696
2026-09-15T13:12:46+02:00,7469696
2026-09-15T13:12:47+02:00,7469696
2026-09-15T13:12:48+02:00,7469696
2026-09-15T13:12:49+02:00,7469696
2026-09-15T13:12:50+02:00,7469696
2026-09-15T13:12:51+02:00,7469696
2026-09-15T13:12:52+02:00,7469696
2026-09-15T13:12:53+02:00,7469696
2026-09-15T13:12:54+02:00,7469696
2026-09-15T13:12:55+02:00,7469696
2026-09-15T13:12:57+02:00,7469696
2026-09-15T13:12:58+02:00,7469696
2026-09-15T13:12:59+02:00,7469696
2026-09-15T13:13:00+02:00,7469696
2026-09-15T13:13:01+02:00,7469696
2026-09-15T13:13:02+02:00,7469696
2026-09-15T13:13:03+02:00,7469696
2026-09-15T13:13:04+02:00,7469696
2026-09-15T13:13:05+02:00,7469696
2026-09-15T13:13:06+02:00,7469696
2026-09-15T13:13:07+02:00,7469696
2026-09-15T13:13:08+02:00,7469696
2026-09-15T13:13:09+02:00,7469696
2026-09-15T13:13:10+02:00,7469696
2026-09-15T13:13:12+02:00,7469696
2026-09-15T13:13:13+02:00,7469696
2026-09-15T13:13:14+02:00,7469696
2026-09-15T13:13:15+02:00,7469696
2026-09-15T13:13:16+02:00,7469696
2026-09-15T13:13:17+02:00,7469696
2026-09-15T13:13:18+02:00,7469696
2026-09-15T13:13:19+02:00,7469696
2026-09-15T13:13:20+02:00,7469696
2026-09-15T13:13:21+02:00,7469696
2026-09-15T13:13:22+02:00,7469696
2026-09-15T13:13:23+02:00,7469696
2026-09-15T13:13:24+02:00,7469696
2026-09-15T13:13:26+02:00,7469696
2026-09-15T13:13:27+02:00,7469696
2026-09-15T13:13:28+02:00,7469696
2026-09-15T13:13:29+02:00,7469696
2026-09-15T13:13:30+02:00,7469696
2026-09-15T13:13:31+02:00,7469696
2026-09-15T13:13:32+02:00,7469696
2026-09-15T13:13:33+02:00,7469696
2026-09-15T13:13:34+02:00,7469696
2026-09-15T13:13:35+02:00,7469696
2026-09-15T13:13:36+02:00,7469696
2026-09-15T13:13:37+02:00,7509248
2026-09-15T13:13:38+02:00,7509248
2026-09-15T13:13:39+02:00,7509248
2026-09-15T13:13:41+02:00,7509248
2026-09-15T13:13:42+02:00,7509248
2026-09-15T13:13:43+02:00,7509248
2026-09-15T13:13:44+02:00,7509248
2026-09-15T13:13:45+02:00,7509248
2026-09-15T13:13:46+02:00,7509248
2026-09-15T13:13:47+02:00,7509248
2026-09-15T13:13:48+02:00,7509248
2026-09-15T13:13:49+02:00,7509248
2026-09-15T13:13:50+02:00,7509248
2026-09-15T13:13:52+02:00,7509248
2026-09-15T13:13:53+02:00,7509248
2026-09-15T13:13:54+02:00,7509248
2026-09-15T13:13:55+02:00,7509248
2026-09-15T13:13:56+02:00,7509248
2026-09-15T13:13:57+02:00,7509248
2026-09-15T13:13:58+02:00,7509248
2026-09-15T13:13:59+02:00,7509248
2026-09-15T13:14:00+02:00,7509248
2026-09-15T13:14:01+02:00,7509248
2026-09-15T13:14:02+02:00,7509248
2026-09-15T13:14:03+02:00,7509248
2026-09-15T13:14:05+02:00,7509248
2026-09-15T13:14:06+02:00,7509248
2026-09-15T13:14:07+02:00,7509248
2026-09-15T13:14:08+02:00,7509248
2026-09-15T13:14:09+02:00,7509248
2026-09-15T13:14:10+02:00,7509248
2026-09-15T13:14:11+02:00,7509248
2026-09-15T13:14:12+02:00,7509248
2026-09-15T13:14:13+02:00,7509248
2026-09-15T13:14:14+02:00,7509248
2026-09-15T13:14:15+02:00,7509248
2026-09-15T13:14:16+02:00,7509248
2026-09-15T13:14:17+02:00,7509248
2026-09-15T13:14:19+02:00,7509248
2026-09-15T13:14:20+02:00,7509248
2026-09-15T13:14:21+02:00,7509248
2026-09-15T13:14:22+02:00,7509248
2026-09-15T13:14:23+02:00,7509248
2026-09-15T13:14:24+02:00,7509248
2026-09-15T13:14:25+02:00,7509248
2026-09-15T13:14:26+02:00,7509248
2026-09-15T13:14:27+02:00,7509248
2026-09-15T13:14:28+02:00,7509248
2026-09-15T13:14:29+02:00,7509248
2026-09-15T13:14:30+02:00,7509248
2026-09-15T13:14:32+02:00,7509248
2026-09-15T13:14:33+02:00,7509248
2026-09-15T13:14:34+02:00,7509248
2026-09-15T13:14:35+02:00,7509248
2026-09-15T13:14:36+02:00,7509248
2026-09-15T13:14:37+02:00,7509248
2026-09-15T13:14:38+02:00,7509248
2026-09-15T13:14:39+02:00,7509248
2026-09-15T13:14:40+02:00,7509248
2026-09-15T13:14:41+02:00,7509248
2026-09-15T13:14:42+02:00,7509248
2026-09-15T13:14:43+02:00,7509248
2026-09-15T13:14:44+02:00,7537264
2026-09-15T13:14:46+02:00,7537264
2026-09-15T13:14:47+02:00,7537264
2026-09-15T13:14:48+02:00,7537264
2026-09-15T13:14:49+02:00,7537264
2026-09-15T13:14:50+02:00,7537264
2026-09-15T13:14:51+02:00,7537264
2026-09-15T13:14:52+02:00,7537264
2026-09-15T13:14:53+02:00,7537264
2026-09-15T13:14:55+02:00,7537264
2026-09-15T13:14:56+02:00,7537264
2026-09-15T13:14:57+02:00,7537264
2026-09-15T13:14:58+02:00,7537264
2026-09-15T13:14:59+02:00,7537264
2026-09-15T13:15:00+02:00,7537264
2026-09-15T13:15:01+02:00,7537264
2026-09-15T13:15:02+02:00,7537264
2026-09-15T13:15:03+02:00,7537264
2026-09-15T13:15:04+02:00,7537264
2026-09-15T13:15:05+02:00,7537264
2026-09-15T13:15:06+02:00,7537264
2026-09-15T13:15:07+02:00,7537264
2026-09-15T13:15:09+02:00,7537264
2026-09-15T13:15:10+02:00,7537264
2026-09-15T13:15:11+02:00,7537264
2026-09-15T13:15:12+02:00,7537264
2026-09-15T13:15:13+02:00,7537264
2026-09-15T13:15:14+02:00,7537264
2026-09-15T13:15:15+02:00,7537264
2026-09-15T13:15:16+02:00,7537264
2026-09-15T13:15:17+02:00,7537264
2026-09-15T13:15:18+02:00,7537264
2026-09-15T13:15:19+02:00,7537264
2026-09-15T13:15:20+02:00,7537264
2026-09-15T13:15:21+02:00,7537264
2026-09-15T13:15:23+02:00,7537264
2026-09-15T13:15:24+02:00,7537264
2026-09-15T13:15:25+02:00,7558128
2026-09-15T13:15:26+02:00,7558128
2026-09-15T13:15:27+02:00,7558128
2026-09-15T13:15:28+02:00,7558128
2026-09-15T13:15:29+02:00,7558128
2026-09-15T13:15:30+02:00,7558128
2026-09-15T13:15:31+02:00,7558128
2026-09-15T13:15:33+02:00,7558128
2026-09-15T13:15:34+02:00,7558128
2026-09-15T13:15:35+02:00,7558128
2026-09-15T13:15:36+02:00,7558128
2026-09-15T13:15:37+02:00,7558128
2026-09-15T13:15:38+02:00,7558128
2026-09-15T13:15:39+02:00,7558128
2026-09-15T13:15:40+02:00,7558128
2026-09-15T13:15:41+02:00,7558128
2026-09-15T13:15:42+02:00,7558128
2026-09-15T13:15:43+02:00,7558128
2026-09-15T13:15:44+02:00,7558128
2026-09-15T13:15:46+02:00,7558128
2026-09-15T13:15:47+02:00,7558128
2026-09-15T13:15:48+02:00,7558128
2026-09-15T13:15:49+02:00,7558128
2026-09-15T13:15:50+02:00,7558128
2026-09-15T13:15:51+02:00,7558128
2026-09-15T13:15:52+02:00,7558128
2026-09-15T13:15:53+02:00,7558128
2026-09-15T13:15:54+02:00,7558128
2026-09-15T13:15:55+02:00,7558128
2026-09-15T13:15:56+02:00,7558128
2026-09-15T13:15:57+02:00,7558128
2026-09-15T13:15:58+02:00,7558128
2026-09-15T13:15:59+02:00,7558128
2026-09-15T13:16:01+02:00,7577408
2026-09-15T13:16:02+02:00,7577408
2026-09-15T13:16:03+02:00,7577408
2026-09-15T13:16:04+02:00,7577408
2026-09-15T13:16:05+02:00,7577408
2026-09-15T13:16:06+02:00,7577408
2026-09-15T13:16:08+02:00,7577408
2026-09-15T13:16:09+02:00,7577408
2026-09-15T13:16:10+02:00,7577408
2026-09-15T13:16:11+02:00,7577408
2026-09-15T13:16:12+02:00,7577408
2026-09-15T13:16:13+02:00,7577408
2026-09-15T13:16:14+02:00,7577408
2026-09-15T13:16:15+02:00,7577408
2026-09-15T13:16:16+02:00,7577408
2026-09-15T13:16:17+02:00,7577408
2026-09-15T13:16:18+02:00,7577408
2026-09-15T13:16:19+02:00,7577408
2026-09-15T13:16:20+02:00,7577408
2026-09-15T13:16:21+02:00,7577408
2026-09-15T13:16:23+02:00,7577408
2026-09-15T13:16:24+02:00,7577408
2026-09-15T13:16:25+02:00,7577408
2026-09-15T13:16:26+02:00,7577408
2026-09-15T13:16:27+02:00,7577408
2026-09-15T13:16:28+02:00,7577408
2026-09-15T13:16:29+02:00,7577408
2026-09-15T13:16:30+02:00,7577408
2026-09-15T13:16:31+02:00,7577408
2026-09-15T13:16:32+02:00,7577408
2026-09-15T13:16:33+02:00,7577408
2026-09-15T13:16:34+02:00,7577408
2026-09-15T13:16:35+02:00,7577408
2026-09-15T13:16:37+02:00,7577408
2026-09-15T13:16:38+02:00,7577408
2026-09-15T13:16:39+02:00,7577408
2026-09-15T13:16:40+02:00,7577408
2026-09-15T13:16:41+02:00,7577408
2026-09-15T13:16:42+02:00,7577408
2026-09-15T13:16:43+02:00,7577408
2026-09-15T13:16:44+02:00,7577408
2026-09-15T13:16:45+02:00,7577408
2026-09-15T13:16:46+02:00,7577408
2026-09-15T13:16:47+02:00,7599488
2026-09-15T13:16:48+02:00,7599488
2026-09-15T13:16:50+02:00,7599488
2026-09-15T13:16:51+02:00,7599488
2026-09-15T13:16:52+02:00,7599488
2026-09-15T13:16:53+02:00,7599488
2026-09-15T13:16:54+02:00,7599488
2026-09-15T13:16:55+02:00,7599488
2026-09-15T13:16:56+02:00,7599488
2026-09-15T13:16:57+02:00,7599488
2026-09-15T13:16:58+02:00,7599488
2026-09-15T13:17:00+02:00,7599488
2026-09-15T13:17:01+02:00,7599488
2026-09-15T13:17:02+02:00,7599488
2026-09-15T13:17:03+02:00,7599488
2026-09-15T13:17:04+02:00,7599488
2026-09-15T13:17:05+02:00,7599488
2026-09-15T13:17:06+02:00,7599488
2026-09-15T13:17:07+02:00,7599488
2026-09-15T13:17:08+02:00,7599488
2026-09-15T13:17:09+02:00,7599488
2026-09-15T13:17:10+02:00,7599488
2026-09-15T13:17:11+02:00,7599488
2026-09-15T13:17:12+02:00,7599488
2026-09-15T13:17:14+02:00,7599488
2026-09-15T13:17:15+02:00,7599488
2026-09-15T13:17:16+02:00,7599488
2026-09-15T13:17:17+02:00,7599488
2026-09-15T13:17:18+02:00,7599488
2026-09-15T13:17:19+02:00,7599488
2026-09-15T13:17:20+02:00,7599488
2026-09-15T13:17:21+02:00,7599488
2026-09-15T13:17:22+02:00,7599488
2026-09-15T13:17:23+02:00,7599488
2026-09-15T13:17:24+02:00,7599488
2026-09-15T13:17:25+02:00,7599488
2026-09-15T13:17:26+02:00,7599488
2026-09-15T13:17:28+02:00,7599488
2026-09-15T13:17:29+02:00,7599488
2026-09-15T13:17:30+02:00,7599488
2026-09-15T13:17:31+02:00,7599488
2026-09-15T13:17:32+02:00,7599488
2026-09-15T13:17:33+02:00,7599488
2026-09-15T13:17:34+02:00,7599488
2026-09-15T13:17:35+02:00,7599488
2026-09-15T13:17:36+02:00,7599488
2026-09-15T13:17:37+02:00,7599488
2026-09-15T13:17:38+02:00,7599488
2026-09-15T13:17:39+02:00,7599488
2026-09-15T13:17:41+02:00,7599488
2026-09-15T13:17:42+02:00,7599488
2026-09-15T13:17:43+02:00,7599488
2026-09-15T13:17:44+02:00,7599488
2026-09-15T13:17:45+02:00,7599488
2026-09-15T13:17:46+02:00,7599488
2026-09-15T13:17:47+02:00,7599488
2026-09-15T13:17:48+02:00,7599488
2026-09-15T13:17:49+02:00,7599488
2026-09-15T13:17:50+02:00,7599488
2026-09-15T13:17:51+02:00,7599488
2026-09-15T13:17:53+02:00,7599488
2026-09-15T13:17:54+02:00,7614576
2026-09-15T13:17:55+02:00,7626624
2026-09-15T13:17:56+02:00,7626624
2026-09-15T13:17:57+02:00,7626624
2026-09-15T13:17:58+02:00,7626624
2026-09-15T13:17:59+02:00,7626624
2026-09-15T13:18:00+02:00,7626624
2026-09-15T13:18:01+02:00,7626624
2026-09-15T13:18:02+02:00,7626624
2026-09-15T13:18:03+02:00,7626624
2026-09-15T13:18:05+02:00,7626624
2026-09-15T13:18:06+02:00,7626624
2026-09-15T13:18:07+02:00,7626624
2026-09-15T13:18:08+02:00,7626624
2026-09-15T13:18:09+02:00,7626624
2026-09-15T13:18:10+02:00,7626624
2026-09-15T13:18:11+02:00,7626624
2026-09-15T13:18:12+02:00,7626624
2026-09-15T13:18:13+02:00,7626624
2026-09-15T13:18:14+02:00,7626624
2026-09-15T13:18:15+02:00,7626624
2026-09-15T13:18:16+02:00,7626624
2026-09-15T13:18:18+02:00,7626624
2026-09-15T13:18:19+02:00,7626624
2026-09-15T13:18:20+02:00,7626624
2026-09-15T13:18:21+02:00,7626624
2026-09-15T13:18:22+02:00,7626624
2026-09-15T13:18:23+02:00,7626624
2026-09-15T13:18:24+02:00,7626624
2026-09-15T13:18:25+02:00,7626624
2026-09-15T13:18:26+02:00,7626624
2026-09-15T13:18:27+02:00,7626624
2026-09-15T13:18:28+02:00,7626624
2026-09-15T13:18:29+02:00,7626624
2026-09-15T13:18:31+02:00,7626624
2026-09-15T13:18:32+02:00,7626624
2026-09-15T13:18:33+02:00,7626624
2026-09-15T13:18:34+02:00,7626624
2026-09-15T13:18:35+02:00,7626624
2026-09-15T13:18:36+02:00,7626624
2026-09-15T13:18:37+02:00,7626624
2026-09-15T13:18:38+02:00,7626624
2026-09-15T13:18:39+02:00,7626624
2026-09-15T13:18:40+02:00,7626624
2026-09-15T13:18:41+02:00,7626624
2026-09-15T13:18:42+02:00,7626624
2026-09-15T13:18:44+02:00,7648480
2026-09-15T13:18:45+02:00,7648480
2026-09-15T13:18:46+02:00,7648480
2026-09-15T13:18:47+02:00,7648480
2026-09-15T13:18:48+02:00,7648480
2026-09-15T13:18:49+02:00,7648480
2026-09-15T13:18:50+02:00,7648480
2026-09-15T13:18:51+02:00,7648480
2026-09-15T13:18:52+02:00,7648480
2026-09-15T13:18:53+02:00,7648480
2026-09-15T13:18:55+02:00,7648480
2026-09-15T13:18:56+02:00,7648480
2026-09-15T13:18:57+02:00,7648480
2026-09-15T13:18:58+02:00,7648480
2026-09-15T13:18:59+02:00,7648480
2026-09-15T13:19:00+02:00,7648480
2026-09-15T13:19:01+02:00,7648480
2026-09-15T13:19:02+02:00,7648480
2026-09-15T13:19:03+02:00,7648480
2026-09-15T13:19:04+02:00,7648480
2026-09-15T13:19:05+02:00,7648480
2026-09-15T13:19:07+02:00,7648480
2026-09-15T13:19:08+02:00,7648480
2026-09-15T13:19:09+02:00,7648480
2026-09-15T13:19:10+02:00,7648480
2026-09-15T13:19:11+02:00,7648480
2026-09-15T13:19:12+02:00,7648480
2026-09-15T13:19:13+02:00,7648480
2026-09-15T13:19:14+02:00,7648480
2026-09-15T13:19:15+02:00,7648480
2026-09-15T13:19:16+02:00,7648480
2026-09-15T13:19:17+02:00,7648480
2026-09-15T13:19:18+02:00,7648480
2026-09-15T13:19:19+02:00,7648480
2026-09-15T13:19:21+02:00,7648480
2026-09-15T13:19:22+02:00,7648480
2026-09-15T13:19:23+02:00,7648480
2026-09-15T13:19:24+02:00,7648480
2026-09-15T13:19:25+02:00,7648480
2026-09-15T13:19:26+02:00,7648480
2026-09-15T13:19:27+02:00,7669216
2026-09-15T13:19:28+02:00,7669216
2026-09-15T13:19:29+02:00,7669216
2026-09-15T13:19:30+02:00,7669216
2026-09-15T13:19:31+02:00,7669216
2026-09-15T13:19:33+02:00,7669216
2026-09-15T13:19:34+02:00,7669216
2026-09-15T13:19:35+02:00,7669216
2026-09-15T13:19:36+02:00,7669216
2026-09-15T13:19:37+02:00,7669216
2026-09-15T13:19:38+02:00,7669216
2026-09-15T13:19:39+02:00,7669216
2026-09-15T13:19:40+02:00,7669216
2026-09-15T13:19:41+02:00,7669216
2026-09-15T13:19:42+02:00,7669216
2026-09-15T13:19:43+02:00,7669216
2026-09-15T13:19:44+02:00,7669216
2026-09-15T13:19:45+02:00,7669216
2026-09-15T13:19:47+02:00,7669216
2026-09-15T13:19:48+02:00,7669216
2026-09-15T13:19:49+02:00,7669216
2026-09-15T13:19:50+02:00,7669216
2026-09-15T13:19:51+02:00,7669216
2026-09-15T13:19:52+02:00,7669216
2026-09-15T13:19:53+02:00,7669216
2026-09-15T13:19:54+02:00,7669216
2026-09-15T13:19:55+02:00,7669216
2026-09-15T13:19:56+02:00,7669216
2026-09-15T13:19:57+02:00,7669216
2026-09-15T13:19:58+02:00,7669216
2026-09-15T13:19:59+02:00,7669216
2026-09-15T13:20:00+02:00,7669216
2026-09-15T13:20:02+02:00,7669216
2026-09-15T13:20:03+02:00,7669216
2026-09-15T13:20:04+02:00,7669216
2026-09-15T13:20:05+02:00,7669216
2026-09-15T13:20:06+02:00,7669216
2026-09-15T13:20:07+02:00,7669216
2026-09-15T13:20:08+02:00,7669216
2026-09-15T13:20:09+02:00,7669216
2026-09-15T13:20:10+02:00,7669216
2026-09-15T13:20:11+02:00,7669216
2026-09-15T13:20:12+02:00,7669216
2026-09-15T13:20:13+02:00,7669216
2026-09-15T13:20:14+02:00,7669216
2026-09-15T13:20:16+02:00,7691072
2026-09-15T13:20:17+02:00,7691072
2026-09-15T13:20:18+02:00,7691072
2026-09-15T13:20:19+02:00,7691072
2026-09-15T13:20:20+02:00,7691072
2026-09-15T13:20:21+02:00,7691072
2026-09-15T13:20:22+02:00,7691072
2026-09-15T13:20:23+02:00,7691072
2026-09-15T13:20:24+02:00,7691072
2026-09-15T13:20:26+02:00,7691072
2026-09-15T13:20:27+02:00,7691072
2026-09-15T13:20:28+02:00,7691072
2026-09-15T13:20:29+02:00,7691072
2026-09-15T13:20:30+02:00,7691072
2026-09-15T13:20:31+02:00,7691072
2026-09-15T13:20:32+02:00,7691072
2026-09-15T13:20:33+02:00,7691072
2026-09-15T13:20:34+02:00,7691072
2026-09-15T13:20:35+02:00,7691072
2026-09-15T13:20:36+02:00,7691072
2026-09-15T13:20:37+02:00,7691072
2026-09-15T13:20:39+02:00,7691072
2026-09-15T13:20:40+02:00,7691072
2026-09-15T13:20:41+02:00,7691072
2026-09-15T13:20:42+02:00,7691072
2026-09-15T13:20:43+02:00,7691072
2026-09-15T13:20:44+02:00,7691072
2026-09-15T13:20:45+02:00,7691072
2026-09-15T13:20:46+02:00,7691072
2026-09-15T13:20:47+02:00,7691072
2026-09-15T13:20:48+02:00,7691072
2026-09-15T13:20:49+02:00,7691072
2026-09-15T13:20:51+02:00,7691072
2026-09-15T13:20:52+02:00,7691072
2026-09-15T13:20:53+02:00,7691072
2026-09-15T13:20:54+02:00,7691072
2026-09-15T13:20:55+02:00,7691072
2026-09-15T13:20:56+02:00,7691072
2026-09-15T13:20:57+02:00,7691072
2026-09-15T13:20:58+02:00,7691072
2026-09-15T13:20:59+02:00,7691072
2026-09-15T13:21:00+02:00,7691072
2026-09-15T13:21:01+02:00,7691072
2026-09-15T13:21:02+02:00,7691072
2026-09-15T13:21:03+02:00,7691072
2026-09-15T13:21:05+02:00,7691072
2026-09-15T13:21:06+02:00,7691072
2026-09-15T13:21:07+02:00,7713728
2026-09-15T13:21:08+02:00,7713728
2026-09-15T13:21:09+02:00,7713728
2026-09-15T13:21:10+02:00,7713728
2026-09-15T13:21:11+02:00,7713728
2026-09-15T13:21:12+02:00,7713728
2026-09-15T13:21:13+02:00,7713728
2026-09-15T13:21:14+02:00,7713728
2026-09-15T13:21:16+02:00,7713728
2026-09-15T13:21:17+02:00,7713728
2026-09-15T13:21:18+02:00,7713728
2026-09-15T13:21:19+02:00,7713728
2026-09-15T13:21:20+02:00,7713728
2026-09-15T13:21:21+02:00,7713728
2026-09-15T13:21:22+02:00,7713728
2026-09-15T13:21:23+02:00,7713728
2026-09-15T13:21:24+02:00,7713728
2026-09-15T13:21:25+02:00,7713728
2026-09-15T13:21:26+02:00,7713728
2026-09-15T13:21:27+02:00,7713728
2026-09-15T13:21:28+02:00,7713728
2026-09-15T13:21:30+02:00,7713728
2026-09-15T13:21:31+02:00,7713728
2026-09-15T13:21:32+02:00,7713728
2026-09-15T13:21:33+02:00,7713728
2026-09-15T13:21:34+02:00,7713728
2026-09-15T13:21:35+02:00,7713728
2026-09-15T13:21:36+02:00,7713728
2026-09-15T13:21:37+02:00,7713728
2026-09-15T13:21:38+02:00,7713728
2026-09-15T13:21:39+02:00,7713728
2026-09-15T13:21:40+02:00,7713728
2026-09-15T13:21:42+02:00,7713728
2026-09-15T13:21:43+02:00,7713728
2026-09-15T13:21:44+02:00,7713728
2026-09-15T13:21:45+02:00,7713728
2026-09-15T13:21:46+02:00,7713728
2026-09-15T13:21:47+02:00,7713728
2026-09-15T13:21:48+02:00,7713728
2026-09-15T13:21:49+02:00,7713728
2026-09-15T13:21:50+02:00,7713728
2026-09-15T13:21:51+02:00,7713728
2026-09-15T13:21:52+02:00,7713728
2026-09-15T13:21:53+02:00,7713728
2026-09-15T13:21:54+02:00,7713728
2026-09-15T13:21:56+02:00,7713728
2026-09-15T13:21:57+02:00,7713728
2026-09-15T13:21:58+02:00,7713728
2026-09-15T13:21:59+02:00,7713728
2026-09-15T13:22:00+02:00,7713728
2026-09-15T13:22:01+02:00,7713728
2026-09-15T13:22:02+02:00,7713728
2026-09-15T13:22:03+02:00,7713728
2026-09-15T13:22:04+02:00,7713728
2026-09-15T13:22:05+02:00,7713728
2026-09-15T13:22:06+02:00,7738384
2026-09-15T13:22:07+02:00,7738384
2026-09-15T13:22:09+02:00,7738384
2026-09-15T13:22:10+02:00,7738384
2026-09-15T13:22:11+02:00,7738384
2026-09-15T13:22:12+02:00,7738384
2026-09-15T13:22:13+02:00,7738384
2026-09-15T13:22:14+02:00,7738384
2026-09-15T13:22:15+02:00,7738384
2026-09-15T13:22:16+02:00,7738384
2026-09-15T13:22:17+02:00,7738384
2026-09-15T13:22:18+02:00,7738384
2026-09-15T13:22:20+02:00,7738384
2026-09-15T13:22:21+02:00,7738384
2026-09-15T13:22:22+02:00,7738384
2026-09-15T13:22:23+02:00,7738384
2026-09-15T13:22:24+02:00,7738384
2026-09-15T13:22:25+02:00,7738384
2026-09-15T13:22:26+02:00,7738384
2026-09-15T13:22:27+02:00,7738384
2026-09-15T13:22:28+02:00,7738384
2026-09-15T13:22:29+02:00,7738384
2026-09-15T13:22:30+02:00,7738384
2026-09-15T13:22:31+02:00,7738384
2026-09-15T13:22:33+02:00,7738384
2026-09-15T13:22:34+02:00,7738384
2026-09-15T13:22:35+02:00,7738384
2026-09-15T13:22:36+02:00,7738384
2026-09-15T13:22:37+02:00,7738384
2026-09-15T13:22:38+02:00,7738384
2026-09-15T13:22:39+02:00,7738384
2026-09-15T13:22:40+02:00,7738384
2026-09-15T13:22:41+02:00,7738384
2026-09-15T13:22:42+02:00,7738384
2026-09-15T13:22:43+02:00,7738384
2026-09-15T13:22:44+02:00,7738384
2026-09-15T13:22:46+02:00,7738384
2026-09-15T13:22:47+02:00,7738384
2026-09-15T13:22:48+02:00,7738384
2026-09-15T13:22:49+02:00,7738384
2026-09-15T13:22:50+02:00,7738384
2026-09-15T13:22:51+02:00,7738384
2026-09-15T13:22:52+02:00,7738384
2026-09-15T13:22:53+02:00,7738384
2026-09-15T13:22:54+02:00,7738384
2026-09-15T13:22:55+02:00,7738384
2026-09-15T13:22:56+02:00,7738384
2026-09-15T13:22:57+02:00,7738384
2026-09-15T13:22:58+02:00,7761040
2026-09-15T13:23:00+02:00,7761040
2026-09-15T13:23:01+02:00,7761040
2026-09-15T13:23:02+02:00,7761040
2026-09-15T13:23:03+02:00,7761040
2026-09-15T13:23:04+02:00,7761040
2026-09-15T13:23:05+02:00,7761040
2026-09-15T13:23:06+02:00,7761040
2026-09-15T13:23:07+02:00,7761040
2026-09-15T13:23:09+02:00,7761040
2026-09-15T13:23:10+02:00,7761040
2026-09-15T13:23:11+02:00,7761040
2026-09-15T13:23:12+02:00,7761040
2026-09-15T13:23:13+02:00,7761040
2026-09-15T13:23:14+02:00,7761040
2026-09-15T13:23:15+02:00,7761040
2026-09-15T13:23:16+02:00,7761040
2026-09-15T13:23:17+02:00,7761040
2026-09-15T13:23:18+02:00,7761040
2026-09-15T13:23:19+02:00,7761040
2026-09-15T13:23:20+02:00,7761040
2026-09-15T13:23:22+02:00,7761040
2026-09-15T13:23:23+02:00,7761040
2026-09-15T13:23:24+02:00,7761040
2026-09-15T13:23:25+02:00,7761040
2026-09-15T13:23:26+02:00,7761040
2026-09-15T13:23:27+02:00,7761040
2026-09-15T13:23:28+02:00,7761040
2026-09-15T13:23:29+02:00,7761040
2026-09-15T13:23:30+02:00,7761040
2026-09-15T13:23:31+02:00,7761040
2026-09-15T13:23:32+02:00,7761040
2026-09-15T13:23:33+02:00,7761040
2026-09-15T13:23:34+02:00,7761040
2026-09-15T13:23:36+02:00,7761040
2026-09-15T13:23:37+02:00,7761040
2026-09-15T13:23:38+02:00,7761040
2026-09-15T13:23:39+02:00,7761040
2026-09-15T13:23:40+02:00,7761040
2026-09-15T13:23:41+02:00,7761040
2026-09-15T13:23:42+02:00,7761040
2026-09-15T13:23:43+02:00,7761040
2026-09-15T13:23:44+02:00,7761040
2026-09-15T13:23:45+02:00,7761040
2026-09-15T13:23:46+02:00,7784144
2026-09-15T13:23:47+02:00,7784144
2026-09-15T13:23:49+02:00,7784144
2026-09-15T13:23:50+02:00,7784144
2026-09-15T13:23:51+02:00,7784144
2026-09-15T13:23:52+02:00,7784144
2026-09-15T13:23:53+02:00,7784144
2026-09-15T13:23:54+02:00,7784144
2026-09-15T13:23:55+02:00,7784144
2026-09-15T13:23:57+02:00,7784144
2026-09-15T13:23:58+02:00,7784144
2026-09-15T13:23:59+02:00,7784144
2026-09-15T13:24:00+02:00,7784144
2026-09-15T13:24:01+02:00,7784144
2026-09-15T13:24:02+02:00,7784144
2026-09-15T13:24:03+02:00,7784144
2026-09-15T13:24:04+02:00,7784144
2026-09-15T13:24:05+02:00,7784144
2026-09-15T13:24:06+02:00,7784144
2026-09-15T13:24:07+02:00,7784144
2026-09-15T13:24:08+02:00,7784144
2026-09-15T13:24:10+02:00,7784144
2026-09-15T13:24:11+02:00,7784144
2026-09-15T13:24:12+02:00,7784144
2026-09-15T13:24:13+02:00,7784144
2026-09-15T13:24:14+02:00,7784144
2026-09-15T13:24:15+02:00,7784144
2026-09-15T13:24:16+02:00,7784144
2026-09-15T13:24:17+02:00,7784144
2026-09-15T13:24:18+02:00,7784144
2026-09-15T13:24:19+02:00,7784144
2026-09-15T13:24:20+02:00,7784144
2026-09-15T13:24:21+02:00,7784144
2026-09-15T13:24:23+02:00,7784144
2026-09-15T13:24:24+02:00,7784144
2026-09-15T13:24:25+02:00,7784144
2026-09-15T13:24:26+02:00,7784144
2026-09-15T13:24:27+02:00,7784144
2026-09-15T13:24:28+02:00,7784144
2026-09-15T13:24:29+02:00,7784144
2026-09-15T13:24:30+02:00,7784144
2026-09-15T13:24:31+02:00,7784144
2026-09-15T13:24:32+02:00,7784144
2026-09-15T13:24:33+02:00,7784144
2026-09-15T13:24:34+02:00,7784144
2026-09-15T13:24:36+02:00,7784144
2026-09-15T13:24:37+02:00,7784144
2026-09-15T13:24:38+02:00,7784144
2026-09-15T13:24:39+02:00,7784144
2026-09-15T13:24:40+02:00,7784144
2026-09-15T13:24:41+02:00,7784144
2026-09-15T13:24:42+02:00,7784144
2026-09-15T13:24:43+02:00,7784144
2026-09-15T13:24:44+02:00,7784144
2026-09-15T13:24:45+02:00,7784144
2026-09-15T13:24:46+02:00,7784144
2026-09-15T13:24:47+02:00,7784144
2026-09-15T13:24:49+02:00,7784144
2026-09-15T13:24:50+02:00,7784144
2026-09-15T13:24:51+02:00,7784144
2026-09-15T13:24:52+02:00,7784144
2026-09-15T13:24:53+02:00,7784144
2026-09-15T13:24:54+02:00,7784144
2026-09-15T13:24:55+02:00,7812064
2026-09-15T13:24:56+02:00,7812064
2026-09-15T13:24:57+02:00,7812064
2026-09-15T13:24:58+02:00,7812064
2026-09-15T13:25:00+02:00,7812064
2026-09-15T13:25:01+02:00,7812064
2026-09-15T13:25:02+02:00,7812064
2026-09-15T13:25:03+02:00,7812064
2026-09-15T13:25:04+02:00,7812064
2026-09-15T13:25:05+02:00,7812064
2026-09-15T13:25:06+02:00,7812064
2026-09-15T13:25:07+02:00,7812064
2026-09-15T13:25:08+02:00,7812064
2026-09-15T13:25:09+02:00,7812064
2026-09-15T13:25:11+02:00,7812064
2026-09-15T13:25:12+02:00,7812064
2026-09-15T13:25:13+02:00,7812064
2026-09-15T13:25:14+02:00,7812064
2026-09-15T13:25:15+02:00,7812064
2026-09-15T13:25:16+02:00,7812064
2026-09-15T13:25:17+02:00,7812064
2026-09-15T13:25:18+02:00,7812064
2026-09-15T13:25:19+02:00,7812064
2026-09-15T13:25:20+02:00,7812064
2026-09-15T13:25:21+02:00,7812064
2026-09-15T13:25:22+02:00,7812064
2026-09-15T13:25:24+02:00,7812064
2026-09-15T13:25:25+02:00,7812064
2026-09-15T13:25:26+02:00,7812064
2026-09-15T13:25:27+02:00,7812064
2026-09-15T13:25:28+02:00,7812064
2026-09-15T13:25:29+02:00,7812064
2026-09-15T13:25:30+02:00,7812064
2026-09-15T13:25:31+02:00,7812064
2026-09-15T13:25:32+02:00,7812064
2026-09-15T13:25:33+02:00,7812064
2026-09-15T13:25:34+02:00,7812064
2026-09-15T13:25:35+02:00,7812064
2026-09-15T13:25:37+02:00,7812064
2026-09-15T13:25:38+02:00,7812064
2026-09-15T13:25:39+02:00,7812064
2026-09-15T13:25:40+02:00,7812064
2026-09-15T13:25:41+02:00,7812064
2026-09-15T13:25:42+02:00,7834368
2026-09-15T13:25:43+02:00,7834368
2026-09-15T13:25:44+02:00,7834368
2026-09-15T13:25:45+02:00,7834368
2026-09-15T13:25:46+02:00,7834368
2026-09-15T13:25:48+02:00,7834368
2026-09-15T13:25:49+02:00,7834368
2026-09-15T13:25:50+02:00,7834368
2026-09-15T13:25:51+02:00,7834368
2026-09-15T13:25:52+02:00,7834368
2026-09-15T13:25:53+02:00,7834368
2026-09-15T13:25:54+02:00,7834368
2026-09-15T13:25:55+02:00,7834368
2026-09-15T13:25:56+02:00,7834368
2026-09-15T13:25:57+02:00,7834368
2026-09-15T13:25:58+02:00,7834368
2026-09-15T13:25:59+02:00,7834368
2026-09-15T13:26:01+02:00,7834368
2026-09-15T13:26:02+02:00,7834368
2026-09-15T13:26:03+02:00,7834368
2026-09-15T13:26:04+02:00,7834368
2026-09-15T13:26:05+02:00,7834368
2026-09-15T13:26:06+02:00,7834368
2026-09-15T13:26:07+02:00,7834368
2026-09-15T13:26:08+02:00,7834368
2026-09-15T13:26:09+02:00,7834368
2026-09-15T13:26:10+02:00,7834368
2026-09-15T13:26:11+02:00,7834368
2026-09-15T13:26:13+02:00,7834368
2026-09-15T13:26:14+02:00,7834368
2026-09-15T13:26:15+02:00,7834368
2026-09-15T13:26:16+02:00,7834368
2026-09-15T13:26:17+02:00,7834368
2026-09-15T13:26:18+02:00,7834368
2026-09-15T13:26:19+02:00,7834368
2026-09-15T13:26:20+02:00,7834368
2026-09-15T13:26:21+02:00,7834368
2026-09-15T13:26:22+02:00,7834368
2026-09-15T13:26:23+02:00,7834368
2026-09-15T13:26:24+02:00,7834368
2026-09-15T13:26:25+02:00,7834368
2026-09-15T13:26:27+02:00,7834368
2026-09-15T13:26:28+02:00,7834368
2026-09-15T13:26:29+02:00,7856688
2026-09-15T13:26:30+02:00,7856688
2026-09-15T13:26:31+02:00,7856688
2026-09-15T13:26:32+02:00,7856688
2026-09-15T13:26:33+02:00,7856688
2026-09-15T13:26:35+02:00,7856688
2026-09-15T13:26:36+02:00,7856688
2026-09-15T13:26:37+02:00,7856688
2026-09-15T13:26:38+02:00,7856688
2026-09-15T13:26:39+02:00,7856688
2026-09-15T13:26:40+02:00,7856688
2026-09-15T13:26:41+02:00,7856688
2026-09-15T13:26:42+02:00,7856688
2026-09-15T13:26:43+02:00,7856688
2026-09-15T13:26:45+02:00,7856688
2026-09-15T13:26:46+02:00,7856688
2026-09-15T13:26:47+02:00,7856688
2026-09-15T13:26:48+02:00,7856688
2026-09-15T13:26:49+02:00,7856688
2026-09-15T13:26:50+02:00,7856688
2026-09-15T13:26:51+02:00,7856688
2026-09-15T13:26:52+02:00,7856688
2026-09-15T13:26:53+02:00,7856688
2026-09-15T13:26:54+02:00,7856688
2026-09-15T13:26:55+02:00,7856688
2026-09-15T13:26:57+02:00,7856688
2026-09-15T13:26:58+02:00,7856688
2026-09-15T13:26:59+02:00,7856688
2026-09-15T13:27:00+02:00,7856688
2026-09-15T13:27:01+02:00,7856688
2026-09-15T13:27:02+02:00,7856688
2026-09-15T13:27:03+02:00,7856688
2026-09-15T13:27:04+02:00,7856688
2026-09-15T13:27:05+02:00,7856688
2026-09-15T13:27:06+02:00,7856688
2026-09-15T13:27:07+02:00,7856688
2026-09-15T13:27:08+02:00,7856688
2026-09-15T13:27:10+02:00,7856688
2026-09-15T13:27:11+02:00,7856688
2026-09-15T13:27:12+02:00,7856688
2026-09-15T13:27:13+02:00,7856688
2026-09-15T13:27:14+02:00,7856688
2026-09-15T13:27:15+02:00,7856688
2026-09-15T13:27:16+02:00,7856688
2026-09-15T13:27:17+02:00,7856688
2026-09-15T13:27:18+02:00,7856688
2026-09-15T13:27:19+02:00,7856688
2026-09-15T13:27:20+02:00,7856688
2026-09-15T13:27:21+02:00,7856688
2026-09-15T13:27:23+02:00,7880560
2026-09-15T13:27:24+02:00,7880560
2026-09-15T13:27:25+02:00,7880560
2026-09-15T13:27:26+02:00,7880560
2026-09-15T13:27:27+02:00,7880560
2026-09-15T13:27:28+02:00,7880560
2026-09-15T13:27:29+02:00,7880560
2026-09-15T13:27:30+02:00,7880560
2026-09-15T13:27:31+02:00,7880560
2026-09-15T13:27:33+02:00,7880560
2026-09-15T13:27:34+02:00,7880560
2026-09-15T13:27:35+02:00,7880560
2026-09-15T13:27:36+02:00,7880560
2026-09-15T13:27:37+02:00,7880560
2026-09-15T13:27:38+02:00,7880560
2026-09-15T13:27:39+02:00,7880560
2026-09-15T13:27:40+02:00,7880560
2026-09-15T13:27:41+02:00,7880560
2026-09-15T13:27:42+02:00,7880560
2026-09-15T13:27:43+02:00,7880560
2026-09-15T13:27:44+02:00,7880560
2026-09-15T13:27:46+02:00,7880560
2026-09-15T13:27:47+02:00,7880560
2026-09-15T13:27:48+02:00,7880560
2026-09-15T13:27:49+02:00,7880560
2026-09-15T13:27:50+02:00,7880560
2026-09-15T13:27:51+02:00,7880560
2026-09-15T13:27:52+02:00,7880560
2026-09-15T13:27:53+02:00,7880560
2026-09-15T13:27:54+02:00,7880560
2026-09-15T13:27:55+02:00,7880560
2026-09-15T13:27:56+02:00,7880560
2026-09-15T13:27:57+02:00,7880560
2026-09-15T13:27:59+02:00,7880560
2026-09-15T13:28:00+02:00,7880560
2026-09-15T13:28:01+02:00,7880560
2026-09-15T13:28:02+02:00,7880560
2026-09-15T13:28:03+02:00,7880560
2026-09-15T13:28:04+02:00,7880560
2026-09-15T13:28:05+02:00,7880560
2026-09-15T13:28:06+02:00,7880560
2026-09-15T13:28:07+02:00,7880560
2026-09-15T13:28:08+02:00,7880560
2026-09-15T13:28:09+02:00,7880560
2026-09-15T13:28:10+02:00,7880560
2026-09-15T13:28:12+02:00,7880560
2026-09-15T13:28:13+02:00,7880560
2026-09-15T13:28:14+02:00,7880560
2026-09-15T13:28:15+02:00,7880560
2026-09-15T13:28:16+02:00,7880560
2026-09-15T13:28:17+02:00,7880560
2026-09-15T13:28:18+02:00,7880560
2026-09-15T13:28:19+02:00,7905664
2026-09-15T13:28:20+02:00,7905664
2026-09-15T13:28:21+02:00,7905664
2026-09-15T13:28:22+02:00,7905664
2026-09-15T13:28:24+02:00,7905664
2026-09-15T13:28:25+02:00,7905664
2026-09-15T13:28:26+02:00,7905664
2026-09-15T13:28:27+02:00,7905664
2026-09-15T13:28:28+02:00,7905664
2026-09-15T13:28:29+02:00,7905664
2026-09-15T13:28:30+02:00,7905664
2026-09-15T13:28:31+02:00,7905664
2026-09-15T13:28:33+02:00,7905664
2026-09-15T13:28:34+02:00,7905664
2026-09-15T13:28:35+02:00,7905664
2026-09-15T13:28:36+02:00,7905664
2026-09-15T13:28:37+02:00,7905664
2026-09-15T13:28:38+02:00,7905664
2026-09-15T13:28:39+02:00,7905664
2026-09-15T13:28:40+02:00,7905664
2026-09-15T13:28:41+02:00,7905664
2026-09-15T13:28:42+02:00,7905664
2026-09-15T13:28:43+02:00,7905664
2026-09-15T13:28:44+02:00,7905664
2026-09-15T13:28:46+02:00,7905664
2026-09-15T13:28:47+02:00,7905664
2026-09-15T13:28:48+02:00,7905664
2026-09-15T13:28:49+02:00,7905664
2026-09-15T13:28:50+02:00,7905664
2026-09-15T13:28:51+02:00,7905664
2026-09-15T13:28:52+02:00,7905664
2026-09-15T13:28:53+02:00,7905664
2026-09-15T13:28:54+02:00,7905664
2026-09-15T13:28:55+02:00,7905664
2026-09-15T13:28:56+02:00,7905664
2026-09-15T13:28:57+02:00,7905664
2026-09-15T13:28:58+02:00,7905664
2026-09-15T13:29:00+02:00,7905664
2026-09-15T13:29:01+02:00,7905664
2026-09-15T13:29:02+02:00,7905664
2026-09-15T13:29:03+02:00,7905664
2026-09-15T13:29:04+02:00,7905664
2026-09-15T13:29:05+02:00,7905664
2026-09-15T13:29:06+02:00,7905664
2026-09-15T13:29:07+02:00,7905664
2026-09-15T13:29:08+02:00,7905664
2026-09-15T13:29:09+02:00,7905664
2026-09-15T13:29:10+02:00,7905664
2026-09-15T13:29:12+02:00,7905664
2026-09-15T13:29:13+02:00,7929200
2026-09-15T13:29:14+02:00,7929200
2026-09-15T13:29:15+02:00,7929200
2026-09-15T13:29:16+02:00,7929200
2026-09-15T13:29:17+02:00,7929200
2026-09-15T13:29:18+02:00,7929200
2026-09-15T13:29:19+02:00,7929200
2026-09-15T13:29:21+02:00,7929200
2026-09-15T13:29:22+02:00,7929200
2026-09-15T13:29:23+02:00,7929200
2026-09-15T13:29:24+02:00,7929200
2026-09-15T13:29:25+02:00,7929200
2026-09-15T13:29:26+02:00,7929200
2026-09-15T13:29:27+02:00,7929200
2026-09-15T13:29:28+02:00,7929200
2026-09-15T13:29:29+02:00,7929200
2026-09-15T13:29:30+02:00,7929200
2026-09-15T13:29:31+02:00,7929200
2026-09-15T13:29:32+02:00,7929200
2026-09-15T13:29:34+02:00,7929200
2026-09-15T13:29:35+02:00,7929200
2026-09-15T13:29:36+02:00,7929200
2026-09-15T13:29:37+02:00,7929200
2026-09-15T13:29:38+02:00,7929200
2026-09-15T13:29:39+02:00,7929200
2026-09-15T13:29:40+02:00,7929200
2026-09-15T13:29:41+02:00,7929200
2026-09-15T13:29:42+02:00,7929200
2026-09-15T13:29:43+02:00,7929200
2026-09-15T13:29:44+02:00,7929200
2026-09-15T13:29:45+02:00,7929200
2026-09-15T13:29:47+02:00,7929200
2026-09-15T13:29:48+02:00,7929200
2026-09-15T13:29:49+02:00,7929200
2026-09-15T13:29:50+02:00,7929200
2026-09-15T13:29:51+02:00,7929200
2026-09-15T13:29:52+02:00,7929200
2026-09-15T13:29:53+02:00,7929200
2026-09-15T13:29:54+02:00,7929200
2026-09-15T13:29:55+02:00,7929200
2026-09-15T13:29:56+02:00,7929200
2026-09-15T13:29:57+02:00,7929200
2026-09-15T13:29:59+02:00,7929200
2026-09-15T13:30:00+02:00,7929200
2026-09-15T13:30:01+02:00,7929200
2026-09-15T13:30:02+02:00,7929200
2026-09-15T13:30:03+02:00,7929200
2026-09-15T13:30:04+02:00,7929200
2026-09-15T13:30:05+02:00,7929200
2026-09-15T13:30:06+02:00,7929200
2026-09-15T13:30:07+02:00,7929200
2026-09-15T13:30:08+02:00,7929200
2026-09-15T13:30:09+02:00,7929200
2026-09-15T13:30:10+02:00,7929200
2026-09-15T13:30:11+02:00,7954320
2026-09-15T13:30:13+02:00,7954320
2026-09-15T13:30:14+02:00,7954320
2026-09-15T13:30:15+02:00,7954320
2026-09-15T13:30:16+02:00,7954320
2026-09-15T13:30:17+02:00,7954320
2026-09-15T13:30:18+02:00,7954320
2026-09-15T13:30:20+02:00,7954320
2026-09-15T13:30:21+02:00,7954320
2026-09-15T13:30:22+02:00,7954320
2026-09-15T13:30:23+02:00,7954320
2026-09-15T13:30:24+02:00,7954320
2026-09-15T13:30:25+02:00,7954320
2026-09-15T13:30:26+02:00,7954320
2026-09-15T13:30:27+02:00,7954320
2026-09-15T13:30:28+02:00,7954320
2026-09-15T13:30:29+02:00,7954320
2026-09-15T13:30:30+02:00,7954320
2026-09-15T13:30:31+02:00,7954320
2026-09-15T13:30:33+02:00,7954320
2026-09-15T13:30:34+02:00,7954320
2026-09-15T13:30:35+02:00,7954320
2026-09-15T13:30:36+02:00,7954320
2026-09-15T13:30:37+02:00,7954320
2026-09-15T13:30:38+02:00,7954320
2026-09-15T13:30:39+02:00,7954320
2026-09-15T13:30:40+02:00,7954320
2026-09-15T13:30:41+02:00,7954320
2026-09-15T13:30:42+02:00,7954320
2026-09-15T13:30:43+02:00,7954320
2026-09-15T13:30:44+02:00,7954320
2026-09-15T13:30:46+02:00,7954320
2026-09-15T13:30:47+02:00,7954320
2026-09-15T13:30:48+02:00,7954320
2026-09-15T13:30:49+02:00,7954320
2026-09-15T13:30:50+02:00,7954320
2026-09-15T13:30:51+02:00,7954320
2026-09-15T13:30:52+02:00,7954320
2026-09-15T13:30:53+02:00,7954320
2026-09-15T13:30:54+02:00,7954320
2026-09-15T13:30:55+02:00,7975616
2026-09-15T13:30:56+02:00,7975616
2026-09-15T13:30:58+02:00,7975616
2026-09-15T13:30:59+02:00,7975616
2026-09-15T13:31:00+02:00,7975616
2026-09-15T13:31:01+02:00,7975616
2026-09-15T13:31:02+02:00,7975616
2026-09-15T13:31:03+02:00,7975616
2026-09-15T13:31:04+02:00,7975616
2026-09-15T13:31:05+02:00,7975616
2026-09-15T13:31:06+02:00,7975616
2026-09-15T13:31:08+02:00,7975616
2026-09-15T13:31:09+02:00,7975616
2026-09-15T13:31:10+02:00,7975616
2026-09-15T13:31:11+02:00,7975616
2026-09-15T13:31:12+02:00,7975616
2026-09-15T13:31:13+02:00,7975616
2026-09-15T13:31:14+02:00,7975616
2026-09-15T13:31:15+02:00,7975616
2026-09-15T13:31:16+02:00,7975616
2026-09-15T13:31:17+02:00,7975616
2026-09-15T13:31:18+02:00,7975616
2026-09-15T13:31:20+02:00,7975616
2026-09-15T13:31:21+02:00,7975616
2026-09-15T13:31:22+02:00,7975616
2026-09-15T13:31:23+02:00,7975616
2026-09-15T13:31:24+02:00,7975616
2026-09-15T13:31:25+02:00,7975616
2026-09-15T13:31:26+02:00,7975616
2026-09-15T13:31:27+02:00,7975616
2026-09-15T13:31:28+02:00,7975616
2026-09-15T13:31:29+02:00,7975616
2026-09-15T13:31:30+02:00,7975616
2026-09-15T13:31:32+02:00,7975616
2026-09-15T13:31:33+02:00,7975616
2026-09-15T13:31:34+02:00,7975616
2026-09-15T13:31:35+02:00,7975616
2026-09-15T13:31:36+02:00,7975616
2026-09-15T13:31:37+02:00,7975616
2026-09-15T13:31:38+02:00,7975616
2026-09-15T13:31:39+02:00,7975616
2026-09-15T13:31:40+02:00,7975616
2026-09-15T13:31:41+02:00,7975616
2026-09-15T13:31:42+02:00,7975616
2026-09-15T13:31:43+02:00,7975616
2026-09-15T13:31:44+02:00,7975616
2026-09-15T13:31:45+02:00,7975616
2026-09-15T13:31:46+02:00,7975616
2026-09-15T13:31:47+02:00,7975616
2026-09-15T13:31:48+02:00,7975616
2026-09-15T13:31:49+02:00,7975616
2026-09-15T13:31:51+02:00,7975616
2026-09-15T13:31:52+02:00,7975616
2026-09-15T13:31:53+02:00,7975616
2026-09-15T13:31:54+02:00,7975616
2026-09-15T13:31:55+02:00,7975616
2026-09-15T13:31:56+02:00,7975616
2026-09-15T13:31:57+02:00,7975616
2026-09-15T13:31:58+02:00,7975616
2026-09-15T13:31:59+02:00,7975616
2026-09-15T13:32:00+02:00,7975616
2026-09-15T13:32:01+02:00,7975616
2026-09-15T13:32:02+02:00,7975616
2026-09-15T13:32:03+02:00,7975616
2026-09-15T13:32:04+02:00,7975616
2026-09-15T13:32:05+02:00,7975616
2026-09-15T13:32:06+02:00,7975616
2026-09-15T13:32:07+02:00,7975616
2026-09-15T13:32:08+02:00,7975616
2026-09-15T13:32:09+02:00,7975616
2026-09-15T13:32:10+02:00,7975616
2026-09-15T13:32:11+02:00,7975616
2026-09-15T13:32:12+02:00,7975616
2026-09-15T13:32:13+02:00,7975616
2026-09-15T13:32:14+02:00,7975616
2026-09-15T13:32:15+02:00,7975616
2026-09-15T13:32:16+02:00,7975616
2026-09-15T13:32:17+02:00,7975616
2026-09-15T13:32:18+02:00,7975616
2026-09-15T13:32:19+02:00,7975616
2026-09-15T13:32:20+02:00,7975616
2026-09-15T13:32:21+02:00,7975616
2026-09-15T13:32:22+02:00,7975616
2026-09-15T13:32:23+02:00,7975616
2026-09-15T13:32:25+02:00,7975616
2026-09-15T13:32:26+02:00,7975616
2026-09-15T13:32:27+02:00,7975616
2026-09-15T13:32:28+02:00,7975616
2026-09-15T13:32:29+02:00,7975616
2026-09-15T13:32:30+02:00,7975616
2026-09-15T13:32:31+02:00,7975616
2026-09-15T13:32:32+02:00,7975616
2026-09-15T13:32:33+02:00,7975616
2026-09-15T13:32:34+02:00,7975616
2026-09-15T13:32:35+02:00,7975616
2026-09-15T13:32:36+02:00,7975616
2026-09-15T13:32:37+02:00,7975616
2026-09-15T13:32:38+02:00,7975616
2026-09-15T13:32:39+02:00,7975616
2026-09-15T13:32:40+02:00,7975616
2026-09-15T13:32:41+02:00,7975616
2026-09-15T13:32:42+02:00,7975616
2026-09-15T13:32:43+02:00,7975616
2026-09-15T13:32:44+02:00,7975616
2026-09-15T13:32:45+02:00,7975616
2026-09-15T13:32:46+02:00,7975616
2026-09-15T13:32:47+02:00,7975616
2026-09-15T13:32:48+02:00,7975616
2026-09-15T13:32:49+02:00,7975616
2026-09-15T13:32:50+02:00,7975616
2026-09-15T13:32:51+02:00,7975616
2026-09-15T13:32:52+02:00,7975616
2026-09-15T13:32:53+02:00,7975616
2026-09-15T13:32:54+02:00,7975616
2026-09-15T13:32:55+02:00,7975616
2026-09-15T13:32:56+02:00,7975616
2026-09-15T13:32:57+02:00,7975616
2026-09-15T13:32:58+02:00,7975616
2026-09-15T13:33:00+02:00,7975616
2026-09-15T13:33:01+02:00,7975616
2026-09-15T13:33:02+02:00,7975616
2026-09-15T13:33:03+02:00,7975616
2026-09-15T13:33:04+02:00,7975616
2026-09-15T13:33:05+02:00,7975616
2026-09-15T13:33:06+02:00,7975616
2026-09-15T13:33:07+02:00,7975616
2026-09-15T13:33:08+02:00,7975616
2026-09-15T13:33:09+02:00,7975616
2026-09-15T13:33:10+02:00,7975616
2026-09-15T13:33:11+02:00,7975616
2026-09-15T13:33:12+02:00,7975616
2026-09-15T13:33:13+02:00,7975616
2026-09-15T13:33:14+02:00,7975616
2026-09-15T13:33:15+02:00,7975616
2026-09-15T13:33:16+02:00,7975616
2026-09-15T13:33:17+02:00,7975616
2026-09-15T13:33:18+02:00,7975616
2026-09-15T13:33:19+02:00,7975616
2026-09-15T13:33:20+02:00,7975616
2026-09-15T13:33:21+02:00,7975616
2026-09-15T13:33:22+02:00,7975616
2026-09-15T13:33:23+02:00,7975616
2026-09-15T13:33:24+02:00,7975616
2026-09-15T13:33:25+02:00,7975616
2026-09-15T13:33:26+02:00,7975616
2026-09-15T13:33:27+02:00,7975616
2026-09-15T13:33:28+02:00,7975616
2026-09-15T13:33:29+02:00,7975616
2026-09-15T13:33:30+02:00,7975616
2026-09-15T13:33:31+02:00,7975616
2026-09-15T13:33:33+02:00,7975616
2026-09-15T13:33:34+02:00,7975616
2026-09-15T13:33:35+02:00,7975616
2026-09-15T13:33:36+02:00,7975616
2026-09-15T13:33:37+02:00,7975616
2026-09-15T13:33:38+02:00,7975616
2026-09-15T13:33:39+02:00,7975616
2026-09-15T13:33:40+02:00,7975616
2026-09-15T13:33:41+02:00,7975616
2026-09-15T13:33:42+02:00,7975616
2026-09-15T13:33:43+02:00,7975616
2026-09-15T13:33:44+02:00,7975616
2026-09-15T13:33:45+02:00,7975616
2026-09-15T13:33:46+02:00,7975616
2026-09-15T13:33:47+02:00,7975616
2026-09-15T13:33:48+02:00,7975616
2026-09-15T13:33:49+02:00,7975616
2026-09-15T13:33:50+02:00,7975616
2026-09-15T13:33:51+02:00,7975616
2026-09-15T13:33:52+02:00,7975616
2026-09-15T13:33:53+02:00,7975616
2026-09-15T13:33:54+02:00,7975616
2026-09-15T13:33:55+02:00,7975616
2026-09-15T13:33:56+02:00,7975616
2026-09-15T13:33:57+02:00,7975616
2026-09-15T13:33:58+02:00,7975616
2026-09-15T13:33:59+02:00,7975616
2026-09-15T13:34:00+02:00,7975616
2026-09-15T13:34:01+02:00,7975616
2026-09-15T13:34:02+02:00,7975616
2026-09-15T13:34:03+02:00,7975616
2026-09-15T13:34:04+02:00,7975616
2026-09-15T13:34:05+02:00,7975616
2026-09-15T13:34:07+02:00,7975616
2026-09-15T13:34:08+02:00,7975616
2026-09-15T13:34:09+02:00,7975616
2026-09-15T13:34:10+02:00,7975616
2026-09-15T13:34:11+02:00,7975616
2026-09-15T13:34:12+02:00,7975616
2026-09-15T13:34:13+02:00,7975616
2026-09-15T13:34:14+02:00,7975616
2026-09-15T13:34:15+02:00,7975616
2026-09-15T13:34:16+02:00,7975616
2026-09-15T13:34:17+02:00,7975616
2026-09-15T13:34:18+02:00,7975616
2026-09-15T13:34:19+02:00,7975616
2026-09-15T13:34:20+02:00,7975616
2026-09-15T13:34:21+02:00,7975616
2026-09-15T13:34:22+02:00,7975616
2026-09-15T13:34:23+02:00,7975616
2026-09-15T13:34:24+02:00,7975616
2026-09-15T13:34:25+02:00,7975616
2026-09-15T13:34:26+02:00,7975616
2026-09-15T13:34:27+02:00,7975616
2026-09-15T13:34:28+02:00,7975616
2026-09-15T13:34:29+02:00,7975616
2026-09-15T13:34:30+02:00,7975616
2026-09-15T13:34:31+02:00,7975616
2026-09-15T13:34:32+02:00,7975616
2026-09-15T13:34:33+02:00,7975616
2026-09-15T13:34:34+02:00,7975616
2026-09-15T13:34:35+02:00,7975616
2026-09-15T13:34:36+02:00,7975616
2026-09-15T13:34:37+02:00,7975616
2026-09-15T13:34:38+02:00,7975616
2026-09-15T13:34:39+02:00,7975616
2026-09-15T13:34:41+02:00,7975616
2026-09-15T13:34:42+02:00,7975616
2026-09-15T13:34:43+02:00,7975616
2026-09-15T13:34:44+02:00,7975616
2026-09-15T13:34:45+02:00,7975616
2026-09-15T13:34:46+02:00,7975616
2026-09-15T13:34:47+02:00,7975616
2026-09-15T13:34:48+02:00,7975616
2026-09-15T13:34:49+02:00,7975616
2026-09-15T13:34:50+02:00,7975616
2026-09-15T13:34:51+02:00,7975616
2026-09-15T13:34:52+02:00,7975616
2026-09-15T13:34:53+02:00,7975616
2026-09-15T13:34:54+02:00,7975616
2026-09-15T13:34:55+02:00,7975616
2026-09-15T13:34:56+02:00,7975616
2026-09-15T13:34:57+02:00,7975616
2026-09-15T13:34:58+02:00,7975616
2026-09-15T13:34:59+02:00,7975616
2026-09-15T13:35:00+02:00,7975616
2026-09-15T13:35:01+02:00,7975616
2026-09-15T13:35:02+02:00,7975616
2026-09-15T13:35:03+02:00,7975616
2026-09-15T13:35:04+02:00,7975616
2026-09-15T13:35:05+02:00,7975616
2026-09-15T13:35:06+02:00,7975616
2026-09-15T13:35:07+02:00,7975616
2026-09-15T13:35:08+02:00,7975616
2026-09-15T13:35:09+02:00,7975616
2026-09-15T13:35:10+02:00,7975616
2026-09-15T13:35:11+02:00,7975616
2026-09-15T13:35:12+02:00,7975616
2026-09-15T13:35:13+02:00,7975616
2026-09-15T13:35:15+02:00,7975616
2026-09-15T13:35:16+02:00,7975616
2026-09-15T13:35:17+02:00,7975616
2026-09-15T13:35:18+02:00,7975616
2026-09-15T13:35:19+02:00,7975616
2026-09-15T13:35:20+02:00,7975616
2026-09-15T13:35:21+02:00,7975616
2026-09-15T13:35:22+02:00,7975616
2026-09-15T13:35:23+02:00,7975616
2026-09-15T13:35:24+02:00,7975616
2026-09-15T13:35:25+02:00,7975616
2026-09-15T13:35:26+02:00,7975616
2026-09-15T13:35:27+02:00,7975616
2026-09-15T13:35:28+02:00,7975616
2026-09-15T13:35:29+02:00,7975616
2026-09-15T13:35:30+02:00,7975616
2026-09-15T13:35:31+02:00,7975616
2026-09-15T13:35:32+02:00,7975616
2026-09-15T13:35:33+02:00,7975616
2026-09-15T13:35:34+02:00,7975616
2026-09-15T13:35:35+02:00,7975616
2026-09-15T13:35:36+02:00,7975616
2026-09-15T13:35:37+02:00,7975616
2026-09-15T13:35:38+02:00,7975616
2026-09-15T13:35:39+02:00,7975616
2026-09-15T13:35:40+02:00,7975616
2026-09-15T13:35:41+02:00,7975616
2026-09-15T13:35:42+02:00,7975616
2026-09-15T13:35:43+02:00,7975616
2026-09-15T13:35:44+02:00,7975616
2026-09-15T13:35:45+02:00,7975616
2026-09-15T13:35:46+02:00,7975616
2026-09-15T13:35:47+02:00,7975616
2026-09-15T13:35:49+02:00,7975616
2026-09-15T13:35:50+02:00,7975616
2026-09-15T13:35:51+02:00,7975616
2026-09-15T13:35:52+02:00,7975616
2026-09-15T13:35:53+02:00,7975616
2026-09-15T13:35:54+02:00,7975616
2026-09-15T13:35:55+02:00,7975616
2026-09-15T13:35:56+02:00,7975616
2026-09-15T13:35:57+02:00,7975616
2026-09-15T13:35:58+02:00,7975616
2026-09-15T13:35:59+02:00,7975616
2026-09-15T13:36:00+02:00,7975616
2026-09-15T13:36:01+02:00,7975616
2026-09-15T13:36:02+02:00,7975616
2026-09-15T13:36:03+02:00,7975616
2026-09-15T13:36:04+02:00,7975616
2026-09-15T13:36:05+02:00,7975616
2026-09-15T13:36:06+02:00,7975616
2026-09-15T13:36:07+02:00,7975616
2026-09-15T13:36:08+02:00,7975616
2026-09-15T13:36:09+02:00,7975616
2026-09-15T13:36:10+02:00,7975616
2026-09-15T13:36:11+02:00,7975616
2026-09-15T13:36:12+02:00,7975616
2026-09-15T13:36:13+02:00,7975616
2026-09-15T13:36:14+02:00,7975616
2026-09-15T13:36:15+02:00,7975616
2026-09-15T13:36:16+02:00,7975616
2026-09-15T13:36:17+02:00,7975616
2026-09-15T13:36:18+02:00,7975616
2026-09-15T13:36:19+02:00,7975616
2026-09-15T13:36:20+02:00,7975616
2026-09-15T13:36:21+02:00,7975616
2026-09-15T13:36:23+02:00,7975616
2026-09-15T13:36:24+02:00,7975616
2026-09-15T13:36:25+02:00,7975616
2026-09-15T13:36:26+02:00,7975616
2026-09-15T13:36:27+02:00,7975616
2026-09-15T13:36:28+02:00,7975616
2026-09-15T13:36:29+02:00,7975616
2026-09-15T13:36:30+02:00,7975616
2026-09-15T13:36:31+02:00,7975616
2026-09-15T13:36:32+02:00,7975616
2026-09-15T13:36:33+02:00,7975616
2026-09-15T13:36:34+02:00,7975616
2026-09-15T13:36:35+02:00,7975616
2026-09-15T13:36:36+02:00,7975616
2026-09-15T13:36:37+02:00,7975616
2026-09-15T13:36:38+02:00,7975616
2026-09-15T13:36:39+02:00,7975616
2026-09-15T13:36:40+02:00,7975616
2026-09-15T13:36:41+02:00,7975616
2026-09-15T13:36:42+02:00,7975616
2026-09-15T13:36:43+02:00,7975616
2026-09-15T13:36:44+02:00,7975616
2026-09-15T13:36:45+02:00,7975616
2026-09-15T13:36:46+02:00,7975616
2026-09-15T13:36:47+02:00,7975616
2026-09-15T13:36:48+02:00,7975616
2026-09-15T13:36:49+02:00,7975616
2026-09-15T13:36:50+02:00,7975616
2026-09-15T13:36:51+02:00,7975616
2026-09-15T13:36:52+02:00,7975616
2026-09-15T13:36:53+02:00,7975616
2026-09-15T13:36:54+02:00,7975616
2026-09-15T13:36:55+02:00,7975616
2026-09-15T13:36:57+02:00,7975616
2026-09-15T13:36:58+02:00,7975616
2026-09-15T13:36:59+02:00,7975616
2026-09-15T13:37:00+02:00,7975616
2026-09-15T13:37:01+02:00,7975616
2026-09-15T13:37:02+02:00,7975616
2026-09-15T13:37:03+02:00,7975616
2026-09-15T13:37:04+02:00,7975616
2026-09-15T13:37:05+02:00,7975616
2026-09-15T13:37:06+02:00,7975616
2026-09-15T13:37:07+02:00,7975616
2026-09-15T13:37:08+02:00,7975616
2026-09-15T13:37:09+02:00,7975616
2026-09-15T13:37:10+02:00,7975616
2026-09-15T13:37:11+02:00,7975616
2026-09-15T13:37:12+02:00,7975616
2026-09-15T13:37:13+02:00,7975616
2026-09-15T13:37:14+02:00,7975616
2026-09-15T13:37:15+02:00,7975616
2026-09-15T13:37:16+02:00,7975616
2026-09-15T13:37:17+02:00,7975616
2026-09-15T13:37:18+02:00,7975616
2026-09-15T13:37:19+02:00,7975616
2026-09-15T13:37:20+02:00,7975616
2026-09-15T13:37:21+02:00,7975616
2026-09-15T13:37:22+02:00,7975616
2026-09-15T13:37:23+02:00,7975616
2026-09-15T13:37:24+02:00,7975616
2026-09-15T13:37:25+02:00,7975616
2026-09-15T13:37:26+02:00,7975616
2026-09-15T13:37:27+02:00,7975616
2026-09-15T13:37:28+02:00,7975616
2026-09-15T13:37:29+02:00,7975616
2026-09-15T13:37:31+02:00,7975616
2026-09-15T13:37:32+02:00,7975616
2026-09-15T13:37:33+02:00,7975616
2026-09-15T13:37:34+02:00,7975616
2026-09-15T13:37:35+02:00,7975616
2026-09-15T13:37:36+02:00,7975616
2026-09-15T13:37:37+02:00,7975616
2026-09-15T13:37:38+02:00,7975616
2026-09-15T13:37:39+02:00,7975616
2026-09-15T13:37:40+02:00,7975616
2026-09-15T13:37:41+02:00,7975616
2026-09-15T13:37:42+02:00,7975616
2026-09-15T13:37:43+02:00,7975616
2026-09-15T13:37:44+02:00,7975616
2026-09-15T13:37:45+02:00,7975616
2026-09-15T13:37:46+02:00,7975616
2026-09-15T13:37:47+02:00,7975616
2026-09-15T13:37:48+02:00,7975616
2026-09-15T13:37:49+02:00,7975616
2026-09-15T13:37:50+02:00,7975616
2026-09-15T13:37:51+02:00,7975616
2026-09-15T13:37:52+02:00,7975616
2026-09-15T13:37:53+02:00,7975616
2026-09-15T13:37:54+02:00,7975616
2026-09-15T13:37:55+02:00,7975616
2026-09-15T13:37:56+02:00,7975616
2026-09-15T13:37:57+02:00,7975616
2026-09-15T13:37:58+02:00,7975616
2026-09-15T13:37:59+02:00,7975616
2026-09-15T13:38:00+02:00,7975616
2026-09-15T13:38:01+02:00,7975616
2026-09-15T13:38:02+02:00,7975616
2026-09-15T13:38:03+02:00,7975616
2026-09-15T13:38:05+02:00,7975616
2026-09-15T13:38:06+02:00,7975616
2026-09-15T13:38:07+02:00,7975616
2026-09-15T13:38:08+02:00,7975616
2026-09-15T13:38:09+02:00,7975616
2026-09-15T13:38:10+02:00,7975616
2026-09-15T13:38:11+02:00,7975616
2026-09-15T13:38:12+02:00,7975616
2026-09-15T13:38:13+02:00,7975616
2026-09-15T13:38:14+02:00,7975616
2026-09-15T13:38:15+02:00,7975616
2026-09-15T13:38:16+02:00,7975616
2026-09-15T13:38:17+02:00,7975616
2026-09-15T13:38:18+02:00,7975616
2026-09-15T13:38:19+02:00,7975616
2026-09-15T13:38:20+02:00,7975616
2026-09-15T13:38:21+02:00,7975616
2026-09-15T13:38:22+02:00,7975616
2026-09-15T13:38:23+02:00,7975616
2026-09-15T13:38:24+02:00,7975616
2026-09-15T13:38:25+02:00,7975616
2026-09-15T13:38:26+02:00,7975616
2026-09-15T13:38:27+02:00,7975616
2026-09-15T13:38:28+02:00,7975616
2026-09-15T13:38:29+02:00,7975616
2026-09-15T13:38:30+02:00,7975616
2026-09-15T13:38:31+02:00,7975616
2026-09-15T13:38:32+02:00,7975616
2026-09-15T13:38:33+02:00,7975616
2026-09-15T13:38:34+02:00,7975616
2026-09-15T13:38:35+02:00,7975616
2026-09-15T13:38:36+02:00,7975616
2026-09-15T13:38:37+02:00,7975616
2026-09-15T13:38:39+02:00,7975616
2026-09-15T13:38:40+02:00,7975616
2026-09-15T13:38:41+02:00,7975616
2026-09-15T13:38:42+02:00,7975616
2026-09-15T13:38:43+02:00,7975616
2026-09-15T13:38:44+02:00,7975616
2026-09-15T13:38:45+02:00,7975616
2026-09-15T13:38:46+02:00,7975616
2026-09-15T13:38:47+02:00,7975616
2026-09-15T13:38:48+02:00,7975616
2026-09-15T13:38:49+02:00,7975616
2026-09-15T13:38:50+02:00,7975616
2026-09-15T13:38:51+02:00,7975616
2026-09-15T13:38:52+02:00,7975616
2026-09-15T13:38:53+02:00,7975616
2026-09-15T13:38:54+02:00,7975616
2026-09-15T13:38:55+02:00,7975616
2026-09-15T13:38:56+02:00,7975616
2026-09-15T13:38:57+02:00,7975616
2026-09-15T13:38:58+02:00,7975616
2026-09-15T13:38:59+02:00,7975616
2026-09-15T13:39:00+02:00,7975616
2026-09-15T13:39:01+02:00,7975616
2026-09-15T13:39:02+02:00,7975616
2026-09-15T13:39:03+02:00,7975616
2026-09-15T13:39:04+02:00,7975616
2026-09-15T13:39:05+02:00,7975616
2026-09-15T13:39:06+02:00,7975616
2026-09-15T13:39:07+02:00,7975616
2026-09-15T13:39:08+02:00,7975616
2026-09-15T13:39:09+02:00,7975616
2026-09-15T13:39:10+02:00,7975616
2026-09-15T13:39:11+02:00,7975616
2026-09-15T13:39:13+02:00,7975616
2026-09-15T13:39:14+02:00,7975616
2026-09-15T13:39:15+02:00,7975616
2026-09-15T13:39:16+02:00,7975616
2026-09-15T13:39:17+02:00,7975616
2026-09-15T13:39:18+02:00,7975616
2026-09-15T13:39:19+02:00,7975616
2026-09-15T13:39:20+02:00,7975616
2026-09-15T13:39:21+02:00,7975616
2026-09-15T13:39:22+02:00,7975616
2026-09-15T13:39:23+02:00,7975616
2026-09-15T13:39:24+02:00,7975616
2026-09-15T13:39:25+02:00,7975616
2026-09-15T13:39:26+02:00,7975616
2026-09-15T13:39:27+02:00,7975616
2026-09-15T13:39:28+02:00,7975616
2026-09-15T13:39:29+02:00,7975616
2026-09-15T13:39:30+02:00,7975616
2026-09-15T13:39:31+02:00,7975616
2026-09-15T13:39:32+02:00,7975616
2026-09-15T13:39:33+02:00,7975616
2026-09-15T13:39:34+02:00,7975616
2026-09-15T13:39:35+02:00,7975616
2026-09-15T13:39:36+02:00,7975616
2026-09-15T13:39:37+02:00,7975616
2026-09-15T13:39:38+02:00,7975616
2026-09-15T13:39:39+02:00,7975616
2026-09-15T13:39:40+02:00,7975616
2026-09-15T13:39:41+02:00,7975616
2026-09-15T13:39:42+02:00,7975616
2026-09-15T13:39:43+02:00,7975616
2026-09-15T13:39:44+02:00,7975616
2026-09-15T13:39:45+02:00,7975616
2026-09-15T13:39:47+02:00,7975616
2026-09-15T13:39:48+02:00,7975616
2026-09-15T13:39:49+02:00,7975616
2026-09-15T13:39:50+02:00,7975616
2026-09-15T13:39:51+02:00,7975616
2026-09-15T13:39:52+02:00,7975616
2026-09-15T13:39:53+02:00,7975616
2026-09-15T13:39:54+02:00,7975616
2026-09-15T13:39:55+02:00,7975616
2026-09-15T13:39:56+02:00,7975616
2026-09-15T13:39:57+02:00,7975616
2026-09-15T13:39:58+02:00,7975616
2026-09-15T13:39:59+02:00,7975616
2026-09-15T13:40:00+02:00,7975616
2026-09-15T13:40:01+02:00,7975616
2026-09-15T13:40:02+02:00,7975616
2026-09-15T13:40:03+02:00,7975616
2026-09-15T13:40:04+02:00,7975616
2026-09-15T13:40:05+02:00,7975616
2026-09-15T13:40:06+02:00,7975616
2026-09-15T13:40:07+02:00,7975616
2026-09-15T13:40:08+02:00,7975616
2026-09-15T13:40:09+02:00,7975616
2026-09-15T13:40:10+02:00,7975616
2026-09-15T13:40:11+02:00,7975616
2026-09-15T13:40:12+02:00,7975616
2026-09-15T13:40:13+02:00,7975616
2026-09-15T13:40:14+02:00,7975616
2026-09-15T13:40:15+02:00,7975616
2026-09-15T13:40:16+02:00,7975616
2026-09-15T13:40:17+02:00,7975616
2026-09-15T13:40:18+02:00,7975616
2026-09-15T13:40:19+02:00,7975616
2026-09-15T13:40:20+02:00,7975616
2026-09-15T13:40:22+02:00,7975616
2026-09-15T13:40:23+02:00,7975616
2026-09-15T13:40:24+02:00,7975616
2026-09-15T13:40:25+02:00,7975616
2026-09-15T13:40:26+02:00,7975616
2026-09-15T13:40:27+02:00,7975616
2026-09-15T13:40:28+02:00,7975616
2026-09-15T13:40:29+02:00,7975616
2026-09-15T13:40:30+02:00,7975616
2026-09-15T13:40:31+02:00,7975616
2026-09-15T13:40:32+02:00,7975616
2026-09-15T13:40:33+02:00,7975616
2026-09-15T13:40:34+02:00,7975616
2026-09-15T13:40:35+02:00,7975616
2026-09-15T13:40:36+02:00,7975616
2026-09-15T13:40:37+02:00,7975616
2026-09-15T13:40:38+02:00,7975616
2026-09-15T13:40:39+02:00,7975616
2026-09-15T13:40:40+02:00,7975616
2026-09-15T13:40:41+02:00,7975616
2026-09-15T13:40:42+02:00,7975616
2026-09-15T13:40:43+02:00,7975616
2026-09-15T13:40:44+02:00,7975616
2026-09-15T13:40:45+02:00,7975616
2026-09-15T13:40:46+02:00,7975616
2026-09-15T13:40:47+02:00,7975616
2026-09-15T13:40:48+02:00,7975616
2026-09-15T13:40:49+02:00,7975616
2026-09-15T13:40:50+02:00,7975616
2026-09-15T13:40:51+02:00,7975616
2026-09-15T13:40:52+02:00,7975616
2026-09-15T13:40:53+02:00,7975616
2026-09-15T13:40:54+02:00,7975616
2026-09-15T13:40:56+02:00,7975616
2026-09-15T13:40:57+02:00,7975616
2026-09-15T13:40:58+02:00,7975616
2026-09-15T13:40:59+02:00,7975616
2026-09-15T13:41:00+02:00,7975616
2026-09-15T13:41:01+02:00,7975616
2026-09-15T13:41:02+02:00,7975616
2026-09-15T13:41:03+02:00,7975616
2026-09-15T13:41:04+02:00,7975616
2026-09-15T13:41:05+02:00,7975616
2026-09-15T13:41:06+02:00,7975616
2026-09-15T13:41:07+02:00,7975616
2026-09-15T13:41:08+02:00,7975616
2026-09-15T13:41:09+02:00,7975616
2026-09-15T13:41:10+02:00,7975616
2026-09-15T13:41:11+02:00,7975616
2026-09-15T13:41:12+02:00,7975616
2026-09-15T13:41:13+02:00,7975616
2026-09-15T13:41:14+02:00,7975616
2026-09-15T13:41:15+02:00,7975616
2026-09-15T13:41:16+02:00,7975616
2026-09-15T13:41:17+02:00,7975616
2026-09-15T13:41:18+02:00,7975616
2026-09-15T13:41:19+02:00,7975616
2026-09-15T13:41:20+02:00,7975616
2026-09-15T13:41:21+02:00,7975616
2026-09-15T13:41:22+02:00,7975616
2026-09-15T13:41:23+02:00,7975616
2026-09-15T13:41:24+02:00,7975616
2026-09-15T13:41:25+02:00,7975616
2026-09-15T13:41:26+02:00,7975616
2026-09-15T13:41:27+02:00,7975616
2026-09-15T13:41:28+02:00,7975616
2026-09-15T13:41:30+02:00,7975616
2026-09-15T13:41:31+02:00,7975616
2026-09-15T13:41:32+02:00,7975616
2026-09-15T13:41:33+02:00,7975616
2026-09-15T13:41:34+02:00,7975616
2026-09-15T13:41:35+02:00,7975616
2026-09-15T13:41:36+02:00,7975616
2026-09-15T13:41:37+02:00,7975616
2026-09-15T13:41:38+02:00,7975616
2026-09-15T13:41:39+02:00,7975616
2026-09-15T13:41:40+02:00,7975616
2026-09-15T13:41:41+02:00,7975616
2026-09-15T13:41:42+02:00,7975616
2026-09-15T13:41:43+02:00,7975616
2026-09-15T13:41:44+02:00,7975616
2026-09-15T13:41:45+02:00,7975616
2026-09-15T13:41:46+02:00,7975616
2026-09-15T13:41:47+02:00,7975616
2026-09-15T13:41:48+02:00,7975616
2026-09-15T13:41:49+02:00,7975616
2026-09-15T13:41:50+02:00,7975616
2026-09-15T13:41:51+02:00,7975616
2026-09-15T13:41:52+02:00,7975616
2026-09-15T13:41:53+02:00,7975616
2026-09-15T13:41:54+02:00,7975616
2026-09-15T13:41:55+02:00,7975616
2026-09-15T13:41:56+02:00,7975616
2026-09-15T13:41:57+02:00,7975616
2026-09-15T13:41:58+02:00,7975616
2026-09-15T13:41:59+02:00,7975616
2026-09-15T13:42:00+02:00,7975616
2026-09-15T13:42:01+02:00,7975616
2026-09-15T13:42:02+02:00,7975616
2026-09-15T13:42:03+02:00,7975616
2026-09-15T13:42:05+02:00,7975616
2026-09-15T13:42:06+02:00,7975616
2026-09-15T13:42:07+02:00,7975616
2026-09-15T13:42:08+02:00,7975616
2026-09-15T13:42:09+02:00,7975616
2026-09-15T13:42:10+02:00,7975616
2026-09-15T13:42:11+02:00,7975616
2026-09-15T13:42:12+02:00,7975616
2026-09-15T13:42:13+02:00,7975616
2026-09-15T13:42:14+02:00,7975616
2026-09-15T13:42:15+02:00,7975616
2026-09-15T13:42:16+02:00,7975616
2026-09-15T13:42:17+02:00,7975616
2026-09-15T13:42:18+02:00,7975616
2026-09-15T13:42:19+02:00,7975616
2026-09-15T13:42:20+02:00,7975616
2026-09-15T13:42:21+02:00,7975616
2026-09-15T13:42:22+02:00,7975616
2026-09-15T13:42:23+02:00,7975616
2026-09-15T13:42:24+02:00,7975616
2026-09-15T13:42:25+02:00,7975616
2026-09-15T13:42:26+02:00,7975616
2026-09-15T13:42:27+02:00,7975616
2026-09-15T13:42:28+02:00,7975616
2026-09-15T13:42:29+02:00,7975616
2026-09-15T13:42:30+02:00,7975616
2026-09-15T13:42:31+02:00,7975616
2026-09-15T13:42:32+02:00,7975616
2026-09-15T13:42:33+02:00,7975616
2026-09-15T13:42:34+02:00,7975616
2026-09-15T13:42:35+02:00,7975616
2026-09-15T13:42:36+02:00,7975616
2026-09-15T13:42:37+02:00,7975616
2026-09-15T13:42:39+02:00,7975616
2026-09-15T13:42:40+02:00,7975616
2026-09-15T13:42:41+02:00,7975616
2026-09-15T13:42:42+02:00,7975616
2026-09-15T13:42:43+02:00,7975616
2026-09-15T13:42:44+02:00,7975616
2026-09-15T13:42:45+02:00,7975616
2026-09-15T13:42:46+02:00,7975616
2026-09-15T13:42:47+02:00,7975616
2026-09-15T13:42:48+02:00,7975616
2026-09-15T13:42:49+02:00,7975616
2026-09-15T13:42:50+02:00,7975616
2026-09-15T13:42:51+02:00,7975616
2026-09-15T13:42:52+02:00,7975616
2026-09-15T13:42:53+02:00,7975616
2026-09-15T13:42:54+02:00,7975616
2026-09-15T13:42:55+02:00,7975616
2026-09-15T13:42:56+02:00,7975616
2026-09-15T13:42:57+02:00,7975616
2026-09-15T13:42:58+02:00,7975616
2026-09-15T13:42:59+02:00,7975616
2026-09-15T13:43:00+02:00,7975616
2026-09-15T13:43:01+02:00,7975616
2026-09-15T13:43:02+02:00,7975616
2026-09-15T13:43:03+02:00,7975616
2026-09-15T13:43:04+02:00,7975616
2026-09-15T13:43:05+02:00,7975616
2026-09-15T13:43:06+02:00,7975616
2026-09-15T13:43:07+02:00,7975616
2026-09-15T13:43:08+02:00,7975616
2026-09-15T13:43:09+02:00,7975616
2026-09-15T13:43:10+02:00,7975616
2026-09-15T13:43:11+02:00,7975616
2026-09-15T13:43:13+02:00,7975616
2026-09-15T13:43:14+02:00,7975616
2026-09-15T13:43:15+02:00,7975616
2026-09-15T13:43:16+02:00,7975616
2026-09-15T13:43:17+02:00,7975616
2026-09-15T13:43:18+02:00,7975616
2026-09-15T13:43:19+02:00,7975616
2026-09-15T13:43:20+02:00,7975616
2026-09-15T13:43:21+02:00,7975616
2026-09-15T13:43:22+02:00,7975616
2026-09-15T13:43:23+02:00,7975616
2026-09-15T13:43:24+02:00,7975616
2026-09-15T13:43:25+02:00,7975616
2026-09-15T13:43:26+02:00,7975616
2026-09-15T13:43:27+02:00,7975616
2026-09-15T13:43:28+02:00,7975616
2026-09-15T13:43:29+02:00,7975616
2026-09-15T13:43:30+02:00,7975616
2026-09-15T13:43:31+02:00,7975616
2026-09-15T13:43:32+02:00,7975616
2026-09-15T13:43:33+02:00,7975616
2026-09-15T13:43:34+02:00,7975616
2026-09-15T13:43:35+02:00,7975616
2026-09-15T13:43:36+02:00,7975616
2026-09-15T13:43:37+02:00,7975616
2026-09-15T13:43:38+02:00,7975616
2026-09-15T13:43:39+02:00,7975616
2026-09-15T13:43:40+02:00,7975616
2026-09-15T13:43:41+02:00,7975616
2026-09-15T13:43:42+02:00,7975616
2026-09-15T13:43:43+02:00,7975616
2026-09-15T13:43:44+02:00,7975616
2026-09-15T13:43:45+02:00,7975616
2026-09-15T13:43:47+02:00,7975616
2026-09-15T13:43:48+02:00,7975616
2026-09-15T13:43:49+02:00,7975616
2026-09-15T13:43:50+02:00,7975616
2026-09-15T13:43:51+02:00,7975616
2026-09-15T13:43:52+02:00,7975616
2026-09-15T13:43:53+02:00,7975616
2026-09-15T13:43:54+02:00,7975616
2026-09-15T13:43:55+02:00,7975616
2026-09-15T13:43:56+02:00,7975616
2026-09-15T13:43:57+02:00,7975616
2026-09-15T13:43:58+02:00,7975616
2026-09-15T13:43:59+02:00,7975616
2026-09-15T13:44:00+02:00,7975616
2026-09-15T13:44:01+02:00,7975616
2026-09-15T13:44:02+02:00,7975616
2026-09-15T13:44:03+02:00,7975616
2026-09-15T13:44:04+02:00,7975616
2026-09-15T13:44:05+02:00,7975616
2026-09-15T13:44:06+02:00,7975616
2026-09-15T13:44:07+02:00,7975616
2026-09-15T13:44:08+02:00,7975616
2026-09-15T13:44:09+02:00,7975616
2026-09-15T13:44:10+02:00,7975616
2026-09-15T13:44:11+02:00,7975616
2026-09-15T13:44:12+02:00,7975616
2026-09-15T13:44:13+02:00,7975616
2026-09-15T13:44:14+02:00,7975616
2026-09-15T13:44:15+02:00,7975616
2026-09-15T13:44:16+02:00,7975616
2026-09-15T13:44:17+02:00,7975616
2026-09-15T13:44:18+02:00,7975616
2026-09-15T13:44:19+02:00,7975616
2026-09-15T13:44:20+02:00,7975616
2026-09-15T13:44:22+02:00,7975616
2026-09-15T13:44:23+02:00,7975616
2026-09-15T13:44:24+02:00,7975616
2026-09-15T13:44:25+02:00,7975616
2026-09-15T13:44:26+02:00,7975616
2026-09-15T13:44:27+02:00,7975616
2026-09-15T13:44:28+02:00,7975616
2026-09-15T13:44:29+02:00,7975616
2026-09-15T13:44:30+02:00,7975616
2026-09-15T13:44:31+02:00,7975616
2026-09-15T13:44:32+02:00,7975616
2026-09-15T13:44:33+02:00,7975616
2026-09-15T13:44:34+02:00,7975616
2026-09-15T13:44:35+02:00,7975616
2026-09-15T13:44:36+02:00,7975616
2026-09-15T13:44:37+02:00,7975616
2026-09-15T13:44:38+02:00,7975616
2026-09-15T13:44:39+02:00,7975616
2026-09-15T13:44:40+02:00,7975616
2026-09-15T13:44:41+02:00,7975616
2026-09-15T13:44:42+02:00,7975616
2026-09-15T13:44:43+02:00,7975616
2026-09-15T13:44:44+02:00,7975616
2026-09-15T13:44:45+02:00,7975616
2026-09-15T13:44:46+02:00,7975616
2026-09-15T13:44:47+02:00,7975616
2026-09-15T13:44:48+02:00,7975616
2026-09-15T13:44:49+02:00,7975616
2026-09-15T13:44:50+02:00,7975616
2026-09-15T13:44:51+02:00,7975616
2026-09-15T13:44:52+02:00,7975616
2026-09-15T13:44:53+02:00,7975616
2026-09-15T13:44:54+02:00,7975616
2026-09-15T13:44:56+02:00,7975616
2026-09-15T13:44:57+02:00,7975616
2026-09-15T13:44:58+02:00,7975616
2026-09-15T13:44:59+02:00,7975616
2026-09-15T13:45:00+02:00,7975616
2026-09-15T13:45:01+02:00,7975616
2026-09-15T13:45:02+02:00,7975616
2026-09-15T13:45:03+02:00,7975616
2026-09-15T13:45:04+02:00,7975616
2026-09-15T13:45:05+02:00,7975616
2026-09-15T13:45:06+02:00,7975616
2026-09-15T13:45:07+02:00,7975616
2026-09-15T13:45:08+02:00,7975616
2026-09-15T13:45:09+02:00,7975616
2026-09-15T13:45:10+02:00,7975616
2026-09-15T13:45:11+02:00,7975616
2026-09-15T13:45:12+02:00,7975616
2026-09-15T13:45:13+02:00,7975616
2026-09-15T13:45:14+02:00,7975616
2026-09-15T13:45:15+02:00,7975616
2026-09-15T13:45:16+02:00,7975616
2026-09-15T13:45:17+02:00,7975616
2026-09-15T13:45:18+02:00,7975616
2026-09-15T13:45:19+02:00,7975616
2026-09-15T13:45:20+02:00,7975616
2026-09-15T13:45:21+02:00,7975616
2026-09-15T13:45:22+02:00,7975616
2026-09-15T13:45:23+02:00,7975616
2026-09-15T13:45:24+02:00,7975616
2026-09-15T13:45:25+02:00,7975616
2026-09-15T13:45:26+02:00,7975616
2026-09-15T13:45:27+02:00,7975616
2026-09-15T13:45:28+02:00,7975616
2026-09-15T13:45:30+02:00,7975616
2026-09-15T13:45:31+02:00,7975616
2026-09-15T13:45:32+02:00,7975616
2026-09-15T13:45:33+02:00,7975616
2026-09-15T13:45:34+02:00,7975616
2026-09-15T13:45:35+02:00,7975616
2026-09-15T13:45:36+02:00,7975616
2026-09-15T13:45:37+02:00,7975616
2026-09-15T13:45:38+02:00,7975616
2026-09-15T13:45:39+02:00,7975616
2026-09-15T13:45:40+02:00,7975616
2026-09-15T13:45:41+02:00,7975616
2026-09-15T13:45:42+02:00,7975616
2026-09-15T13:45:43+02:00,7975616
2026-09-15T13:45:44+02:00,7975616
2026-09-15T13:45:45+02:00,7975616
2026-09-15T13:45:46+02:00,7975616
2026-09-15T13:45:47+02:00,7975616
2026-09-15T13:45:48+02:00,7975616
2026-09-15T13:45:49+02:00,7975616
2026-09-15T13:45:50+02:00,7975616
2026-09-15T13:45:51+02:00,7975616
2026-09-15T13:45:52+02:00,7975616
2026-09-15T13:45:53+02:00,7975616
2026-09-15T13:45:54+02:00,7975616
2026-09-15T13:45:55+02:00,7975616
2026-09-15T13:45:56+02:00,7975616
2026-09-15T13:45:57+02:00,7975616
2026-09-15T13:45:58+02:00,7975616
2026-09-15T13:45:59+02:00,7975616
2026-09-15T13:46:00+02:00,7975616
2026-09-15T13:46:01+02:00,7975616
2026-09-15T13:46:02+02:00,7975616
2026-09-15T13:46:04+02:00,7975616
2026-09-15T13:46:05+02:00,7975616
2026-09-15T13:46:06+02:00,7975616
2026-09-15T13:46:07+02:00,7975616
2026-09-15T13:46:08+02:00,7975616
2026-09-15T13:46:09+02:00,7975616
2026-09-15T13:46:10+02:00,7975616
2026-09-15T13:46:11+02:00,7975616
2026-09-15T13:46:12+02:00,7975616
2026-09-15T13:46:13+02:00,7975616
2026-09-15T13:46:14+02:00,7975616
2026-09-15T13:46:15+02:00,7975616
2026-09-15T13:46:16+02:00,7975616
2026-09-15T13:46:17+02:00,7975616
2026-09-15T13:46:18+02:00,7975616
2026-09-15T13:46:19+02:00,7975616
2026-09-15T13:46:20+02:00,7975616
2026-09-15T13:46:21+02:00,7975616
2026-09-15T13:46:22+02:00,7975616
2026-09-15T13:46:23+02:00,7975616
2026-09-15T13:46:24+02:00,7975616
2026-09-15T13:46:25+02:00,7975616
2026-09-15T13:46:26+02:00,7975616
2026-09-15T13:46:27+02:00,7975616
2026-09-15T13:46:28+02:00,7975616
2026-09-15T13:46:29+02:00,7975616
2026-09-15T13:46:30+02:00,7975616
2026-09-15T13:46:31+02:00,7975616
2026-09-15T13:46:32+02:00,7975616
2026-09-15T13:46:33+02:00,7975616
2026-09-15T13:46:34+02:00,7975616
2026-09-15T13:46:35+02:00,7975616
2026-09-15T13:46:36+02:00,7975616
2026-09-15T13:46:38+02:00,7975616
2026-09-15T13:46:39+02:00,7975616
2026-09-15T13:46:40+02:00,7975616
2026-09-15T13:46:41+02:00,7975616
2026-09-15T13:46:42+02:00,7975616
2026-09-15T13:46:43+02:00,7975616
2026-09-15T13:46:44+02:00,7975616
2026-09-15T13:46:45+02:00,7975616
2026-09-15T13:46:46+02:00,7975616
2026-09-15T13:46:47+02:00,7975616
2026-09-15T13:46:48+02:00,7975616
2026-09-15T13:46:49+02:00,7975616
2026-09-15T13:46:50+02:00,7975616
2026-09-15T13:46:51+02:00,7975616
2026-09-15T13:46:52+02:00,7975616
2026-09-15T13:46:53+02:00,7975616
2026-09-15T13:46:54+02:00,7975616
2026-09-15T13:46:55+02:00,7975616
2026-09-15T13:46:56+02:00,7975616
2026-09-15T13:46:57+02:00,7975616
2026-09-15T13:46:58+02:00,7975616
2026-09-15T13:46:59+02:00,7975616
2026-09-15T13:47:00+02:00,7975616
2026-09-15T13:47:01+02:00,7975616
2026-09-15T13:47:02+02:00,7975616
2026-09-15T13:47:03+02:00,7975616
2026-09-15T13:47:04+02:00,7975616
2026-09-15T13:47:05+02:00,7975616
2026-09-15T13:47:06+02:00,7975616
2026-09-15T13:47:07+02:00,7975616
2026-09-15T13:47:08+02:00,7975616
2026-09-15T13:47:09+02:00,7975616
2026-09-15T13:47:10+02:00,7975616
2026-09-15T13:47:12+02:00,7975616
2026-09-15T13:47:13+02:00,7975616
2026-09-15T13:47:14+02:00,7975616
2026-09-15T13:47:15+02:00,7975616
2026-09-15T13:47:16+02:00,7975616
2026-09-15T13:47:17+02:00,7975616
2026-09-15T13:47:18+02:00,7975616
2026-09-15T13:47:19+02:00,7975616
2026-09-15T13:47:20+02:00,7975616
2026-09-15T13:47:21+02:00,7975616
2026-09-15T13:47:22+02:00,7975616
2026-09-15T13:47:23+02:00,7975616
2026-09-15T13:47:24+02:00,7975616
2026-09-15T13:47:25+02:00,7975616
2026-09-15T13:47:26+02:00,7975616
2026-09-15T13:47:27+02:00,7975616
2026-09-15T13:47:28+02:00,7975616
2026-09-15T13:47:29+02:00,7975616
2026-09-15T13:47:30+02:00,7975616
2026-09-15T13:47:31+02:00,7975616
2026-09-15T13:47:32+02:00,7975616
2026-09-15T13:47:33+02:00,7975616
2026-09-15T13:47:34+02:00,7975616
2026-09-15T13:47:35+02:00,7975616
2026-09-15T13:47:36+02:00,7975616
2026-09-15T13:47:37+02:00,7975616
2026-09-15T13:47:38+02:00,7975616
2026-09-15T13:47:39+02:00,7975616
2026-09-15T13:47:40+02:00,7975616
2026-09-15T13:47:41+02:00,7975616
2026-09-15T13:47:42+02:00,7975616
2026-09-15T13:47:43+02:00,7975616
2026-09-15T13:47:44+02:00,7975616
2026-09-15T13:47:46+02:00,7975616
2026-09-15T13:47:47+02:00,7975616
2026-09-15T13:47:48+02:00,7975616
2026-09-15T13:47:49+02:00,7975616
2026-09-15T13:47:50+02:00,7975616
2026-09-15T13:47:51+02:00,7975616
2026-09-15T13:47:52+02:00,7975616
2026-09-15T13:47:53+02:00,7975616
2026-09-15T13:47:54+02:00,7975616
2026-09-15T13:47:55+02:00,7975616
2026-09-15T13:47:56+02:00,7975616
2026-09-15T13:47:57+02:00,7975616
2026-09-15T13:47:58+02:00,7975616
2026-09-15T13:47:59+02:00,7975616
2026-09-15T13:48:00+02:00,7975616
2026-09-15T13:48:01+02:00,7975616
2026-09-15T13:48:02+02:00,7975616
2026-09-15T13:48:03+02:00,7975616
2026-09-15T13:48:04+02:00,7975616
2026-09-15T13:48:05+02:00,7975616
2026-09-15T13:48:06+02:00,7975616
2026-09-15T13:48:07+02:00,7975616
2026-09-15T13:48:08+02:00,7975616
2026-09-15T13:48:09+02:00,7975616
2026-09-15T13:48:10+02:00,7975616
2026-09-15T13:48:11+02:00,7975616
2026-09-15T13:48:12+02:00,7975616
2026-09-15T13:48:13+02:00,7975616
2026-09-15T13:48:14+02:00,7975616
2026-09-15T13:48:15+02:00,7975616
2026-09-15T13:48:16+02:00,7975616
2026-09-15T13:48:17+02:00,7975616
2026-09-15T13:48:18+02:00,7975616
2026-09-15T13:48:20+02:00,7975616
2026-09-15T13:48:21+02:00,7975616
2026-09-15T13:48:22+02:00,7975616
2026-09-15T13:48:23+02:00,7975616
2026-09-15T13:48:24+02:00,7975616
2026-09-15T13:48:25+02:00,7975616
2026-09-15T13:48:26+02:00,7975616
2026-09-15T13:48:27+02:00,7975616
2026-09-15T13:48:28+02:00,7975616
2026-09-15T13:48:29+02:00,7975616
2026-09-15T13:48:30+02:00,7975616
2026-09-15T13:48:31+02:00,7975616
2026-09-15T13:48:32+02:00,7975616
2026-09-15T13:48:33+02:00,7975616
2026-09-15T13:48:34+02:00,7975616
2026-09-15T13:48:35+02:00,7975616
2026-09-15T13:48:36+02:00,7975616
2026-09-15T13:48:37+02:00,7975616
2026-09-15T13:48:38+02:00,7975616
2026-09-15T13:48:39+02:00,7975616
2026-09-15T13:48:40+02:00,7975616
2026-09-15T13:48:41+02:00,7975616
2026-09-15T13:48:42+02:00,7975616
2026-09-15T13:48:43+02:00,7975616
2026-09-15T13:48:44+02:00,7975616
2026-09-15T13:48:45+02:00,7975616
2026-09-15T13:48:46+02:00,7975616
2026-09-15T13:48:47+02:00,7975616
2026-09-15T13:48:48+02:00,7975616
2026-09-15T13:48:49+02:00,7975616
2026-09-15T13:48:50+02:00,7975616
2026-09-15T13:48:51+02:00,7975616
2026-09-15T13:48:52+02:00,7975616
2026-09-15T13:48:54+02:00,7975616
2026-09-15T13:48:55+02:00,7975616
2026-09-15T13:48:56+02:00,7975616
2026-09-15T13:48:57+02:00,7975616
2026-09-15T13:48:58+02:00,7975616
2026-09-15T13:48:59+02:00,7975616
2026-09-15T13:49:00+02:00,7975616
2026-09-15T13:49:01+02:00,7975616
2026-09-15T13:49:02+02:00,7975616
2026-09-15T13:49:03+02:00,7975616
2026-09-15T13:49:04+02:00,7975616
2026-09-15T13:49:05+02:00,7975616
2026-09-15T13:49:06+02:00,7975616
2026-09-15T13:49:07+02:00,7975616
2026-09-15T13:49:08+02:00,7975616
2026-09-15T13:49:09+02:00,7975616
2026-09-15T13:49:10+02:00,7975616
2026-09-15T13:49:11+02:00,7975616
2026-09-15T13:49:12+02:00,7975616
2026-09-15T13:49:13+02:00,7975616
2026-09-15T13:49:14+02:00,7975616
2026-09-15T13:49:15+02:00,7975616
2026-09-15T13:49:16+02:00,7975616
2026-09-15T13:49:17+02:00,7975616
2026-09-15T13:49:18+02:00,7975616
2026-09-15T13:49:19+02:00,7975616
2026-09-15T13:49:20+02:00,7975616
2026-09-15T13:49:21+02:00,7975616
2026-09-15T13:49:22+02:00,7975616
2026-09-15T13:49:23+02:00,7975616
2026-09-15T13:49:24+02:00,7975616
2026-09-15T13:49:25+02:00,7975616
2026-09-15T13:49:26+02:00,7975616
2026-09-15T13:49:28+02:00,7975616
2026-09-15T13:49:29+02:00,7975616
2026-09-15T13:49:30+02:00,7975616
2026-09-15T13:49:31+02:00,7975616
2026-09-15T13:49:32+02:00,7975616
2026-09-15T13:49:33+02:00,7975616
2026-09-15T13:49:34+02:00,7975616
2026-09-15T13:49:35+02:00,7975616
2026-09-15T13:49:36+02:00,7975616
2026-09-15T13:49:37+02:00,7975616
2026-09-15T13:49:38+02:00,7975616
2026-09-15T13:49:39+02:00,7975616
2026-09-15T13:49:40+02:00,7975616
2026-09-15T13:49:41+02:00,7975616
2026-09-15T13:49:42+02:00,7975616
2026-09-15T13:49:43+02:00,7975616
2026-09-15T13:49:44+02:00,7975616
2026-09-15T13:49:45+02:00,7975616
2026-09-15T13:49:46+02:00,7975616
2026-09-15T13:49:47+02:00,7975616
2026-09-15T13:49:48+02:00,7975616
2026-09-15T13:49:49+02:00,7975616
2026-09-15T13:49:50+02:00,7975616
2026-09-15T13:49:51+02:00,7975616
2026-09-15T13:49:52+02:00,7975616
2026-09-15T13:49:53+02:00,7975616
2026-09-15T13:49:54+02:00,7975616
2026-09-15T13:49:55+02:00,7975616
2026-09-15T13:49:56+02:00,7975616
2026-09-15T13:49:57+02:00,7975616
2026-09-15T13:49:58+02:00,7975616
2026-09-15T13:49:59+02:00,7975616
2026-09-15T13:50:01+02:00,7975616
2026-09-15T13:50:02+02:00,7975616
2026-09-15T13:50:03+02:00,7975616
2026-09-15T13:50:04+02:00,7975616
2026-09-15T13:50:05+02:00,7975616
2026-09-15T13:50:06+02:00,7975616
2026-09-15T13:50:07+02:00,7975616
2026-09-15T13:50:08+02:00,7975616
2026-09-15T13:50:09+02:00,7975616
2026-09-15T13:50:10+02:00,7975616
2026-09-15T13:50:11+02:00,7975616
2026-09-15T13:50:12+02:00,7975616
2026-09-15T13:50:13+02:00,7975616
2026-09-15T13:50:14+02:00,7975616
2026-09-15T13:50:15+02:00,7975616
2026-09-15T13:50:16+02:00,7975616
2026-09-15T13:50:17+02:00,7975616
2026-09-15T13:50:18+02:00,7975616
2026-09-15T13:50:19+02:00,7975616
2026-09-15T13:50:20+02:00,7975616
2026-09-15T13:50:21+02:00,7975616
2026-09-15T13:50:22+02:00,7975616
2026-09-15T13:50:23+02:00,7975616
2026-09-15T13:50:24+02:00,7975616
2026-09-15T13:50:25+02:00,7975616
2026-09-15T13:50:26+02:00,7975616
2026-09-15T13:50:27+02:00,7975616
2026-09-15T13:50:28+02:00,7975616
2026-09-15T13:50:29+02:00,7975616
2026-09-15T13:50:30+02:00,7975616
2026-09-15T13:50:31+02:00,7975616
2026-09-15T13:50:32+02:00,7975616
2026-09-15T13:50:33+02:00,7975616
2026-09-15T13:50:35+02:00,7975616
2026-09-15T13:50:36+02:00,7975616
2026-09-15T13:50:37+02:00,7975616
2026-09-15T13:50:38+02:00,7975616
2026-09-15T13:50:39+02:00,7975616
2026-09-15T13:50:40+02:00,7975616
2026-09-15T13:50:41+02:00,7975616
2026-09-15T13:50:42+02:00,7975616
2026-09-15T13:50:43+02:00,7975616
2026-09-15T13:50:44+02:00,7975616
2026-09-15T13:50:45+02:00,7975616
2026-09-15T13:50:46+02:00,7975616
2026-09-15T13:50:47+02:00,7975616
2026-09-15T13:50:48+02:00,7975616
2026-09-15T13:50:49+02:00,7975616
2026-09-15T13:50:50+02:00,7975616
2026-09-15T13:50:51+02:00,7975616
2026-09-15T13:50:52+02:00,7975616
2026-09-15T13:50:53+02:00,7975616
2026-09-15T13:50:54+02:00,7975616
2026-09-15T13:50:55+02:00,7975616
2026-09-15T13:50:56+02:00,7975616
2026-09-15T13:50:57+02:00,7975616
2026-09-15T13:50:58+02:00,7975616
2026-09-15T13:50:59+02:00,7975616
2026-09-15T13:51:00+02:00,7975616
2026-09-15T13:51:01+02:00,7975616
2026-09-15T13:51:02+02:00,7975616
2026-09-15T13:51:03+02:00,7975616
2026-09-15T13:51:04+02:00,7975616
2026-09-15T13:51:05+02:00,7975616
2026-09-15T13:51:06+02:00,7975616
2026-09-15T13:51:07+02:00,7975616
2026-09-15T13:51:09+02:00,7975616
2026-09-15T13:51:10+02:00,7975616
2026-09-15T13:51:11+02:00,7975616
2026-09-15T13:51:12+02:00,7975616
2026-09-15T13:51:13+02:00,7975616
2026-09-15T13:51:14+02:00,7975616
2026-09-15T13:51:15+02:00,7975616
2026-09-15T13:51:16+02:00,7975616
2026-09-15T13:51:17+02:00,7975616
2026-09-15T13:51:18+02:00,7975616
2026-09-15T13:51:19+02:00,7975616
2026-09-15T13:51:20+02:00,7975616
2026-09-15T13:51:21+02:00,7975616
2026-09-15T13:51:22+02:00,7975616
2026-09-15T13:51:23+02:00,7975616
2026-09-15T13:51:24+02:00,7975616
2026-09-15T13:51:25+02:00,7975616
2026-09-15T13:51:26+02:00,7975616
2026-09-15T13:51:27+02:00,7975616
2026-09-15T13:51:28+02:00,7975616
2026-09-15T13:51:29+02:00,7975616
2026-09-15T13:51:30+02:00,7975616
2026-09-15T13:51:31+02:00,7975616
2026-09-15T13:51:32+02:00,7975616
2026-09-15T13:51:33+02:00,7975616
2026-09-15T13:51:34+02:00,7975616
2026-09-15T13:51:35+02:00,7975616
2026-09-15T13:51:36+02:00,7975616
2026-09-15T13:51:37+02:00,7975616
2026-09-15T13:51:38+02:00,7975616
2026-09-15T13:51:39+02:00,7975616
2026-09-15T13:51:40+02:00,7975616
2026-09-15T13:51:41+02:00,7975616
2026-09-15T13:51:43+02:00,7975616
2026-09-15T13:51:44+02:00,7975616
2026-09-15T13:51:45+02:00,7975616
2026-09-15T13:51:46+02:00,7975616
2026-09-15T13:51:47+02:00,7975616
2026-09-15T13:51:48+02:00,7975616
2026-09-15T13:51:49+02:00,7975616
2026-09-15T13:51:50+02:00,7975616
2026-09-15T13:51:51+02:00,7975616
2026-09-15T13:51:52+02:00,7975616
2026-09-15T13:51:53+02:00,7975616
2026-09-15T13:51:54+02:00,7975616
2026-09-15T13:51:55+02:00,7975616
2026-09-15T13:51:56+02:00,7975616
2026-09-15T13:51:57+02:00,7975616
2026-09-15T13:51:58+02:00,7975616
2026-09-15T13:51:59+02:00,7975616
2026-09-15T13:52:00+02:00,7975616
2026-09-15T13:52:01+02:00,7975616
2026-09-15T13:52:02+02:00,7975616
2026-09-15T13:52:03+02:00,7975616
2026-09-15T13:52:04+02:00,7975616
2026-09-15T13:52:05+02:00,7975616
2026-09-15T13:52:06+02:00,7975616
2026-09-15T13:52:07+02:00,7975616
2026-09-15T13:52:08+02:00,7975616
2026-09-15T13:52:09+02:00,7975616
2026-09-15T13:52:10+02:00,7975616
2026-09-15T13:52:11+02:00,7975616
2026-09-15T13:52:12+02:00,7975616
2026-09-15T13:52:13+02:00,7975616
2026-09-15T13:52:14+02:00,7975616
2026-09-15T13:52:15+02:00,7975616
2026-09-15T13:52:17+02:00,7975616
2026-09-15T13:52:18+02:00,7975616
2026-09-15T13:52:19+02:00,7975616
2026-09-15T13:52:20+02:00,7975616
2026-09-15T13:52:21+02:00,7975616
2026-09-15T13:52:22+02:00,7975616
2026-09-15T13:52:23+02:00,7975616
2026-09-15T13:52:24+02:00,7975616
2026-09-15T13:52:25+02:00,7975616
2026-09-15T13:52:26+02:00,7975616
2026-09-15T13:52:27+02:00,7975616
2026-09-15T13:52:28+02:00,7975616
2026-09-15T13:52:29+02:00,7975616
2026-09-15T13:52:30+02:00,7975616
2026-09-15T13:52:31+02:00,7975616
2026-09-15T13:52:32+02:00,7975616
2026-09-15T13:52:33+02:00,7975616
2026-09-15T13:52:34+02:00,7975616
2026-09-15T13:52:35+02:00,7975616
2026-09-15T13:52:36+02:00,7975616
2026-09-15T13:52:37+02:00,7975616
2026-09-15T13:52:38+02:00,7975616
2026-09-15T13:52:39+02:00,7975616
2026-09-15T13:52:40+02:00,7975616
2026-09-15T13:52:41+02:00,7975616
2026-09-15T13:52:42+02:00,7975616
2026-09-15T13:52:43+02:00,7975616
2026-09-15T13:52:44+02:00,7975616
2026-09-15T13:52:45+02:00,7975616
2026-09-15T13:52:46+02:00,7975616
2026-09-15T13:52:47+02:00,7975616
2026-09-15T13:52:48+02:00,7975616
2026-09-15T13:52:49+02:00,7975616
2026-09-15T13:52:51+02:00,7975616
2026-09-15T13:52:52+02:00,7975616
2026-09-15T13:52:53+02:00,7975616
2026-09-15T13:52:54+02:00,7975616
2026-09-15T13:52:55+02:00,7975616
2026-09-15T13:52:56+02:00,7975616
2026-09-15T13:52:57+02:00,7975616
2026-09-15T13:52:58+02:00,7975616
2026-09-15T13:52:59+02:00,7975616
2026-09-15T13:53:00+02:00,7975616
2026-09-15T13:53:01+02:00,7975616
2026-09-15T13:53:02+02:00,7975616
2026-09-15T13:53:03+02:00,7975616
2026-09-15T13:53:04+02:00,7975616
2026-09-15T13:53:05+02:00,7975616
2026-09-15T13:53:06+02:00,7975616
2026-09-15T13:53:07+02:00,7975616
2026-09-15T13:53:08+02:00,7975616
2026-09-15T13:53:09+02:00,7975616
2026-09-15T13:53:10+02:00,7975616
2026-09-15T13:53:11+02:00,7975616
2026-09-15T13:53:12+02:00,7975616
2026-09-15T13:53:13+02:00,7975616
2026-09-15T13:53:14+02:00,7975616
2026-09-15T13:53:15+02:00,7975616
2026-09-15T13:53:16+02:00,7975616
2026-09-15T13:53:17+02:00,7975616
2026-09-15T13:53:18+02:00,7975616
2026-09-15T13:53:19+02:00,7975616
2026-09-15T13:53:20+02:00,7975616
2026-09-15T13:53:21+02:00,7975616
2026-09-15T13:53:22+02:00,7975616
2026-09-15T13:53:23+02:00,7975616
2026-09-15T13:53:25+02:00,7975616
2026-09-15T13:53:26+02:00,7975616
2026-09-15T13:53:27+02:00,7975616
2026-09-15T13:53:28+02:00,7975616
2026-09-15T13:53:29+02:00,7975616
2026-09-15T13:53:30+02:00,7975616
2026-09-15T13:53:31+02:00,7975616
2026-09-15T13:53:32+02:00,7975616
2026-09-15T13:53:33+02:00,7975616
2026-09-15T13:53:34+02:00,7975616
2026-09-15T13:53:35+02:00,7975616
2026-09-15T13:53:36+02:00,7975616
2026-09-15T13:53:37+02:00,7975616
2026-09-15T13:53:38+02:00,7975616
2026-09-15T13:53:39+02:00,7975616
2026-09-15T13:53:40+02:00,7975616
2026-09-15T13:53:41+02:00,7975616
2026-09-15T13:53:42+02:00,7975616
2026-09-15T13:53:43+02:00,7975616
2026-09-15T13:53:44+02:00,7975616
2026-09-15T13:53:45+02:00,7975616
2026-09-15T13:53:46+02:00,7975616
2026-09-15T13:53:47+02:00,7975616
2026-09-15T13:53:48+02:00,7975616
2026-09-15T13:53:49+02:00,7975616
2026-09-15T13:53:50+02:00,7975616
2026-09-15T13:53:51+02:00,7975616
2026-09-15T13:53:52+02:00,7975616
2026-09-15T13:53:53+02:00,7975616
2026-09-15T13:53:54+02:00,7975616
2026-09-15T13:53:55+02:00,7975616
2026-09-15T13:53:56+02:00,7975616
2026-09-15T13:53:57+02:00,7975616
2026-09-15T13:53:59+02:00,7975616
2026-09-15T13:54:00+02:00,7975616
2026-09-15T13:54:01+02:00,7975616
2026-09-15T13:54:02+02:00,7975616
2026-09-15T13:54:03+02:00,7975616
2026-09-15T13:54:04+02:00,7975616
2026-09-15T13:54:05+02:00,7975616
2026-09-15T13:54:06+02:00,7975616
2026-09-15T13:54:07+02:00,7975616
2026-09-15T13:54:08+02:00,7975616
2026-09-15T13:54:09+02:00,7975616
2026-09-15T13:54:10+02:00,7975616
2026-09-15T13:54:11+02:00,7975616
2026-09-15T13:54:12+02:00,7975616
2026-09-15T13:54:13+02:00,7975616
2026-09-15T13:54:14+02:00,7975616
2026-09-15T13:54:15+02:00,7975616
2026-09-15T13:54:16+02:00,7975616
2026-09-15T13:54:17+02:00,7975616
2026-09-15T13:54:18+02:00,7975616
2026-09-15T13:54:19+02:00,7975616
2026-09-15T13:54:20+02:00,7975616
2026-09-15T13:54:21+02:00,7975616
2026-09-15T13:54:22+02:00,7975616
2026-09-15T13:54:23+02:00,7975616
2026-09-15T13:54:24+02:00,7975616
2026-09-15T13:54:25+02:00,7975616
2026-09-15T13:54:26+02:00,7975616
2026-09-15T13:54:27+02:00,7975616
2026-09-15T13:54:28+02:00,7975616
2026-09-15T13:54:29+02:00,7975616
2026-09-15T13:54:30+02:00,7975616
2026-09-15T13:54:32+02:00,7975616
2026-09-15T13:54:33+02:00,7975616
2026-09-15T13:54:34+02:00,7975616
2026-09-15T13:54:35+02:00,7975616
2026-09-15T13:54:36+02:00,7975616
2026-09-15T13:54:37+02:00,7975616
2026-09-15T13:54:38+02:00,7975616
2026-09-15T13:54:39+02:00,7975616
2026-09-15T13:54:40+02:00,7975616
2026-09-15T13:54:41+02:00,7975616
