timestamp,rss_kib
2026-09-15T10:07:44+02:00,6589840
2026-09-15T10:07:45+02:00,6589840
2026-09-15T10:07:46+02:00,6589840
2026-09-15T10:07:47+02:00,6589840
2026-09-15T10:07:48+02:00,6589840
2026-09-15T10:07:50+02:00,6589840
2026-09-15T10:07:51+02:00,6589840
2026-09-15T10:07:52+02:00,6589840
2026-09-15T10:07:53+02:00,6589840
2026-09-15T10:07:54+02:00,6589840
2026-09-15T10:07:55+02:00,6589840
2026-09-15T10:07:56+02:00,6589840
2026-09-15T10:07:57+02:00,6589840
2026-09-15T10:07:58+02:00,6589840
2026-09-15T10:07:59+02:00,6589840
2026-09-15T10:08:00+02:00,6589840
2026-09-15T10:08:01+02:00,6589840
2026-09-15T10:08:02+02:00,6589840
2026-09-15T10:08:03+02:00,6589840
2026-09-15T10:08:04+02:00,6589840
2026-09-15T10:08:05+02:00,6589840
2026-09-15T10:08:06+02:00,6589840
2026-09-15T10:08:07+02:00,6589840
2026-09-15T10:08:08+02:00,6589840
2026-09-15T10:08:09+02:00,6589840
2026-09-15T10:08:10+02:00,6589840
2026-09-15T10:08:11+02:00,6589840
2026-09-15T10:08:12+02:00,6589840
2026-09-15T10:08:13+02:00,6589840
2026-09-15T10:08:14+02:00,6589840
2026-09-15T10:08:15+02:00,6589840
2026-09-15T10:08:16+02:00,6589840
2026-09-15T10:08:17+02:00,6589840
2026-09-15T10:08:18+02:00,6589840
2026-09-15T10:08:19+02:00,6589840
2026-09-15T10:08:20+02:00,6589840
2026-09-15T10:08:21+02:00,6589840
2026-09-15T10:08:22+02:00,6589840
2026-09-15T10:08:23+02:00,6589840
2026-09-15T10:08:24+02:00,6589840
2026-09-15T10:08:25+02:00,6589840
2026-09-15T10:08:27+02:00,6589840
2026-09-15T10:08:28+02:00,6589840
2026-09-15T10:08:29+02:00,6589840
2026-09-15T10:08:30+02:00,6589840
2026-09-15T10:08:31+02:00,6589840
2026-09-15T10:08:32+02:00,6589840
2026-09-15T10:08:33+02:00,6589840
2026-09-15T10:08:34+02:00,6589840
2026-09-15T10:08:35+02:00,6589840
2026-09-15T10:08:36+02:00,6589840
2026-09-15T10:08:37+02:00,6589840
2026-09-15T10:08:38+02:00,6589840
2026-09-15T10:08:39+02:00,6589840
2026-09-15T10:08:40+02:00,6589840
2026-09-15T10:08:41+02:00,6589840
2026-09-15T10:08:42+02:00,6589840
2026-09-15T10:08:43+02:00,6589840
2026-09-15T10:08:44+02:00,6589840
2026-09-15T10:08:45+02:00,6589840
2026-09-15T10:08:46+02:00,6589840
2026-09-15T10:08:47+02:00,6589840
2026-09-15T10:08:48+02:00,6589840
2026-09-15T10:08:49+02:00,6589840
2026-09-15T10:08:50+02:00,6589840
2026-09-15T10:08:51+02:00,6589840
2026-09-15T10:08:52+02:00,6589840
2026-09-15T10:08:53+02:00,6589840
2026-09-15T10:08:54+02:00,6589840
2026-09-15T10:08:55+02:00,6589840
2026-09-15T10:08:56+02:00,6589840
2026-09-15T10:08:57+02:00,6589840
2026-09-15T10:08:58+02:00,6589840
2026-09-15T10:08:59+02:00,6589840
2026-09-15T10:09:00+02:00,6589840
2026-09-15T10:09:01+02:00,6589840
2026-09-15T10:09:03+02:00,6589840
2026-09-15T10:09:04+02:00,6589840
2026-09-15T10:09:05+02:00,6589840
2026-09-15T10:09:06+02:00,6589840
2026-09-15T10:09:07+02:00,6589840
2026-09-15T10:09:08+02:00,6589840
2026-09-15T10:09:09+02:00,6589840
2026-09-15T10:09:10+02:00,6589840
2026-09-15T10:09:11+02:00,6589840
2026-09-15T10:09:12+02:00,6589840
2026-09-15T10:09:13+02:00,6589840
2026-09-15T10:09:14+02:00,6589840
2026-09-15T10:09:15+02:00,6589840
2026-09-15T10:09:16+02:00,6589840
2026-09-15T10:09:17+02:00,6589840
2026-09-15T10:09:18+02:00,6589840
2026-09-15T10:09:19+02:00,6589840
2026-09-15T10:09:20+02:00,6589840
2026-09-15T10:09:21+02:00,6589840
2026-09-15T10:09:22+02:00,6589840
2026-09-15T10:09:23+02:00,6589840
2026-09-15T10:09:24+02:00,6589840
2026-09-15T10:09:25+02:00,6589840
2026-09-15T10:09:26+02:00,6589840
2026-09-15T10:09:27+02:00,6589840
2026-09-15T10:09:28+02:00,6589840
2026-09-15T10:09:29+02:00,6589840
2026-09-15T10:09:30+02:00,6589840
2026-09-15T10:09:31+02:00,6589840
2026-09-15T10:09:32+02:00,6589840
2026-09-15T10:09:33+02:00,6589840
2026-09-15T10:09:34+02:00,6589840
2026-09-15T10:09:35+02:00,6589840
2026-09-15T10:09:36+02:00,6589840
2026-09-15T10:09:37+02:00,6589840
2026-09-15T10:09:38+02:00,6589840
2026-09-15T10:09:40+02:00,6589840
2026-09-15T10:09:41+02:00,6589840
2026-09-15T10:09:42+02:00,6589840
2026-09-15T10:09:43+02:00,6589840
2026-09-15T10:09:44+02:00,6589840
2026-09-15T10:09:45+02:00,6589840
2026-09-15T10:09:46+02:00,6589840
2026-09-15T10:09:47+02:00,6589840
2026-09-15T10:09:48+02:00,6589840
2026-09-15T10:09:49+02:00,6589840
2026-09-15T10:09:50+02:00,6589840
2026-09-15T10:09:51+02:00,6589840
2026-09-15T10:09:52+02:00,6589840
2026-09-15T10:09:53+02:00,6589840
2026-09-15T10:09:54+02:00,6589840
2026-09-15T10:09:55+02:00,6589840
2026-09-15T10:09:56+02:00,6589840
2026-09-15T10:09:57+02:00,6589840
2026-09-15T10:09:58+02:00,6589840
2026-09-15T10:09:59+02:00,6589840
2026-09-15T10:10:00+02:00,6589840
2026-09-15T10:10:01+02:00,6589840
2026-09-15T10:10:02+02:00,6589840
2026-09-15T10:10:03+02:00,6589840
2026-09-15T10:10:04+02:00,6589840
2026-09-15T10:10:05+02:00,6589840
2026-09-15T10:10:06+02:00,6589840
2026-09-15T10:10:07+02:00,6589840
2026-09-15T10:10:08+02:00,6589840
2026-09-15T10:10:09+02:00,6589840
2026-09-15T10:10:10+02:00,6589840
2026-09-15T10:10:11+02:00,6589840
2026-09-15T10:10:12+02:00,6589840
2026-09-15T10:10:13+02:00,6589840
2026-09-15T10:10:14+02:00,6589840
2026-09-15T10:10:16+02:00,6589840
2026-09-15T10:10:17+02:00,6589840
2026-09-15T10:10:18+02:00,6589840
2026-09-15T10:10:19+02:00,6589840
2026-09-15T10:10:20+02:00,6589840
2026-09-15T10:10:21+02:00,6589840
2026-09-15T10:10:22+02:00,6589840
2026-09-15T10:10:23+02:00,6589840
2026-09-15T10:10:24+02:00,6589840
2026-09-15T10:10:25+02:00,6589840
2026-09-15T10:10:26+02:00,6589840
2026-09-15T10:10:27+02:00,6589840
2026-09-15T10:10:28+02:00,6589840
2026-09-15T10:10:29+02:00,6589840
2026-09-15T10:10:30+02:00,6589840
2026-09-15T10:10:31+02:00,6589840
2026-09-15T10:10:32+02:00,6589840
2026-09-15T10:10:33+02:00,6589840
2026-09-15T10:10:34+02:00,6589840
2026-09-15T10:10:35+02:00,6589840
2026-09-15T10:10:36+02:00,6589840
2026-09-15T10:10:37+02:00,6589840
2026-09-15T10:10:38+02:00,6589840
2026-09-15T10:10:39+02:00,6589840
2026-09-15T10:10:40+02:00,6589840
2026-09-15T10:10:41+02:00,6589840
2026-09-15T10:10:42+02:00,6589840
2026-09-15T10:10:43+02:00,6589840
2026-09-15T10:10:44+02:00,6589840
2026-09-15T10:10:45+02:00,6589840
2026-09-15T10:10:46+02:00,6589840
2026-09-15T10:10:47+02:00,6589840
2026-09-15T10:10:48+02:00,6589840
2026-09-15T10:10:49+02:00,6589840
2026-09-15T10:10:50+02:00,6589840
2026-09-15T10:10:52+02:00,6589840
2026-09-15T10:10:53+02:00,6589840
2026-09-15T10:10:54+02:00,6589840
2026-09-15T10:10:55+02:00,6589840
2026-09-15T10:10:56+02:00,6589840
2026-09-15T10:10:57+02:00,6589840
2026-09-15T10:10:58+02:00,6589840
2026-09-15T10:10:59+02:00,6589840
2026-09-15T10:11:00+02:00,6589840
2026-09-15T10:11:01+02:00,6589840
2026-09-15T10:11:02+02:00,6589840
2026-09-15T10:11:03+02:00,6589840
2026-09-15T10:11:04+02:00,6589840
2026-09-15T10:11:05+02:00,6589840
2026-09-15T10:11:06+02:00,6589840
2026-09-15T10:11:07+02:00,6589840
2026-09-15T10:11:08+02:00,6589840
2026-09-15T10:11:09+02:00,6604400
2026-09-15T10:11:10+02:00,6604400
2026-09-15T10:11:11+02:00,6604400
2026-09-15T10:11:12+02:00,6604400
2026-09-15T10:11:13+02:00,6604400
2026-09-15T10:11:14+02:00,6604400
2026-09-15T10:11:15+02:00,6604400
2026-09-15T10:11:16+02:00,6604400
2026-09-15T10:11:18+02:00,6604400
2026-09-15T10:11:19+02:00,6604400
2026-09-15T10:11:20+02:00,6604400
2026-09-15T10:11:21+02:00,6604400
2026-09-15T10:11:22+02:00,6604400
2026-09-15T10:11:23+02:00,6604400
2026-09-15T10:11:24+02:00,6604400
2026-09-15T10:11:25+02:00,6604400
2026-09-15T10:11:26+02:00,6604400
2026-09-15T10:11:27+02:00,6604400
2026-09-15T10:11:29+02:00,6604400
2026-09-15T10:11:30+02:00,6604400
2026-09-15T10:11:31+02:00,6604400
2026-09-15T10:11:32+02:00,6604400
2026-09-15T10:11:33+02:00,6604400
2026-09-15T10:11:34+02:00,6604400
2026-09-15T10:11:35+02:00,6604400
2026-09-15T10:11:36+02:00,6604400
2026-09-15T10:11:37+02:00,6604400
2026-09-15T10:11:38+02:00,6604400
2026-09-15T10:11:39+02:00,6604400
2026-09-15T10:11:40+02:00,6604400
2026-09-15T10:11:41+02:00,6604400
2026-09-15T10:11:43+02:00,6604400
2026-09-15T10:11:44+02:00,6604400
2026-09-15T10:11:45+02:00,6604400
2026-09-15T10:11:46+02:00,6604400
2026-09-15T10:11:47+02:00,6604400
2026-09-15T10:11:48+02:00,6604400
2026-09-15T10:11:49+02:00,6604400
2026-09-15T10:11:50+02:00,6604400
2026-09-15T10:11:51+02:00,6604400
2026-09-15T10:11:52+02:00,6604400
2026-09-15T10:11:53+02:00,6604400
2026-09-15T10:11:54+02:00,6604400
2026-09-15T10:11:56+02:00,6604400
2026-09-15T10:11:57+02:00,6604400
2026-09-15T10:11:58+02:00,6604400
2026-09-15T10:11:59+02:00,6604400
2026-09-15T10:12:00+02:00,6604400
2026-09-15T10:12:01+02:00,6604400
2026-09-15T10:12:02+02:00,6604400
2026-09-15T10:12:03+02:00,6604400
2026-09-15T10:12:04+02:00,6604400
2026-09-15T10:12:05+02:00,6604400
2026-09-15T10:12:06+02:00,6604400
2026-09-15T10:12:08+02:00,6604400
2026-09-15T10:12:09+02:00,6604400
2026-09-15T10:12:10+02:00,6604400
2026-09-15T10:12:11+02:00,6604400
2026-09-15T10:12:12+02:00,6604400
2026-09-15T10:12:13+02:00,6604400
2026-09-15T10:12:14+02:00,6604400
2026-09-15T10:12:15+02:00,6604400
2026-09-15T10:12:16+02:00,6604400
2026-09-15T10:12:17+02:00,6604400
2026-09-15T10:12:18+02:00,6604400
2026-09-15T10:12:19+02:00,6604400
2026-09-15T10:12:21+02:00,6604400
2026-09-15T10:12:22+02:00,6604400
2026-09-15T10:12:23+02:00,6604400
2026-09-15T10:12:24+02:00,6604400
2026-09-15T10:12:25+02:00,6604400
2026-09-15T10:12:26+02:00,6604400
2026-09-15T10:12:27+02:00,6604400
2026-09-15T10:12:28+02:00,6604400
2026-09-15T10:12:29+02:00,6604400
2026-09-15T10:12:30+02:00,6604400
2026-09-15T10:12:31+02:00,6604400
2026-09-15T10:12:32+02:00,6604400
2026-09-15T10:12:33+02:00,6604400
2026-09-15T10:12:35+02:00,6604400
2026-09-15T10:12:36+02:00,6604400
2026-09-15T10:12:37+02:00,6604400
2026-09-15T10:12:38+02:00,6604400
2026-09-15T10:12:39+02:00,6604400
2026-09-15T10:12:40+02:00,6604400
2026-09-15T10:12:41+02:00,6604400
2026-09-15T10:12:42+02:00,6604400
2026-09-15T10:12:43+02:00,6604400
2026-09-15T10:12:44+02:00,6604400
2026-09-15T10:12:45+02:00,6604400
2026-09-15T10:12:46+02:00,6604400
2026-09-15T10:12:48+02:00,6604400
2026-09-15T10:12:49+02:00,6632864
2026-09-15T10:12:50+02:00,6632864
2026-09-15T10:12:51+02:00,6632864
2026-09-15T10:12:52+02:00,6632864
2026-09-15T10:12:53+02:00,6632864
2026-09-15T10:12:54+02:00,6632864
2026-09-15T10:12:55+02:00,6632864
2026-09-15T10:12:56+02:00,6632864
2026-09-15T10:12:57+02:00,6632864
2026-09-15T10:12:58+02:00,6632864
2026-09-15T10:12:59+02:00,6632864
2026-09-15T10:13:01+02:00,6632864
2026-09-15T10:13:02+02:00,6632864
2026-09-15T10:13:03+02:00,6632864
2026-09-15T10:13:04+02:00,6632864
2026-09-15T10:13:05+02:00,6632864
2026-09-15T10:13:06+02:00,6632864
2026-09-15T10:13:07+02:00,6632864
2026-09-15T10:13:08+02:00,6632864
2026-09-15T10:13:09+02:00,6632864
2026-09-15T10:13:10+02:00,6632864
2026-09-15T10:13:11+02:00,6632864
2026-09-15T10:13:12+02:00,6632864
2026-09-15T10:13:14+02:00,6632864
2026-09-15T10:13:15+02:00,6632864
2026-09-15T10:13:16+02:00,6632864
2026-09-15T10:13:17+02:00,6632864
2026-09-15T10:13:18+02:00,6632864
2026-09-15T10:13:19+02:00,6632864
2026-09-15T10:13:20+02:00,6632864
2026-09-15T10:13:21+02:00,6632864
2026-09-15T10:13:22+02:00,6632864
2026-09-15T10:13:23+02:00,6632864
2026-09-15T10:13:24+02:00,6632864
2026-09-15T10:13:25+02:00,6632864
2026-09-15T10:13:27+02:00,6632864
2026-09-15T10:13:28+02:00,6632864
2026-09-15T10:13:29+02:00,6632864
2026-09-15T10:13:30+02:00,6632864
2026-09-15T10:13:31+02:00,6632864
2026-09-15T10:13:32+02:00,6632864
2026-09-15T10:13:33+02:00,6632864
2026-09-15T10:13:34+02:00,6632864
2026-09-15T10:13:35+02:00,6632864
2026-09-15T10:13:36+02:00,6632864
2026-09-15T10:13:37+02:00,6632864
2026-09-15T10:13:38+02:00,6632864
2026-09-15T10:13:39+02:00,6632864
2026-09-15T10:13:41+02:00,6632864
2026-09-15T10:13:42+02:00,6632864
2026-09-15T10:13:43+02:00,6632864
2026-09-15T10:13:44+02:00,6632864
2026-09-15T10:13:45+02:00,6632864
2026-09-15T10:13:46+02:00,6632864
2026-09-15T10:13:47+02:00,6632864
2026-09-15T10:13:48+02:00,6632864
2026-09-15T10:13:49+02:00,6632864
2026-09-15T10:13:50+02:00,6632864
2026-09-15T10:13:51+02:00,6632864
2026-09-15T10:13:52+02:00,6632864
2026-09-15T10:13:54+02:00,6632864
2026-09-15T10:13:55+02:00,6632864
2026-09-15T10:13:56+02:00,6632864
2026-09-15T10:13:57+02:00,6632864
2026-09-15T10:13:58+02:00,6632864
2026-09-15T10:13:59+02:00,6632864
2026-09-15T10:14:00+02:00,6632864
2026-09-15T10:14:01+02:00,6632864
2026-09-15T10:14:02+02:00,6632864
2026-09-15T10:14:03+02:00,6632864
2026-09-15T10:14:04+02:00,6632864
2026-09-15T10:14:05+02:00,6632864
2026-09-15T10:14:07+02:00,6632864
2026-09-15T10:14:08+02:00,6632864
2026-09-15T10:14:09+02:00,6632864
2026-09-15T10:14:10+02:00,6632864
2026-09-15T10:14:11+02:00,6632864
2026-09-15T10:14:12+02:00,6632864
2026-09-15T10:14:13+02:00,6632864
2026-09-15T10:14:14+02:00,6632864
2026-09-15T10:14:15+02:00,6632864
2026-09-15T10:14:16+02:00,6632864
2026-09-15T10:14:17+02:00,6632864
2026-09-15T10:14:18+02:00,6632864
2026-09-15T10:14:20+02:00,6632864
2026-09-15T10:14:21+02:00,6632864
2026-09-15T10:14:22+02:00,6632864
2026-09-15T10:14:23+02:00,6632864
2026-09-15T10:14:24+02:00,6632864
2026-09-15T10:14:25+02:00,6632864
2026-09-15T10:14:26+02:00,6632864
2026-09-15T10:14:27+02:00,6632864
2026-09-15T10:14:28+02:00,6632864
2026-09-15T10:14:29+02:00,6632864
2026-09-15T10:14:30+02:00,6632864
2026-09-15T10:14:31+02:00,6632864
2026-09-15T10:14:33+02:00,6632864
2026-09-15T10:14:34+02:00,6632864
2026-09-15T10:14:35+02:00,6632864
2026-09-15T10:14:36+02:00,6632864
2026-09-15T10:14:37+02:00,6632864
2026-09-15T10:14:38+02:00,6632864
2026-09-15T10:14:39+02:00,6632864
2026-09-15T10:14:40+02:00,6662176
2026-09-15T10:14:41+02:00,6662176
2026-09-15T10:14:42+02:00,6662176
2026-09-15T10:14:43+02:00,6662176
2026-09-15T10:14:44+02:00,6662176
2026-09-15T10:14:45+02:00,6662176
2026-09-15T10:14:47+02:00,6662176
2026-09-15T10:14:48+02:00,6662176
2026-09-15T10:14:49+02:00,6662176
2026-09-15T10:14:50+02:00,6662176
2026-09-15T10:14:51+02:00,6662176
2026-09-15T10:14:52+02:00,6662176
2026-09-15T10:14:53+02:00,6662176
2026-09-15T10:14:54+02:00,6662176
2026-09-15T10:14:55+02:00,6662176
2026-09-15T10:14:56+02:00,6662176
2026-09-15T10:14:57+02:00,6662176
2026-09-15T10:14:59+02:00,6662176
2026-09-15T10:15:00+02:00,6662176
2026-09-15T10:15:01+02:00,6662176
2026-09-15T10:15:02+02:00,6662176
2026-09-15T10:15:03+02:00,6662176
2026-09-15T10:15:04+02:00,6662176
2026-09-15T10:15:05+02:00,6662176
2026-09-15T10:15:06+02:00,6662176
2026-09-15T10:15:07+02:00,6662176
2026-09-15T10:15:08+02:00,6662176
2026-09-15T10:15:09+02:00,6662176
2026-09-15T10:15:10+02:00,6662176
2026-09-15T10:15:12+02:00,6662176
2026-09-15T10:15:13+02:00,6662176
2026-09-15T10:15:14+02:00,6662176
2026-09-15T10:15:15+02:00,6662176
2026-09-15T10:15:16+02:00,6662176
2026-09-15T10:15:17+02:00,6662176
2026-09-15T10:15:18+02:00,6662176
2026-09-15T10:15:19+02:00,6662176
2026-09-15T10:15:20+02:00,6662176
2026-09-15T10:15:21+02:00,6662176
2026-09-15T10:15:22+02:00,6662176
2026-09-15T10:15:23+02:00,6662176
2026-09-15T10:15:25+02:00,6662176
2026-09-15T10:15:26+02:00,6662176
2026-09-15T10:15:27+02:00,6662176
2026-09-15T10:15:28+02:00,6662176
2026-09-15T10:15:29+02:00,6662176
2026-09-15T10:15:30+02:00,6662176
2026-09-15T10:15:31+02:00,6662176
2026-09-15T10:15:32+02:00,6662176
2026-09-15T10:15:33+02:00,6662176
2026-09-15T10:15:34+02:00,6662176
2026-09-15T10:15:35+02:00,6662176
2026-09-15T10:15:37+02:00,6662176
2026-09-15T10:15:38+02:00,6662176
2026-09-15T10:15:39+02:00,6662176
2026-09-15T10:15:40+02:00,6662176
2026-09-15T10:15:41+02:00,6662176
2026-09-15T10:15:42+02:00,6662176
2026-09-15T10:15:43+02:00,6662176
2026-09-15T10:15:44+02:00,6662176
2026-09-15T10:15:45+02:00,6662176
2026-09-15T10:15:46+02:00,6662176
2026-09-15T10:15:47+02:00,6662176
2026-09-15T10:15:49+02:00,6662176
2026-09-15T10:15:50+02:00,6662176
2026-09-15T10:15:51+02:00,6662176
2026-09-15T10:15:52+02:00,6662176
2026-09-15T10:15:53+02:00,6662176
2026-09-15T10:15:54+02:00,6662176
2026-09-15T10:15:55+02:00,6662176
2026-09-15T10:15:56+02:00,6662176
2026-09-15T10:15:57+02:00,6662176
2026-09-15T10:15:58+02:00,6662176
2026-09-15T10:15:59+02:00,6662176
2026-09-15T10:16:00+02:00,6662176
2026-09-15T10:16:01+02:00,6662176
2026-09-15T10:16:03+02:00,6662176
2026-09-15T10:16:04+02:00,6662176
2026-09-15T10:16:05+02:00,6662176
2026-09-15T10:16:06+02:00,6662176
2026-09-15T10:16:07+02:00,6662176
2026-09-15T10:16:08+02:00,6662176
2026-09-15T10:16:09+02:00,6662176
2026-09-15T10:16:10+02:00,6662176
2026-09-15T10:16:11+02:00,6662176
2026-09-15T10:16:12+02:00,6688016
2026-09-15T10:16:13+02:00,6688016
2026-09-15T10:16:14+02:00,6688016
2026-09-15T10:16:15+02:00,6688016
2026-09-15T10:16:17+02:00,6688016
2026-09-15T10:16:18+02:00,6688016
2026-09-15T10:16:19+02:00,6688016
2026-09-15T10:16:20+02:00,6688016
2026-09-15T10:16:21+02:00,6688016
2026-09-15T10:16:22+02:00,6688016
2026-09-15T10:16:23+02:00,6688016
2026-09-15T10:16:24+02:00,6688016
2026-09-15T10:16:25+02:00,6688016
2026-09-15T10:16:26+02:00,6688016
2026-09-15T10:16:27+02:00,6688016
2026-09-15T10:16:28+02:00,6688016
2026-09-15T10:16:29+02:00,6688016
2026-09-15T10:16:31+02:00,6688016
2026-09-15T10:16:32+02:00,6688016
2026-09-15T10:16:33+02:00,6688016
2026-09-15T10:16:34+02:00,6688016
2026-09-15T10:16:35+02:00,6688016
2026-09-15T10:16:36+02:00,6688016
2026-09-15T10:16:37+02:00,6688016
2026-09-15T10:16:38+02:00,6688016
2026-09-15T10:16:39+02:00,6688016
2026-09-15T10:16:40+02:00,6688016
2026-09-15T10:16:41+02:00,6688016
2026-09-15T10:16:42+02:00,6688016
2026-09-15T10:16:44+02:00,6688016
2026-09-15T10:16:45+02:00,6688016
2026-09-15T10:16:46+02:00,6688016
2026-09-15T10:16:47+02:00,6688016
2026-09-15T10:16:48+02:00,6688016
2026-09-15T10:16:49+02:00,6688016
2026-09-15T10:16:50+02:00,6688016
2026-09-15T10:16:51+02:00,6688016
2026-09-15T10:16:52+02:00,6688016
2026-09-15T10:16:53+02:00,6688016
2026-09-15T10:16:55+02:00,6688016
2026-09-15T10:16:56+02:00,6688016
2026-09-15T10:16:57+02:00,6688016
2026-09-15T10:16:58+02:00,6688016
2026-09-15T10:16:59+02:00,6688016
2026-09-15T10:17:00+02:00,6688016
2026-09-15T10:17:01+02:00,6688016
2026-09-15T10:17:02+02:00,6688016
2026-09-15T10:17:03+02:00,6688016
2026-09-15T10:17:04+02:00,6688016
2026-09-15T10:17:05+02:00,6688016
2026-09-15T10:17:06+02:00,6688016
2026-09-15T10:17:08+02:00,6688016
2026-09-15T10:17:09+02:00,6688016
2026-09-15T10:17:10+02:00,6688016
2026-09-15T10:17:11+02:00,6688016
2026-09-15T10:17:12+02:00,6688016
2026-09-15T10:17:13+02:00,6688016
2026-09-15T10:17:14+02:00,6688016
2026-09-15T10:17:15+02:00,6688016
2026-09-15T10:17:16+02:00,6688016
2026-09-15T10:17:17+02:00,6688016
2026-09-15T10:17:18+02:00,6688016
2026-09-15T10:17:20+02:00,6688016
2026-09-15T10:17:21+02:00,6688016
2026-09-15T10:17:22+02:00,6688016
2026-09-15T10:17:23+02:00,6688016
2026-09-15T10:17:24+02:00,6688016
2026-09-15T10:17:25+02:00,6688016
2026-09-15T10:17:26+02:00,6688016
2026-09-15T10:17:27+02:00,6688016
2026-09-15T10:17:28+02:00,6688016
2026-09-15T10:17:29+02:00,6688016
2026-09-15T10:17:30+02:00,6688016
2026-09-15T10:17:31+02:00,6688016
2026-09-15T10:17:32+02:00,6688016
2026-09-15T10:17:34+02:00,6688016
2026-09-15T10:17:35+02:00,6688016
2026-09-15T10:17:36+02:00,6688016
2026-09-15T10:17:37+02:00,6688016
2026-09-15T10:17:38+02:00,6688016
2026-09-15T10:17:39+02:00,6688016
2026-09-15T10:17:40+02:00,6688016
2026-09-15T10:17:41+02:00,6688016
2026-09-15T10:17:42+02:00,6688016
2026-09-15T10:17:43+02:00,6688016
2026-09-15T10:17:44+02:00,6688016
2026-09-15T10:17:45+02:00,6688016
2026-09-15T10:17:46+02:00,6688016
2026-09-15T10:17:48+02:00,6688016
2026-09-15T10:17:49+02:00,6688016
2026-09-15T10:17:50+02:00,6688016
2026-09-15T10:17:51+02:00,6688016
2026-09-15T10:17:52+02:00,6688016
2026-09-15T10:17:53+02:00,6688016
2026-09-15T10:17:54+02:00,6688016
2026-09-15T10:17:55+02:00,6688016
2026-09-15T10:17:56+02:00,6688016
2026-09-15T10:17:57+02:00,6688016
2026-09-15T10:17:58+02:00,6688016
2026-09-15T10:17:59+02:00,6688016
2026-09-15T10:18:01+02:00,6688016
2026-09-15T10:18:02+02:00,6688016
2026-09-15T10:18:03+02:00,6688016
2026-09-15T10:18:04+02:00,6688016
2026-09-15T10:18:05+02:00,6688016
2026-09-15T10:18:06+02:00,6688016
2026-09-15T10:18:07+02:00,6688016
2026-09-15T10:18:08+02:00,6688016
2026-09-15T10:18:09+02:00,6688016
2026-09-15T10:18:10+02:00,6688016
2026-09-15T10:18:11+02:00,6718224
2026-09-15T10:18:12+02:00,6718224
2026-09-15T10:18:14+02:00,6718224
2026-09-15T10:18:15+02:00,6718224
2026-09-15T10:18:16+02:00,6718224
2026-09-15T10:18:17+02:00,6718224
2026-09-15T10:18:18+02:00,6718224
2026-09-15T10:18:19+02:00,6718224
2026-09-15T10:18:20+02:00,6718224
2026-09-15T10:18:21+02:00,6718224
2026-09-15T10:18:22+02:00,6718224
2026-09-15T10:18:23+02:00,6718224
2026-09-15T10:18:24+02:00,6718224
2026-09-15T10:18:25+02:00,6718224
2026-09-15T10:18:26+02:00,6718224
2026-09-15T10:18:27+02:00,6718224
2026-09-15T10:18:29+02:00,6718224
2026-09-15T10:18:30+02:00,6718224
2026-09-15T10:18:31+02:00,6718224
2026-09-15T10:18:32+02:00,6718224
2026-09-15T10:18:33+02:00,6718224
2026-09-15T10:18:34+02:00,6718224
2026-09-15T10:18:35+02:00,6718224
2026-09-15T10:18:36+02:00,6718224
2026-09-15T10:18:37+02:00,6718224
2026-09-15T10:18:38+02:00,6718224
2026-09-15T10:18:39+02:00,6718224
2026-09-15T10:18:40+02:00,6718224
2026-09-15T10:18:42+02:00,6718224
2026-09-15T10:18:43+02:00,6718224
2026-09-15T10:18:44+02:00,6718224
2026-09-15T10:18:45+02:00,6718224
2026-09-15T10:18:46+02:00,6718224
2026-09-15T10:18:47+02:00,6718224
2026-09-15T10:18:48+02:00,6718224
2026-09-15T10:18:49+02:00,6718224
2026-09-15T10:18:50+02:00,6718224
2026-09-15T10:18:51+02:00,6718224
2026-09-15T10:18:52+02:00,6718224
2026-09-15T10:18:53+02:00,6718224
2026-09-15T10:18:55+02:00,6718224
2026-09-15T10:18:56+02:00,6718224
2026-09-15T10:18:57+02:00,6718224
2026-09-15T10:18:58+02:00,6718224
2026-09-15T10:18:59+02:00,6718224
2026-09-15T10:19:00+02:00,6718224
2026-09-15T10:19:01+02:00,6718224
2026-09-15T10:19:02+02:00,6718224
2026-09-15T10:19:03+02:00,6718224
2026-09-15T10:19:04+02:00,6718224
2026-09-15T10:19:06+02:00,6718224
2026-09-15T10:19:07+02:00,6718224
2026-09-15T10:19:08+02:00,6718224
2026-09-15T10:19:09+02:00,6718224
2026-09-15T10:19:10+02:00,6718224
2026-09-15T10:19:11+02:00,6718224
2026-09-15T10:19:12+02:00,6718224
2026-09-15T10:19:13+02:00,6718224
2026-09-15T10:19:14+02:00,6718224
2026-09-15T10:19:15+02:00,6718224
2026-09-15T10:19:16+02:00,6718224
2026-09-15T10:19:17+02:00,6718224
2026-09-15T10:19:18+02:00,6718224
2026-09-15T10:19:20+02:00,6718224
2026-09-15T10:19:21+02:00,6718224
2026-09-15T10:19:22+02:00,6718224
2026-09-15T10:19:23+02:00,6718224
2026-09-15T10:19:24+02:00,6718224
2026-09-15T10:19:25+02:00,6718224
2026-09-15T10:19:26+02:00,6718224
2026-09-15T10:19:27+02:00,6718224
2026-09-15T10:19:28+02:00,6718224
2026-09-15T10:19:29+02:00,6718224
2026-09-15T10:19:30+02:00,6718224
2026-09-15T10:19:31+02:00,6718224
2026-09-15T10:19:32+02:00,6718224
2026-09-15T10:19:34+02:00,6718224
2026-09-15T10:19:35+02:00,6718224
2026-09-15T10:19:36+02:00,6718224
2026-09-15T10:19:37+02:00,6718224
2026-09-15T10:19:38+02:00,6718224
2026-09-15T10:19:39+02:00,6718224
2026-09-15T10:19:40+02:00,6718224
2026-09-15T10:19:41+02:00,6718224
2026-09-15T10:19:42+02:00,6718224
2026-09-15T10:19:43+02:00,6718224
2026-09-15T10:19:44+02:00,6718224
2026-09-15T10:19:45+02:00,6718224
2026-09-15T10:19:47+02:00,6718224
2026-09-15T10:19:48+02:00,6718224
2026-09-15T10:19:49+02:00,6718224
2026-09-15T10:19:50+02:00,6718224
2026-09-15T10:19:51+02:00,6718224
2026-09-15T10:19:52+02:00,6718224
2026-09-15T10:19:53+02:00,6718224
2026-09-15T10:19:54+02:00,6718224
2026-09-15T10:19:55+02:00,6718224
2026-09-15T10:19:56+02:00,6718224
2026-09-15T10:19:57+02:00,6718224
2026-09-15T10:19:59+02:00,6718224
2026-09-15T10:20:00+02:00,6718224
2026-09-15T10:20:01+02:00,6718224
2026-09-15T10:20:02+02:00,6718224
2026-09-15T10:20:03+02:00,6718224
2026-09-15T10:20:04+02:00,6718224
2026-09-15T10:20:05+02:00,6718224
2026-09-15T10:20:06+02:00,6718224
2026-09-15T10:20:07+02:00,6718224
2026-09-15T10:20:08+02:00,6718224
2026-09-15T10:20:09+02:00,6718224
2026-09-15T10:20:11+02:00,6718224
2026-09-15T10:20:12+02:00,6718224
2026-09-15T10:20:13+02:00,6718224
2026-09-15T10:20:14+02:00,6718224
2026-09-15T10:20:15+02:00,6718224
2026-09-15T10:20:16+02:00,6718224
2026-09-15T10:20:17+02:00,6718224
2026-09-15T10:20:18+02:00,6718224
2026-09-15T10:20:19+02:00,6718224
2026-09-15T10:20:20+02:00,6718224
2026-09-15T10:20:21+02:00,6718224
2026-09-15T10:20:22+02:00,6718224
2026-09-15T10:20:23+02:00,6718224
2026-09-15T10:20:24+02:00,6718224
2026-09-15T10:20:26+02:00,6718224
2026-09-15T10:20:27+02:00,6718224
2026-09-15T10:20:28+02:00,6718224
2026-09-15T10:20:29+02:00,6718224
2026-09-15T10:20:30+02:00,6718224
2026-09-15T10:20:31+02:00,6751072
2026-09-15T10:20:32+02:00,6751072
2026-09-15T10:20:33+02:00,6751072
2026-09-15T10:20:34+02:00,6751072
2026-09-15T10:20:35+02:00,6751072
2026-09-15T10:20:36+02:00,6751072
2026-09-15T10:20:38+02:00,6751072
2026-09-15T10:20:39+02:00,6751072
2026-09-15T10:20:40+02:00,6751072
2026-09-15T10:20:41+02:00,6751072
2026-09-15T10:20:42+02:00,6751072
2026-09-15T10:20:43+02:00,6751072
2026-09-15T10:20:44+02:00,6751072
2026-09-15T10:20:45+02:00,6751072
2026-09-15T10:20:46+02:00,6751072
2026-09-15T10:20:47+02:00,6751072
2026-09-15T10:20:49+02:00,6751072
2026-09-15T10:20:50+02:00,6751072
2026-09-15T10:20:51+02:00,6751072
2026-09-15T10:20:52+02:00,6751072
2026-09-15T10:20:53+02:00,6751072
2026-09-15T10:20:54+02:00,6751072
2026-09-15T10:20:55+02:00,6751072
2026-09-15T10:20:56+02:00,6751072
2026-09-15T10:20:57+02:00,6751072
2026-09-15T10:20:58+02:00,6751072
2026-09-15T10:20:59+02:00,6751072
2026-09-15T10:21:00+02:00,6751072
2026-09-15T10:21:02+02:00,6751072
2026-09-15T10:21:03+02:00,6751072
2026-09-15T10:21:04+02:00,6751072
2026-09-15T10:21:05+02:00,6751072
2026-09-15T10:21:06+02:00,6751072
2026-09-15T10:21:07+02:00,6751072
2026-09-15T10:21:08+02:00,6751072
2026-09-15T10:21:09+02:00,6751072
2026-09-15T10:21:10+02:00,6751072
2026-09-15T10:21:11+02:00,6751072
2026-09-15T10:21:12+02:00,6751072
2026-09-15T10:21:13+02:00,6751072
2026-09-15T10:21:15+02:00,6751072
2026-09-15T10:21:16+02:00,6751072
2026-09-15T10:21:17+02:00,6751072
2026-09-15T10:21:18+02:00,6751072
2026-09-15T10:21:19+02:00,6751072
2026-09-15T10:21:20+02:00,6751072
2026-09-15T10:21:21+02:00,6751072
2026-09-15T10:21:22+02:00,6751072
2026-09-15T10:21:23+02:00,6751072
2026-09-15T10:21:24+02:00,6751072
2026-09-15T10:21:25+02:00,6751072
2026-09-15T10:21:26+02:00,6751072
2026-09-15T10:21:28+02:00,6751072
2026-09-15T10:21:29+02:00,6751072
2026-09-15T10:21:30+02:00,6751072
2026-09-15T10:21:31+02:00,6751072
2026-09-15T10:21:32+02:00,6751072
2026-09-15T10:21:33+02:00,6751072
2026-09-15T10:21:34+02:00,6751072
2026-09-15T10:21:35+02:00,6751072
2026-09-15T10:21:36+02:00,6751072
2026-09-15T10:21:37+02:00,6751072
2026-09-15T10:21:38+02:00,6751072
2026-09-15T10:21:39+02:00,6751072
2026-09-15T10:21:41+02:00,6751072
2026-09-15T10:21:42+02:00,6751072
2026-09-15T10:21:43+02:00,6751072
2026-09-15T10:21:44+02:00,6751072
2026-09-15T10:21:45+02:00,6751072
2026-09-15T10:21:46+02:00,6751072
2026-09-15T10:21:47+02:00,6751072
2026-09-15T10:21:48+02:00,6751072
2026-09-15T10:21:49+02:00,6751072
2026-09-15T10:21:50+02:00,6751072
2026-09-15T10:21:51+02:00,6751072
2026-09-15T10:21:52+02:00,6751072
2026-09-15T10:21:53+02:00,6751072
2026-09-15T10:21:55+02:00,6751072
2026-09-15T10:21:56+02:00,6751072
2026-09-15T10:21:57+02:00,6751072
2026-09-15T10:21:58+02:00,6751072
2026-09-15T10:21:59+02:00,6751072
2026-09-15T10:22:00+02:00,6751072
2026-09-15T10:22:01+02:00,6751072
2026-09-15T10:22:02+02:00,6751072
2026-09-15T10:22:03+02:00,6751072
2026-09-15T10:22:04+02:00,6751072
2026-09-15T10:22:05+02:00,6751072
2026-09-15T10:22:07+02:00,6751072
2026-09-15T10:22:08+02:00,6751072
2026-09-15T10:22:09+02:00,6751072
2026-09-15T10:22:10+02:00,6751072
2026-09-15T10:22:11+02:00,6751072
2026-09-15T10:22:12+02:00,6751072
2026-09-15T10:22:13+02:00,6751072
2026-09-15T10:22:14+02:00,6751072
2026-09-15T10:22:15+02:00,6751072
2026-09-15T10:22:16+02:00,6751072
2026-09-15T10:22:17+02:00,6751072
2026-09-15T10:22:19+02:00,6751072
2026-09-15T10:22:20+02:00,6751072
2026-09-15T10:22:21+02:00,6751072
2026-09-15T10:22:22+02:00,6751072
2026-09-15T10:22:23+02:00,6751072
2026-09-15T10:22:24+02:00,6751072
2026-09-15T10:22:25+02:00,6751072
2026-09-15T10:22:26+02:00,6751072
2026-09-15T10:22:27+02:00,6751072
2026-09-15T10:22:28+02:00,6751072
2026-09-15T10:22:29+02:00,6751072
2026-09-15T10:22:30+02:00,6751072
2026-09-15T10:22:32+02:00,6751072
2026-09-15T10:22:33+02:00,6751072
2026-09-15T10:22:34+02:00,6751072
2026-09-15T10:22:35+02:00,6751072
2026-09-15T10:22:36+02:00,6751072
2026-09-15T10:22:37+02:00,6751072
2026-09-15T10:22:38+02:00,6751072
2026-09-15T10:22:39+02:00,6751072
2026-09-15T10:22:40+02:00,6751072
2026-09-15T10:22:41+02:00,6751072
2026-09-15T10:22:42+02:00,6751072
2026-09-15T10:22:43+02:00,6751072
2026-09-15T10:22:44+02:00,6751072
2026-09-15T10:22:46+02:00,6751072
2026-09-15T10:22:47+02:00,6751072
2026-09-15T10:22:48+02:00,6751072
2026-09-15T10:22:49+02:00,6751072
2026-09-15T10:22:50+02:00,6751072
2026-09-15T10:22:51+02:00,6751072
2026-09-15T10:22:52+02:00,6751072
2026-09-15T10:22:53+02:00,6751072
2026-09-15T10:22:54+02:00,6751072
2026-09-15T10:22:55+02:00,6751072
2026-09-15T10:22:57+02:00,6751072
2026-09-15T10:22:58+02:00,6751072
2026-09-15T10:22:59+02:00,6751072
2026-09-15T10:23:00+02:00,6785936
2026-09-15T10:23:01+02:00,6785936
2026-09-15T10:23:02+02:00,6785936
2026-09-15T10:23:03+02:00,6785936
2026-09-15T10:23:04+02:00,6785936
2026-09-15T10:23:05+02:00,6785936
2026-09-15T10:23:06+02:00,6785936
2026-09-15T10:23:07+02:00,6785936
2026-09-15T10:23:08+02:00,6785936
2026-09-15T10:23:10+02:00,6785936
2026-09-15T10:23:11+02:00,6785936
2026-09-15T10:23:12+02:00,6785936
2026-09-15T10:23:13+02:00,6785936
2026-09-15T10:23:14+02:00,6785936
2026-09-15T10:23:15+02:00,6785936
2026-09-15T10:23:16+02:00,6785936
2026-09-15T10:23:17+02:00,6785936
2026-09-15T10:23:18+02:00,6785936
2026-09-15T10:23:19+02:00,6785936
2026-09-15T10:23:20+02:00,6785936
2026-09-15T10:23:21+02:00,6785936
2026-09-15T10:23:23+02:00,6785936
2026-09-15T10:23:24+02:00,6785936
2026-09-15T10:23:25+02:00,6785936
2026-09-15T10:23:26+02:00,6785936
2026-09-15T10:23:27+02:00,6785936
2026-09-15T10:23:28+02:00,6785936
2026-09-15T10:23:29+02:00,6785936
2026-09-15T10:23:30+02:00,6785936
2026-09-15T10:23:31+02:00,6785936
2026-09-15T10:23:32+02:00,6785936
2026-09-15T10:23:33+02:00,6785936
2026-09-15T10:23:35+02:00,6785936
2026-09-15T10:23:36+02:00,6785936
2026-09-15T10:23:37+02:00,6785936
2026-09-15T10:23:38+02:00,6785936
2026-09-15T10:23:39+02:00,6785936
2026-09-15T10:23:40+02:00,6785936
2026-09-15T10:23:41+02:00,6785936
2026-09-15T10:23:42+02:00,6785936
2026-09-15T10:23:43+02:00,6785936
2026-09-15T10:23:44+02:00,6785936
2026-09-15T10:23:45+02:00,6785936
2026-09-15T10:23:47+02:00,6785936
2026-09-15T10:23:48+02:00,6785936
2026-09-15T10:23:49+02:00,6785936
2026-09-15T10:23:50+02:00,6785936
2026-09-15T10:23:51+02:00,6785936
2026-09-15T10:23:52+02:00,6785936
2026-09-15T10:23:53+02:00,6785936
2026-09-15T10:23:54+02:00,6785936
2026-09-15T10:23:55+02:00,6785936
2026-09-15T10:23:56+02:00,6785936
2026-09-15T10:23:57+02:00,6785936
2026-09-15T10:23:58+02:00,6785936
2026-09-15T10:24:00+02:00,6785936
2026-09-15T10:24:01+02:00,6785936
2026-09-15T10:24:02+02:00,6785936
2026-09-15T10:24:03+02:00,6785936
2026-09-15T10:24:04+02:00,6785936
2026-09-15T10:24:05+02:00,6785936
2026-09-15T10:24:06+02:00,6785936
2026-09-15T10:24:07+02:00,6785936
2026-09-15T10:24:08+02:00,6785936
2026-09-15T10:24:09+02:00,6785936
2026-09-15T10:24:11+02:00,6785936
2026-09-15T10:24:12+02:00,6785936
2026-09-15T10:24:13+02:00,6785936
2026-09-15T10:24:14+02:00,6785936
2026-09-15T10:24:15+02:00,6785936
2026-09-15T10:24:16+02:00,6785936
2026-09-15T10:24:17+02:00,6785936
2026-09-15T10:24:18+02:00,6785936
2026-09-15T10:24:19+02:00,6785936
2026-09-15T10:24:20+02:00,6785936
2026-09-15T10:24:21+02:00,6785936
2026-09-15T10:24:22+02:00,6785936
2026-09-15T10:24:24+02:00,6785936
2026-09-15T10:24:25+02:00,6785936
2026-09-15T10:24:26+02:00,6785936
2026-09-15T10:24:27+02:00,6785936
2026-09-15T10:24:28+02:00,6785936
2026-09-15T10:24:29+02:00,6785936
2026-09-15T10:24:30+02:00,6785936
2026-09-15T10:24:31+02:00,6785936
2026-09-15T10:24:32+02:00,6785936
2026-09-15T10:24:33+02:00,6785936
2026-09-15T10:24:34+02:00,6785936
2026-09-15T10:24:35+02:00,6785936
2026-09-15T10:24:36+02:00,6785936
2026-09-15T10:24:38+02:00,6785936
2026-09-15T10:24:39+02:00,6785936
2026-09-15T10:24:40+02:00,6785936
2026-09-15T10:24:41+02:00,6785936
2026-09-15T10:24:42+02:00,6785936
2026-09-15T10:24:43+02:00,6785936
2026-09-15T10:24:44+02:00,6785936
2026-09-15T10:24:45+02:00,6785936
2026-09-15T10:24:46+02:00,6785936
2026-09-15T10:24:47+02:00,6785936
2026-09-15T10:24:48+02:00,6785936
2026-09-15T10:24:50+02:00,6785936
2026-09-15T10:24:51+02:00,6785936
2026-09-15T10:24:52+02:00,6785936
2026-09-15T10:24:53+02:00,6785936
2026-09-15T10:24:54+02:00,6785936
2026-09-15T10:24:55+02:00,6785936
2026-09-15T10:24:56+02:00,6785936
2026-09-15T10:24:57+02:00,6785936
2026-09-15T10:24:58+02:00,6785936
2026-09-15T10:24:59+02:00,6785936
2026-09-15T10:25:00+02:00,6785936
2026-09-15T10:25:01+02:00,6785936
2026-09-15T10:25:03+02:00,6785936
2026-09-15T10:25:04+02:00,6785936
2026-09-15T10:25:05+02:00,6785936
2026-09-15T10:25:06+02:00,6785936
2026-09-15T10:25:07+02:00,6785936
2026-09-15T10:25:08+02:00,6785936
2026-09-15T10:25:09+02:00,6785936
2026-09-15T10:25:10+02:00,6785936
2026-09-15T10:25:11+02:00,6785936
2026-09-15T10:25:12+02:00,6785936
2026-09-15T10:25:13+02:00,6785936
2026-09-15T10:25:14+02:00,6785936
2026-09-15T10:25:16+02:00,6785936
2026-09-15T10:25:17+02:00,6785936
2026-09-15T10:25:18+02:00,6785936
2026-09-15T10:25:19+02:00,6785936
2026-09-15T10:25:20+02:00,6785936
2026-09-15T10:25:21+02:00,6785936
2026-09-15T10:25:22+02:00,6785936
2026-09-15T10:25:23+02:00,6785936
2026-09-15T10:25:24+02:00,6785936
2026-09-15T10:25:25+02:00,6785936
2026-09-15T10:25:26+02:00,6785936
2026-09-15T10:25:28+02:00,6785936
2026-09-15T10:25:29+02:00,6785936
2026-09-15T10:25:30+02:00,6785936
2026-09-15T10:25:31+02:00,6785936
2026-09-15T10:25:32+02:00,6785936
2026-09-15T10:25:33+02:00,6785936
2026-09-15T10:25:34+02:00,6785936
2026-09-15T10:25:35+02:00,6785936
2026-09-15T10:25:36+02:00,6785936
2026-09-15T10:25:37+02:00,6785936
2026-09-15T10:25:38+02:00,6785936
2026-09-15T10:25:39+02:00,6785936
2026-09-15T10:25:40+02:00,6785936
2026-09-15T10:25:42+02:00,6785936
2026-09-15T10:25:43+02:00,6785936
2026-09-15T10:25:44+02:00,6785936
2026-09-15T10:25:45+02:00,6785936
2026-09-15T10:25:46+02:00,6785936
2026-09-15T10:25:47+02:00,6785936
2026-09-15T10:25:48+02:00,6785936
2026-09-15T10:25:49+02:00,6785936
2026-09-15T10:25:50+02:00,6785936
2026-09-15T10:25:51+02:00,6785936
2026-09-15T10:25:52+02:00,6785936
2026-09-15T10:25:53+02:00,6785936
2026-09-15T10:25:55+02:00,6785936
2026-09-15T10:25:56+02:00,6785936
2026-09-15T10:25:57+02:00,6785936
2026-09-15T10:25:58+02:00,6785936
2026-09-15T10:25:59+02:00,6824720
2026-09-15T10:26:00+02:00,6824720
2026-09-15T10:26:01+02:00,6824720
2026-09-15T10:26:02+02:00,6824720
2026-09-15T10:26:03+02:00,6824720
2026-09-15T10:26:04+02:00,6824720
2026-09-15T10:26:06+02:00,6824720
2026-09-15T10:26:07+02:00,6824720
2026-09-15T10:26:08+02:00,6824720
2026-09-15T10:26:09+02:00,6824720
2026-09-15T10:26:10+02:00,6824720
2026-09-15T10:26:11+02:00,6824720
2026-09-15T10:26:12+02:00,6824720
2026-09-15T10:26:13+02:00,6824720
2026-09-15T10:26:14+02:00,6824720
2026-09-15T10:26:15+02:00,6824720
2026-09-15T10:26:16+02:00,6824720
2026-09-15T10:26:17+02:00,6824720
2026-09-15T10:26:18+02:00,6824720
2026-09-15T10:26:20+02:00,6824720
2026-09-15T10:26:21+02:00,6824720
2026-09-15T10:26:22+02:00,6824720
2026-09-15T10:26:23+02:00,6824720
2026-09-15T10:26:24+02:00,6824720
2026-09-15T10:26:25+02:00,6824720
2026-09-15T10:26:26+02:00,6824720
2026-09-15T10:26:27+02:00,6824720
2026-09-15T10:26:28+02:00,6824720
2026-09-15T10:26:29+02:00,6824720
2026-09-15T10:26:30+02:00,6824720
2026-09-15T10:26:31+02:00,6824720
2026-09-15T10:26:33+02:00,6824720
2026-09-15T10:26:34+02:00,6824720
2026-09-15T10:26:35+02:00,6824720
2026-09-15T10:26:36+02:00,6824720
2026-09-15T10:26:37+02:00,6824720
2026-09-15T10:26:38+02:00,6824720
2026-09-15T10:26:39+02:00,6824720
2026-09-15T10:26:40+02:00,6824720
2026-09-15T10:26:41+02:00,6824720
2026-09-15T10:26:42+02:00,6824720
2026-09-15T10:26:43+02:00,6824720
2026-09-15T10:26:45+02:00,6824720
2026-09-15T10:26:46+02:00,6824720
2026-09-15T10:26:47+02:00,6824720
2026-09-15T10:26:48+02:00,6824720
2026-09-15T10:26:49+02:00,6824720
2026-09-15T10:26:50+02:00,6824720
2026-09-15T10:26:51+02:00,6824720
2026-09-15T10:26:52+02:00,6824720
2026-09-15T10:26:53+02:00,6824720
2026-09-15T10:26:54+02:00,6824720
2026-09-15T10:26:55+02:00,6824720
2026-09-15T10:26:56+02:00,6824720
2026-09-15T10:26:58+02:00,6824720
2026-09-15T10:26:59+02:00,6824720
2026-09-15T10:27:00+02:00,6824720
2026-09-15T10:27:01+02:00,6824720
2026-09-15T10:27:02+02:00,6824720
2026-09-15T10:27:03+02:00,6824720
2026-09-15T10:27:04+02:00,6824720
2026-09-15T10:27:05+02:00,6824720
2026-09-15T10:27:06+02:00,6824720
2026-09-15T10:27:08+02:00,6824720
2026-09-15T10:27:09+02:00,6824720
2026-09-15T10:27:10+02:00,6824720
2026-09-15T10:27:11+02:00,6824720
2026-09-15T10:27:12+02:00,6824720
2026-09-15T10:27:13+02:00,6824720
2026-09-15T10:27:14+02:00,6824720
2026-09-15T10:27:15+02:00,6824720
2026-09-15T10:27:16+02:00,6824720
2026-09-15T10:27:18+02:00,6824720
2026-09-15T10:27:19+02:00,6824720
2026-09-15T10:27:20+02:00,6824720
2026-09-15T10:27:21+02:00,6824720
2026-09-15T10:27:22+02:00,6824720
2026-09-15T10:27:23+02:00,6824720
2026-09-15T10:27:24+02:00,6824720
2026-09-15T10:27:25+02:00,6824720
2026-09-15T10:27:26+02:00,6824720
2026-09-15T10:27:28+02:00,6824720
2026-09-15T10:27:29+02:00,6824720
2026-09-15T10:27:30+02:00,6824720
2026-09-15T10:27:31+02:00,6824720
2026-09-15T10:27:32+02:00,6824720
2026-09-15T10:27:33+02:00,6824720
2026-09-15T10:27:34+02:00,6824720
2026-09-15T10:27:35+02:00,6824720
2026-09-15T10:27:36+02:00,6824720
2026-09-15T10:27:37+02:00,6824720
2026-09-15T10:27:38+02:00,6824720
2026-09-15T10:27:40+02:00,6824720
2026-09-15T10:27:41+02:00,6824720
2026-09-15T10:27:42+02:00,6824720
2026-09-15T10:27:43+02:00,6824720
2026-09-15T10:27:44+02:00,6824720
2026-09-15T10:27:45+02:00,6824720
2026-09-15T10:27:46+02:00,6824720
2026-09-15T10:27:47+02:00,6824720
2026-09-15T10:27:48+02:00,6824720
2026-09-15T10:27:49+02:00,6824720
2026-09-15T10:27:51+02:00,6824720
2026-09-15T10:27:52+02:00,6824720
2026-09-15T10:27:53+02:00,6824720
2026-09-15T10:27:54+02:00,6824720
2026-09-15T10:27:55+02:00,6824720
2026-09-15T10:27:56+02:00,6824720
2026-09-15T10:27:57+02:00,6824720
2026-09-15T10:27:58+02:00,6824720
2026-09-15T10:27:59+02:00,6824720
2026-09-15T10:28:01+02:00,6824720
2026-09-15T10:28:02+02:00,6824720
2026-09-15T10:28:03+02:00,6824720
2026-09-15T10:28:04+02:00,6824720
2026-09-15T10:28:05+02:00,6854880
2026-09-15T10:28:06+02:00,6854880
2026-09-15T10:28:07+02:00,6854880
2026-09-15T10:28:08+02:00,6854880
2026-09-15T10:28:09+02:00,6854880
2026-09-15T10:28:10+02:00,6854880
2026-09-15T10:28:11+02:00,6854880
2026-09-15T10:28:13+02:00,6854880
2026-09-15T10:28:14+02:00,6854880
2026-09-15T10:28:15+02:00,6854880
2026-09-15T10:28:16+02:00,6854880
2026-09-15T10:28:17+02:00,6854880
2026-09-15T10:28:18+02:00,6854880
2026-09-15T10:28:19+02:00,6854880
2026-09-15T10:28:20+02:00,6854880
2026-09-15T10:28:21+02:00,6854880
2026-09-15T10:28:23+02:00,6854880
2026-09-15T10:28:24+02:00,6854880
2026-09-15T10:28:25+02:00,6854880
2026-09-15T10:28:26+02:00,6854880
2026-09-15T10:28:27+02:00,6854880
2026-09-15T10:28:28+02:00,6854880
2026-09-15T10:28:29+02:00,6854880
2026-09-15T10:28:30+02:00,6854880
2026-09-15T10:28:31+02:00,6854880
2026-09-15T10:28:32+02:00,6854880
2026-09-15T10:28:34+02:00,6854880
2026-09-15T10:28:35+02:00,6854880
2026-09-15T10:28:36+02:00,6854880
2026-09-15T10:28:37+02:00,6854880
2026-09-15T10:28:38+02:00,6854880
2026-09-15T10:28:39+02:00,6854880
2026-09-15T10:28:40+02:00,6854880
2026-09-15T10:28:41+02:00,6854880
2026-09-15T10:28:42+02:00,6854880
2026-09-15T10:28:43+02:00,6854880
2026-09-15T10:28:44+02:00,6854880
2026-09-15T10:28:46+02:00,6854880
2026-09-15T10:28:47+02:00,6854880
2026-09-15T10:28:48+02:00,6854880
2026-09-15T10:28:49+02:00,6854880
2026-09-15T10:28:50+02:00,6854880
2026-09-15T10:28:51+02:00,6854880
2026-09-15T10:28:52+02:00,6854880
2026-09-15T10:28:53+02:00,6854880
2026-09-15T10:28:54+02:00,6854880
2026-09-15T10:28:55+02:00,6854880
2026-09-15T10:28:56+02:00,6854880
2026-09-15T10:28:58+02:00,6854880
2026-09-15T10:28:59+02:00,6854880
2026-09-15T10:29:00+02:00,6854880
2026-09-15T10:29:01+02:00,6854880
2026-09-15T10:29:02+02:00,6854880
2026-09-15T10:29:03+02:00,6854880
2026-09-15T10:29:04+02:00,6854880
2026-09-15T10:29:05+02:00,6854880
2026-09-15T10:29:06+02:00,6854880
2026-09-15T10:29:08+02:00,6854880
2026-09-15T10:29:09+02:00,6854880
2026-09-15T10:29:10+02:00,6854880
2026-09-15T10:29:11+02:00,6854880
2026-09-15T10:29:12+02:00,6854880
2026-09-15T10:29:13+02:00,6854880
2026-09-15T10:29:14+02:00,6854880
2026-09-15T10:29:15+02:00,6854880
2026-09-15T10:29:16+02:00,6854880
2026-09-15T10:29:17+02:00,6854880
2026-09-15T10:29:19+02:00,6854880
2026-09-15T10:29:20+02:00,6854880
2026-09-15T10:29:21+02:00,6854880
2026-09-15T10:29:22+02:00,6854880
2026-09-15T10:29:23+02:00,6854880
2026-09-15T10:29:24+02:00,6854880
2026-09-15T10:29:25+02:00,6854880
2026-09-15T10:29:26+02:00,6854880
2026-09-15T10:29:27+02:00,6854880
2026-09-15T10:29:29+02:00,6854880
2026-09-15T10:29:30+02:00,6854880
2026-09-15T10:29:31+02:00,6854880
2026-09-15T10:29:32+02:00,6854880
2026-09-15T10:29:33+02:00,6854880
2026-09-15T10:29:34+02:00,6854880
2026-09-15T10:29:35+02:00,6854880
2026-09-15T10:29:36+02:00,6854880
2026-09-15T10:29:37+02:00,6854880
2026-09-15T10:29:38+02:00,6854880
2026-09-15T10:29:39+02:00,6854880
2026-09-15T10:29:41+02:00,6854880
2026-09-15T10:29:42+02:00,6854880
2026-09-15T10:29:43+02:00,6854880
2026-09-15T10:29:44+02:00,6854880
2026-09-15T10:29:45+02:00,6880112
2026-09-15T10:29:46+02:00,6880112
2026-09-15T10:29:47+02:00,6880112
2026-09-15T10:29:48+02:00,6880112
2026-09-15T10:29:49+02:00,6880112
2026-09-15T10:29:51+02:00,6880112
2026-09-15T10:29:52+02:00,6880112
2026-09-15T10:29:53+02:00,6880112
2026-09-15T10:29:54+02:00,6880112
2026-09-15T10:29:55+02:00,6880112
2026-09-15T10:29:56+02:00,6880112
2026-09-15T10:29:57+02:00,6880112
2026-09-15T10:29:58+02:00,6880112
2026-09-15T10:29:59+02:00,6880112
2026-09-15T10:30:00+02:00,6880112
2026-09-15T10:30:02+02:00,6880112
2026-09-15T10:30:03+02:00,6880112
2026-09-15T10:30:04+02:00,6880112
2026-09-15T10:30:05+02:00,6880112
2026-09-15T10:30:06+02:00,6880112
2026-09-15T10:30:07+02:00,6880112
2026-09-15T10:30:08+02:00,6880112
2026-09-15T10:30:09+02:00,6880112
2026-09-15T10:30:10+02:00,6880112
2026-09-15T10:30:11+02:00,6880112
2026-09-15T10:30:13+02:00,6880112
2026-09-15T10:30:14+02:00,6880112
2026-09-15T10:30:15+02:00,6880112
2026-09-15T10:30:16+02:00,6880112
2026-09-15T10:30:17+02:00,6880112
2026-09-15T10:30:18+02:00,6880112
2026-09-15T10:30:19+02:00,6880112
2026-09-15T10:30:20+02:00,6880112
2026-09-15T10:30:21+02:00,6880112
2026-09-15T10:30:22+02:00,6880112
2026-09-15T10:30:24+02:00,6880112
2026-09-15T10:30:25+02:00,6880112
2026-09-15T10:30:26+02:00,6880112
2026-09-15T10:30:27+02:00,6880112
2026-09-15T10:30:28+02:00,6880112
2026-09-15T10:30:29+02:00,6880112
2026-09-15T10:30:30+02:00,6880112
2026-09-15T10:30:31+02:00,6880112
2026-09-15T10:30:32+02:00,6880112
2026-09-15T10:30:33+02:00,6880112
2026-09-15T10:30:35+02:00,6880112
2026-09-15T10:30:36+02:00,6880112
2026-09-15T10:30:37+02:00,6880112
2026-09-15T10:30:38+02:00,6880112
2026-09-15T10:30:39+02:00,6880112
2026-09-15T10:30:40+02:00,6880112
2026-09-15T10:30:41+02:00,6880112
2026-09-15T10:30:42+02:00,6880112
2026-09-15T10:30:43+02:00,6880112
2026-09-15T10:30:44+02:00,6880112
2026-09-15T10:30:46+02:00,6880112
2026-09-15T10:30:47+02:00,6880112
2026-09-15T10:30:48+02:00,6880112
2026-09-15T10:30:49+02:00,6880112
2026-09-15T10:30:50+02:00,6880112
2026-09-15T10:30:51+02:00,6880112
2026-09-15T10:30:52+02:00,6880112
2026-09-15T10:30:53+02:00,6880112
2026-09-15T10:30:54+02:00,6880112
2026-09-15T10:30:56+02:00,6880112
2026-09-15T10:30:57+02:00,6880112
2026-09-15T10:30:58+02:00,6880112
2026-09-15T10:30:59+02:00,6880112
2026-09-15T10:31:00+02:00,6880112
2026-09-15T10:31:01+02:00,6880112
2026-09-15T10:31:02+02:00,6880112
2026-09-15T10:31:03+02:00,6880112
2026-09-15T10:31:04+02:00,6880112
2026-09-15T10:31:05+02:00,6880112
2026-09-15T10:31:06+02:00,6880112
2026-09-15T10:31:08+02:00,6880112
2026-09-15T10:31:09+02:00,6880112
2026-09-15T10:31:10+02:00,6880112
2026-09-15T10:31:11+02:00,6880112
2026-09-15T10:31:12+02:00,6880112
2026-09-15T10:31:13+02:00,6880112
2026-09-15T10:31:14+02:00,6880112
2026-09-15T10:31:15+02:00,6880112
2026-09-15T10:31:16+02:00,6880112
2026-09-15T10:31:17+02:00,6880112
2026-09-15T10:31:19+02:00,6880112
2026-09-15T10:31:20+02:00,6880112
2026-09-15T10:31:21+02:00,6880112
2026-09-15T10:31:22+02:00,6880112
2026-09-15T10:31:23+02:00,6880112
2026-09-15T10:31:24+02:00,6880112
2026-09-15T10:31:25+02:00,6880112
2026-09-15T10:31:26+02:00,6880112
2026-09-15T10:31:27+02:00,6880112
2026-09-15T10:31:29+02:00,6880112
2026-09-15T10:31:30+02:00,6880112
2026-09-15T10:31:31+02:00,6880112
2026-09-15T10:31:32+02:00,6880112
2026-09-15T10:31:33+02:00,6880112
2026-09-15T10:31:34+02:00,6880112
2026-09-15T10:31:35+02:00,6880112
2026-09-15T10:31:36+02:00,6880112
2026-09-15T10:31:37+02:00,6880112
2026-09-15T10:31:38+02:00,6880112
2026-09-15T10:31:40+02:00,6880112
2026-09-15T10:31:41+02:00,6880112
2026-09-15T10:31:42+02:00,6880112
2026-09-15T10:31:43+02:00,6880112
2026-09-15T10:31:44+02:00,6880112
2026-09-15T10:31:45+02:00,6880112
2026-09-15T10:31:46+02:00,6880112
2026-09-15T10:31:47+02:00,6880112
2026-09-15T10:31:48+02:00,6880112
2026-09-15T10:31:49+02:00,6880112
2026-09-15T10:31:50+02:00,6880112
2026-09-15T10:31:52+02:00,6880112
2026-09-15T10:31:53+02:00,6880112
2026-09-15T10:31:54+02:00,6880112
2026-09-15T10:31:55+02:00,6880112
2026-09-15T10:31:56+02:00,6880112
2026-09-15T10:31:57+02:00,6880112
2026-09-15T10:31:58+02:00,6880112
2026-09-15T10:31:59+02:00,6880112
2026-09-15T10:32:00+02:00,6880112
2026-09-15T10:32:02+02:00,6880112
2026-09-15T10:32:03+02:00,6880112
2026-09-15T10:32:04+02:00,6910592
2026-09-15T10:32:05+02:00,6910592
2026-09-15T10:32:06+02:00,6910592
2026-09-15T10:32:07+02:00,6910592
2026-09-15T10:32:08+02:00,6910592
2026-09-15T10:32:09+02:00,6910592
2026-09-15T10:32:10+02:00,6910592
2026-09-15T10:32:11+02:00,6910592
2026-09-15T10:32:12+02:00,6910592
2026-09-15T10:32:13+02:00,6910592
2026-09-15T10:32:14+02:00,6910592
2026-09-15T10:32:16+02:00,6910592
2026-09-15T10:32:17+02:00,6910592
2026-09-15T10:32:18+02:00,6910592
2026-09-15T10:32:19+02:00,6910592
2026-09-15T10:32:20+02:00,6910592
2026-09-15T10:32:21+02:00,6910592
2026-09-15T10:32:22+02:00,6910592
2026-09-15T10:32:23+02:00,6910592
2026-09-15T10:32:24+02:00,6910592
2026-09-15T10:32:25+02:00,6910592
2026-09-15T10:32:26+02:00,6910592
2026-09-15T10:32:28+02:00,6910592
2026-09-15T10:32:29+02:00,6910592
2026-09-15T10:32:30+02:00,6910592
2026-09-15T10:32:31+02:00,6910592
2026-09-15T10:32:32+02:00,6910592
2026-09-15T10:32:33+02:00,6910592
2026-09-15T10:32:34+02:00,6910592
2026-09-15T10:32:35+02:00,6910592
2026-09-15T10:32:36+02:00,6910592
2026-09-15T10:32:37+02:00,6910592
2026-09-15T10:32:38+02:00,6910592
2026-09-15T10:32:40+02:00,6910592
2026-09-15T10:32:41+02:00,6910592
2026-09-15T10:32:42+02:00,6910592
2026-09-15T10:32:43+02:00,6910592
2026-09-15T10:32:44+02:00,6910592
2026-09-15T10:32:45+02:00,6910592
2026-09-15T10:32:46+02:00,6910592
2026-09-15T10:32:47+02:00,6910592
2026-09-15T10:32:48+02:00,6910592
2026-09-15T10:32:49+02:00,6910592
2026-09-15T10:32:50+02:00,6910592
2026-09-15T10:32:52+02:00,6910592
2026-09-15T10:32:53+02:00,6910592
2026-09-15T10:32:54+02:00,6910592
2026-09-15T10:32:55+02:00,6910592
2026-09-15T10:32:56+02:00,6910592
2026-09-15T10:32:57+02:00,6910592
2026-09-15T10:32:58+02:00,6910592
2026-09-15T10:32:59+02:00,6910592
2026-09-15T10:33:00+02:00,6910592
2026-09-15T10:33:02+02:00,6910592
2026-09-15T10:33:03+02:00,6910592
2026-09-15T10:33:04+02:00,6910592
2026-09-15T10:33:05+02:00,6910592
2026-09-15T10:33:06+02:00,6910592
2026-09-15T10:33:07+02:00,6910592
2026-09-15T10:33:08+02:00,6910592
2026-09-15T10:33:09+02:00,6910592
2026-09-15T10:33:10+02:00,6910592
2026-09-15T10:33:11+02:00,6910592
2026-09-15T10:33:12+02:00,6910592
2026-09-15T10:33:14+02:00,6910592
2026-09-15T10:33:15+02:00,6910592
2026-09-15T10:33:16+02:00,6910592
2026-09-15T10:33:17+02:00,6910592
2026-09-15T10:33:18+02:00,6910592
2026-09-15T10:33:19+02:00,6910592
2026-09-15T10:33:20+02:00,6910592
2026-09-15T10:33:21+02:00,6910592
2026-09-15T10:33:22+02:00,6910592
2026-09-15T10:33:23+02:00,6910592
2026-09-15T10:33:24+02:00,6910592
2026-09-15T10:33:26+02:00,6910592
2026-09-15T10:33:27+02:00,6910592
2026-09-15T10:33:28+02:00,6910592
2026-09-15T10:33:29+02:00,6910592
2026-09-15T10:33:30+02:00,6910592
2026-09-15T10:33:31+02:00,6910592
2026-09-15T10:33:32+02:00,6910592
2026-09-15T10:33:33+02:00,6910592
2026-09-15T10:33:34+02:00,6910592
2026-09-15T10:33:35+02:00,6910592
2026-09-15T10:33:36+02:00,6910592
2026-09-15T10:33:38+02:00,6910592
2026-09-15T10:33:39+02:00,6910592
2026-09-15T10:33:40+02:00,6910592
2026-09-15T10:33:41+02:00,6910592
2026-09-15T10:33:42+02:00,6910592
2026-09-15T10:33:43+02:00,6910592
2026-09-15T10:33:44+02:00,6910592
2026-09-15T10:33:45+02:00,6910592
2026-09-15T10:33:46+02:00,6910592
2026-09-15T10:33:47+02:00,6910592
2026-09-15T10:33:48+02:00,6910592
2026-09-15T10:33:50+02:00,6910592
2026-09-15T10:33:51+02:00,6910592
2026-09-15T10:33:52+02:00,6910592
2026-09-15T10:33:53+02:00,6910592
2026-09-15T10:33:54+02:00,6910592
2026-09-15T10:33:55+02:00,6910592
2026-09-15T10:33:56+02:00,6910592
2026-09-15T10:33:57+02:00,6910592
2026-09-15T10:33:58+02:00,6910592
2026-09-15T10:34:00+02:00,6910592
2026-09-15T10:34:01+02:00,6910592
2026-09-15T10:34:02+02:00,6937712
2026-09-15T10:34:03+02:00,6937712
2026-09-15T10:34:04+02:00,6937712
2026-09-15T10:34:05+02:00,6937712
2026-09-15T10:34:06+02:00,6937712
2026-09-15T10:34:07+02:00,6937712
2026-09-15T10:34:08+02:00,6937712
2026-09-15T10:34:09+02:00,6937712
2026-09-15T10:34:11+02:00,6937712
2026-09-15T10:34:12+02:00,6937712
2026-09-15T10:34:13+02:00,6937712
2026-09-15T10:34:14+02:00,6937712
2026-09-15T10:34:15+02:00,6937712
2026-09-15T10:34:16+02:00,6937712
2026-09-15T10:34:17+02:00,6937712
2026-09-15T10:34:18+02:00,6937712
2026-09-15T10:34:19+02:00,6937712
2026-09-15T10:34:20+02:00,6937712
2026-09-15T10:34:22+02:00,6937712
2026-09-15T10:34:23+02:00,6937712
2026-09-15T10:34:24+02:00,6937712
2026-09-15T10:34:25+02:00,6937712
2026-09-15T10:34:26+02:00,6937712
2026-09-15T10:34:27+02:00,6937712
2026-09-15T10:34:28+02:00,6937712
2026-09-15T10:34:29+02:00,6937712
2026-09-15T10:34:30+02:00,6937712
2026-09-15T10:34:32+02:00,6937712
2026-09-15T10:34:33+02:00,6937712
2026-09-15T10:34:34+02:00,6937712
2026-09-15T10:34:35+02:00,6937712
2026-09-15T10:34:36+02:00,6937712
2026-09-15T10:34:37+02:00,6937712
2026-09-15T10:34:38+02:00,6937712
2026-09-15T10:34:39+02:00,6937712
2026-09-15T10:34:40+02:00,6937712
2026-09-15T10:34:42+02:00,6937712
2026-09-15T10:34:43+02:00,6937712
2026-09-15T10:34:44+02:00,6937712
2026-09-15T10:34:45+02:00,6937712
2026-09-15T10:34:46+02:00,6937712
2026-09-15T10:34:47+02:00,6937712
2026-09-15T10:34:48+02:00,6937712
2026-09-15T10:34:49+02:00,6937712
2026-09-15T10:34:50+02:00,6937712
2026-09-15T10:34:51+02:00,6937712
2026-09-15T10:34:52+02:00,6937712
2026-09-15T10:34:53+02:00,6937712
2026-09-15T10:34:54+02:00,6937712
2026-09-15T10:34:56+02:00,6937712
2026-09-15T10:34:57+02:00,6937712
2026-09-15T10:34:58+02:00,6937712
2026-09-15T10:34:59+02:00,6937712
2026-09-15T10:35:00+02:00,6937712
2026-09-15T10:35:01+02:00,6937712
2026-09-15T10:35:02+02:00,6937712
2026-09-15T10:35:03+02:00,6937712
2026-09-15T10:35:04+02:00,6937712
2026-09-15T10:35:06+02:00,6937712
2026-09-15T10:35:07+02:00,6937712
2026-09-15T10:35:08+02:00,6937712
2026-09-15T10:35:09+02:00,6937712
2026-09-15T10:35:10+02:00,6937712
2026-09-15T10:35:11+02:00,6937712
2026-09-15T10:35:12+02:00,6937712
2026-09-15T10:35:13+02:00,6937712
2026-09-15T10:35:14+02:00,6937712
2026-09-15T10:35:15+02:00,6937712
2026-09-15T10:35:16+02:00,6937712
2026-09-15T10:35:18+02:00,6937712
2026-09-15T10:35:19+02:00,6937712
2026-09-15T10:35:20+02:00,6937712
2026-09-15T10:35:21+02:00,6937712
2026-09-15T10:35:22+02:00,6937712
2026-09-15T10:35:23+02:00,6937712
2026-09-15T10:35:24+02:00,6959920
2026-09-15T10:35:25+02:00,6959920
2026-09-15T10:35:26+02:00,6959920
2026-09-15T10:35:27+02:00,6959920
2026-09-15T10:35:29+02:00,6959920
2026-09-15T10:35:30+02:00,6959920
2026-09-15T10:35:31+02:00,6959920
2026-09-15T10:35:32+02:00,6959920
2026-09-15T10:35:33+02:00,6959920
2026-09-15T10:35:34+02:00,6959920
2026-09-15T10:35:35+02:00,6959920
2026-09-15T10:35:36+02:00,6959920
2026-09-15T10:35:37+02:00,6959920
2026-09-15T10:35:38+02:00,6959920
2026-09-15T10:35:40+02:00,6959920
2026-09-15T10:35:41+02:00,6959920
2026-09-15T10:35:42+02:00,6959920
2026-09-15T10:35:43+02:00,6959920
2026-09-15T10:35:44+02:00,6959920
2026-09-15T10:35:45+02:00,6959920
2026-09-15T10:35:46+02:00,6959920
2026-09-15T10:35:47+02:00,6959920
2026-09-15T10:35:48+02:00,6959920
2026-09-15T10:35:49+02:00,6959920
2026-09-15T10:35:51+02:00,6959920
2026-09-15T10:35:52+02:00,6959920
2026-09-15T10:35:53+02:00,6959920
2026-09-15T10:35:54+02:00,6959920
2026-09-15T10:35:55+02:00,6959920
2026-09-15T10:35:56+02:00,6959920
2026-09-15T10:35:57+02:00,6959920
2026-09-15T10:35:58+02:00,6959920
2026-09-15T10:35:59+02:00,6959920
2026-09-15T10:36:00+02:00,6959920
2026-09-15T10:36:01+02:00,6959920
2026-09-15T10:36:03+02:00,6959920
2026-09-15T10:36:04+02:00,6959920
2026-09-15T10:36:05+02:00,6959920
2026-09-15T10:36:06+02:00,6959920
2026-09-15T10:36:07+02:00,6959920
2026-09-15T10:36:08+02:00,6959920
2026-09-15T10:36:09+02:00,6959920
2026-09-15T10:36:10+02:00,6959920
2026-09-15T10:36:11+02:00,6959920
2026-09-15T10:36:12+02:00,6959920
2026-09-15T10:36:14+02:00,6959920
2026-09-15T10:36:15+02:00,6959920
2026-09-15T10:36:16+02:00,6959920
2026-09-15T10:36:17+02:00,6959920
2026-09-15T10:36:18+02:00,6959920
2026-09-15T10:36:19+02:00,6959920
2026-09-15T10:36:20+02:00,6959920
2026-09-15T10:36:21+02:00,6959920
2026-09-15T10:36:22+02:00,6959920
2026-09-15T10:36:23+02:00,6959920
2026-09-15T10:36:25+02:00,6959920
2026-09-15T10:36:26+02:00,6959920
2026-09-15T10:36:27+02:00,6959920
2026-09-15T10:36:28+02:00,6959920
2026-09-15T10:36:29+02:00,6959920
2026-09-15T10:36:30+02:00,6959920
2026-09-15T10:36:31+02:00,6959920
2026-09-15T10:36:32+02:00,6959920
2026-09-15T10:36:33+02:00,6959920
2026-09-15T10:36:34+02:00,6959920
2026-09-15T10:36:35+02:00,6959920
2026-09-15T10:36:36+02:00,6959920
2026-09-15T10:36:38+02:00,6959920
2026-09-15T10:36:39+02:00,6959920
2026-09-15T10:36:40+02:00,6959920
2026-09-15T10:36:41+02:00,6959920
2026-09-15T10:36:42+02:00,6959920
2026-09-15T10:36:43+02:00,6959920
2026-09-15T10:36:44+02:00,6959920
2026-09-15T10:36:45+02:00,6959920
2026-09-15T10:36:46+02:00,6959920
2026-09-15T10:36:47+02:00,6959920
2026-09-15T10:36:49+02:00,6959920
2026-09-15T10:36:50+02:00,6959920
2026-09-15T10:36:51+02:00,6959920
2026-09-15T10:36:52+02:00,6959920
2026-09-15T10:36:53+02:00,6959920
2026-09-15T10:36:54+02:00,6959920
2026-09-15T10:36:55+02:00,6959920
2026-09-15T10:36:56+02:00,6959920
2026-09-15T10:36:57+02:00,6959920
2026-09-15T10:36:58+02:00,6959920
2026-09-15T10:36:59+02:00,6959920
2026-09-15T10:37:00+02:00,6959920
2026-09-15T10:37:02+02:00,6959920
2026-09-15T10:37:03+02:00,6959920
2026-09-15T10:37:04+02:00,6959920
2026-09-15T10:37:05+02:00,6984816
2026-09-15T10:37:06+02:00,6984816
2026-09-15T10:37:07+02:00,6984816
2026-09-15T10:37:08+02:00,6984816
2026-09-15T10:37:09+02:00,6984816
2026-09-15T10:37:10+02:00,6984816
2026-09-15T10:37:11+02:00,6984816
2026-09-15T10:37:12+02:00,6984816
2026-09-15T10:37:14+02:00,6984816
2026-09-15T10:37:15+02:00,6984816
2026-09-15T10:37:16+02:00,6984816
2026-09-15T10:37:17+02:00,6984816
2026-09-15T10:37:18+02:00,6984816
2026-09-15T10:37:19+02:00,6984816
2026-09-15T10:37:20+02:00,6984816
2026-09-15T10:37:21+02:00,6984816
2026-09-15T10:37:22+02:00,6984816
2026-09-15T10:37:23+02:00,6984816
2026-09-15T10:37:25+02:00,6984816
2026-09-15T10:37:26+02:00,6984816
2026-09-15T10:37:27+02:00,6984816
2026-09-15T10:37:28+02:00,6984816
2026-09-15T10:37:29+02:00,6984816
2026-09-15T10:37:30+02:00,6984816
2026-09-15T10:37:31+02:00,6984816
2026-09-15T10:37:32+02:00,6984816
2026-09-15T10:37:33+02:00,6984816
2026-09-15T10:37:35+02:00,6984816
2026-09-15T10:37:36+02:00,6984816
2026-09-15T10:37:37+02:00,6984816
2026-09-15T10:37:38+02:00,6984816
2026-09-15T10:37:39+02:00,6984816
2026-09-15T10:37:40+02:00,6984816
2026-09-15T10:37:41+02:00,6984816
2026-09-15T10:37:42+02:00,6984816
2026-09-15T10:37:43+02:00,6984816
2026-09-15T10:37:44+02:00,6984816
2026-09-15T10:37:45+02:00,6984816
2026-09-15T10:37:47+02:00,6984816
2026-09-15T10:37:48+02:00,6984816
2026-09-15T10:37:49+02:00,6984816
2026-09-15T10:37:50+02:00,6984816
2026-09-15T10:37:51+02:00,6984816
2026-09-15T10:37:52+02:00,6984816
2026-09-15T10:37:53+02:00,6984816
2026-09-15T10:37:54+02:00,6984816
2026-09-15T10:37:55+02:00,6984816
2026-09-15T10:37:57+02:00,6984816
2026-09-15T10:37:58+02:00,6984816
2026-09-15T10:37:59+02:00,6984816
2026-09-15T10:38:00+02:00,6984816
2026-09-15T10:38:01+02:00,6984816
2026-09-15T10:38:02+02:00,6984816
2026-09-15T10:38:03+02:00,6984816
2026-09-15T10:38:04+02:00,6984816
2026-09-15T10:38:05+02:00,6984816
2026-09-15T10:38:06+02:00,6984816
2026-09-15T10:38:07+02:00,6984816
2026-09-15T10:38:09+02:00,6984816
2026-09-15T10:38:10+02:00,6984816
2026-09-15T10:38:11+02:00,6984816
2026-09-15T10:38:12+02:00,6984816
2026-09-15T10:38:13+02:00,6984816
2026-09-15T10:38:14+02:00,6984816
2026-09-15T10:38:15+02:00,6984816
2026-09-15T10:38:16+02:00,6984816
2026-09-15T10:38:17+02:00,6984816
2026-09-15T10:38:18+02:00,6984816
2026-09-15T10:38:20+02:00,6984816
2026-09-15T10:38:21+02:00,6984816
2026-09-15T10:38:22+02:00,6984816
2026-09-15T10:38:23+02:00,6984816
2026-09-15T10:38:24+02:00,6984816
2026-09-15T10:38:25+02:00,6984816
2026-09-15T10:38:26+02:00,6984816
2026-09-15T10:38:27+02:00,6984816
2026-09-15T10:38:28+02:00,6984816
2026-09-15T10:38:29+02:00,6984816
2026-09-15T10:38:30+02:00,6984816
2026-09-15T10:38:32+02:00,6984816
2026-09-15T10:38:33+02:00,6984816
2026-09-15T10:38:34+02:00,6984816
2026-09-15T10:38:35+02:00,6984816
2026-09-15T10:38:36+02:00,6984816
2026-09-15T10:38:37+02:00,6984816
2026-09-15T10:38:38+02:00,6984816
2026-09-15T10:38:39+02:00,6984816
2026-09-15T10:38:40+02:00,6984816
2026-09-15T10:38:41+02:00,6984816
2026-09-15T10:38:43+02:00,6984816
2026-09-15T10:38:44+02:00,6984816
2026-09-15T10:38:45+02:00,6984816
2026-09-15T10:38:46+02:00,6984816
2026-09-15T10:38:47+02:00,6984816
2026-09-15T10:38:48+02:00,6984816
2026-09-15T10:38:49+02:00,6984816
2026-09-15T10:38:50+02:00,6984816
2026-09-15T10:38:51+02:00,7010048
2026-09-15T10:38:52+02:00,7010048
2026-09-15T10:38:53+02:00,7010048
2026-09-15T10:38:55+02:00,7010048
2026-09-15T10:38:56+02:00,7010048
2026-09-15T10:38:57+02:00,7010048
2026-09-15T10:38:58+02:00,7010048
2026-09-15T10:38:59+02:00,7010048
2026-09-15T10:39:00+02:00,7010048
2026-09-15T10:39:01+02:00,7010048
2026-09-15T10:39:02+02:00,7010048
2026-09-15T10:39:03+02:00,7010048
2026-09-15T10:39:05+02:00,7010048
2026-09-15T10:39:06+02:00,7010048
2026-09-15T10:39:07+02:00,7010048
2026-09-15T10:39:08+02:00,7010048
2026-09-15T10:39:09+02:00,7010048
2026-09-15T10:39:10+02:00,7010048
2026-09-15T10:39:11+02:00,7010048
2026-09-15T10:39:12+02:00,7010048
2026-09-15T10:39:13+02:00,7010048
2026-09-15T10:39:14+02:00,7010048
2026-09-15T10:39:15+02:00,7010048
2026-09-15T10:39:17+02:00,7010048
2026-09-15T10:39:18+02:00,7010048
2026-09-15T10:39:19+02:00,7010048
2026-09-15T10:39:20+02:00,7010048
2026-09-15T10:39:21+02:00,7010048
2026-09-15T10:39:22+02:00,7010048
2026-09-15T10:39:23+02:00,7010048
2026-09-15T10:39:24+02:00,7010048
2026-09-15T10:39:25+02:00,7010048
2026-09-15T10:39:26+02:00,7010048
2026-09-15T10:39:27+02:00,7010048
2026-09-15T10:39:29+02:00,7010048
2026-09-15T10:39:30+02:00,7010048
2026-09-15T10:39:31+02:00,7010048
2026-09-15T10:39:32+02:00,7010048
2026-09-15T10:39:33+02:00,7010048
2026-09-15T10:39:34+02:00,7010048
2026-09-15T10:39:35+02:00,7010048
2026-09-15T10:39:36+02:00,7010048
2026-09-15T10:39:37+02:00,7010048
2026-09-15T10:39:38+02:00,7010048
2026-09-15T10:39:39+02:00,7010048
2026-09-15T10:39:41+02:00,7010048
2026-09-15T10:39:42+02:00,7010048
2026-09-15T10:39:43+02:00,7010048
2026-09-15T10:39:44+02:00,7010048
2026-09-15T10:39:45+02:00,7010048
2026-09-15T10:39:46+02:00,7010048
2026-09-15T10:39:47+02:00,7010048
2026-09-15T10:39:48+02:00,7010048
2026-09-15T10:39:49+02:00,7010048
2026-09-15T10:39:50+02:00,7010048
2026-09-15T10:39:51+02:00,7010048
2026-09-15T10:39:53+02:00,7010048
2026-09-15T10:39:54+02:00,7010048
2026-09-15T10:39:55+02:00,7010048
2026-09-15T10:39:56+02:00,7010048
2026-09-15T10:39:57+02:00,7010048
2026-09-15T10:39:58+02:00,7010048
2026-09-15T10:39:59+02:00,7010048
2026-09-15T10:40:00+02:00,7010048
2026-09-15T10:40:01+02:00,7010048
2026-09-15T10:40:02+02:00,7010048
2026-09-15T10:40:03+02:00,7010048
2026-09-15T10:40:05+02:00,7010048
2026-09-15T10:40:06+02:00,7010048
2026-09-15T10:40:07+02:00,7010048
2026-09-15T10:40:08+02:00,7010048
2026-09-15T10:40:09+02:00,7010048
2026-09-15T10:40:10+02:00,7010048
2026-09-15T10:40:11+02:00,7010048
2026-09-15T10:40:12+02:00,7010048
2026-09-15T10:40:13+02:00,7010048
2026-09-15T10:40:15+02:00,7010048
2026-09-15T10:40:16+02:00,7010048
2026-09-15T10:40:17+02:00,7010048
2026-09-15T10:40:18+02:00,7010048
2026-09-15T10:40:19+02:00,7010048
2026-09-15T10:40:20+02:00,7010048
2026-09-15T10:40:21+02:00,7010048
2026-09-15T10:40:22+02:00,7010048
2026-09-15T10:40:23+02:00,7010048
2026-09-15T10:40:24+02:00,7010048
2026-09-15T10:40:26+02:00,7010048
2026-09-15T10:40:27+02:00,7010048
2026-09-15T10:40:28+02:00,7010048
2026-09-15T10:40:29+02:00,7010048
2026-09-15T10:40:30+02:00,7010048
2026-09-15T10:40:31+02:00,7010048
2026-09-15T10:40:32+02:00,7010048
2026-09-15T10:40:33+02:00,7010048
2026-09-15T10:40:34+02:00,7010048
2026-09-15T10:40:35+02:00,7010048
2026-09-15T10:40:37+02:00,7010048
2026-09-15T10:40:38+02:00,7010048
2026-09-15T10:40:39+02:00,7010048
2026-09-15T10:40:40+02:00,7010048
2026-09-15T10:40:41+02:00,7010048
2026-09-15T10:40:42+02:00,7010048
2026-09-15T10:40:43+02:00,7010048
2026-09-15T10:40:44+02:00,7010048
2026-09-15T10:40:45+02:00,7010048
2026-09-15T10:40:47+02:00,7010048
2026-09-15T10:40:48+02:00,7010048
2026-09-15T10:40:49+02:00,7010048
2026-09-15T10:40:50+02:00,7010048
2026-09-15T10:40:51+02:00,7010048
2026-09-15T10:40:52+02:00,7010048
2026-09-15T10:40:53+02:00,7010048
2026-09-15T10:40:54+02:00,7010048
2026-09-15T10:40:55+02:00,7010048
2026-09-15T10:40:56+02:00,7010048
2026-09-15T10:40:58+02:00,7010048
2026-09-15T10:40:59+02:00,7010048
2026-09-15T10:41:00+02:00,7010048
2026-09-15T10:41:01+02:00,7010048
2026-09-15T10:41:02+02:00,7010048
2026-09-15T10:41:03+02:00,7039648
2026-09-15T10:41:04+02:00,7039648
2026-09-15T10:41:05+02:00,7039648
2026-09-15T10:41:06+02:00,7039648
2026-09-15T10:41:07+02:00,7039648
2026-09-15T10:41:08+02:00,7039648
2026-09-15T10:41:09+02:00,7039648
2026-09-15T10:41:11+02:00,7039648
2026-09-15T10:41:12+02:00,7039648
2026-09-15T10:41:13+02:00,7039648
2026-09-15T10:41:14+02:00,7039648
2026-09-15T10:41:15+02:00,7039648
2026-09-15T10:41:16+02:00,7039648
2026-09-15T10:41:17+02:00,7039648
2026-09-15T10:41:18+02:00,7039648
2026-09-15T10:41:19+02:00,7039648
2026-09-15T10:41:20+02:00,7039648
2026-09-15T10:41:22+02:00,7039648
2026-09-15T10:41:23+02:00,7039648
2026-09-15T10:41:24+02:00,7039648
2026-09-15T10:41:25+02:00,7039648
2026-09-15T10:41:26+02:00,7039648
2026-09-15T10:41:27+02:00,7039648
2026-09-15T10:41:28+02:00,7039648
2026-09-15T10:41:29+02:00,7039648
2026-09-15T10:41:30+02:00,7039648
2026-09-15T10:41:32+02:00,7039648
2026-09-15T10:41:33+02:00,7039648
2026-09-15T10:41:34+02:00,7039648
2026-09-15T10:41:35+02:00,7039648
2026-09-15T10:41:36+02:00,7039648
2026-09-15T10:41:37+02:00,7039648
2026-09-15T10:41:38+02:00,7039648
2026-09-15T10:41:39+02:00,7039648
2026-09-15T10:41:40+02:00,7039648
2026-09-15T10:41:42+02:00,7039648
2026-09-15T10:41:43+02:00,7039648
2026-09-15T10:41:44+02:00,7039648
2026-09-15T10:41:45+02:00,7039648
2026-09-15T10:41:46+02:00,7039648
2026-09-15T10:41:47+02:00,7039648
2026-09-15T10:41:48+02:00,7039648
2026-09-15T10:41:49+02:00,7039648
2026-09-15T10:41:51+02:00,7039648
2026-09-15T10:41:52+02:00,7039648
2026-09-15T10:41:53+02:00,7039648
2026-09-15T10:41:54+02:00,7039648
2026-09-15T10:41:55+02:00,7039648
2026-09-15T10:41:56+02:00,7039648
2026-09-15T10:41:57+02:00,7039648
2026-09-15T10:41:58+02:00,7039648
2026-09-15T10:41:59+02:00,7039648
2026-09-15T10:42:00+02:00,7039648
2026-09-15T10:42:01+02:00,7039648
2026-09-15T10:42:03+02:00,7039648
2026-09-15T10:42:04+02:00,7039648
2026-09-15T10:42:05+02:00,7039648
2026-09-15T10:42:06+02:00,7039648
2026-09-15T10:42:07+02:00,7039648
2026-09-15T10:42:08+02:00,7039648
2026-09-15T10:42:09+02:00,7039648
2026-09-15T10:42:10+02:00,7039648
2026-09-15T10:42:11+02:00,7039648
2026-09-15T10:42:13+02:00,7039648
2026-09-15T10:42:14+02:00,7039648
2026-09-15T10:42:15+02:00,7039648
2026-09-15T10:42:16+02:00,7039648
2026-09-15T10:42:17+02:00,7039648
2026-09-15T10:42:18+02:00,7039648
2026-09-15T10:42:19+02:00,7039648
2026-09-15T10:42:20+02:00,7039648
2026-09-15T10:42:21+02:00,7039648
2026-09-15T10:42:22+02:00,7039648
2026-09-15T10:42:24+02:00,7039648
2026-09-15T10:42:25+02:00,7039648
2026-09-15T10:42:26+02:00,7039648
2026-09-15T10:42:27+02:00,7039648
2026-09-15T10:42:28+02:00,7039648
2026-09-15T10:42:29+02:00,7039648
2026-09-15T10:42:30+02:00,7039648
2026-09-15T10:42:31+02:00,7039648
2026-09-15T10:42:32+02:00,7039648
2026-09-15T10:42:33+02:00,7039648
2026-09-15T10:42:34+02:00,7039648
2026-09-15T10:42:36+02:00,7039648
2026-09-15T10:42:37+02:00,7039648
2026-09-15T10:42:38+02:00,7039648
2026-09-15T10:42:39+02:00,7039648
2026-09-15T10:42:40+02:00,7039648
2026-09-15T10:42:41+02:00,7039648
2026-09-15T10:42:42+02:00,7039648
2026-09-15T10:42:43+02:00,7039648
2026-09-15T10:42:44+02:00,7039648
2026-09-15T10:42:45+02:00,7039648
2026-09-15T10:42:46+02:00,7039648
2026-09-15T10:42:48+02:00,7039648
2026-09-15T10:42:49+02:00,7039648
2026-09-15T10:42:50+02:00,7039648
2026-09-15T10:42:51+02:00,7039648
2026-09-15T10:42:52+02:00,7039648
2026-09-15T10:42:53+02:00,7039648
2026-09-15T10:42:54+02:00,7039648
2026-09-15T10:42:55+02:00,7039648
2026-09-15T10:42:56+02:00,7039648
2026-09-15T10:42:57+02:00,7039648
2026-09-15T10:42:59+02:00,7039648
2026-09-15T10:43:00+02:00,7039648
2026-09-15T10:43:01+02:00,7039648
2026-09-15T10:43:02+02:00,7039648
2026-09-15T10:43:03+02:00,7039648
2026-09-15T10:43:04+02:00,7039648
2026-09-15T10:43:05+02:00,7039648
2026-09-15T10:43:06+02:00,7039648
2026-09-15T10:43:07+02:00,7039648
2026-09-15T10:43:08+02:00,7039648
2026-09-15T10:43:10+02:00,7039648
2026-09-15T10:43:11+02:00,7039648
2026-09-15T10:43:12+02:00,7039648
2026-09-15T10:43:13+02:00,7039648
2026-09-15T10:43:14+02:00,7039648
2026-09-15T10:43:15+02:00,7039648
2026-09-15T10:43:16+02:00,7069344
2026-09-15T10:43:17+02:00,7069344
2026-09-15T10:43:18+02:00,7069344
2026-09-15T10:43:19+02:00,7069344
2026-09-15T10:43:21+02:00,7069344
2026-09-15T10:43:22+02:00,7069344
2026-09-15T10:43:23+02:00,7069344
2026-09-15T10:43:24+02:00,7069344
2026-09-15T10:43:25+02:00,7069344
2026-09-15T10:43:26+02:00,7069344
2026-09-15T10:43:27+02:00,7069344
2026-09-15T10:43:28+02:00,7069344
2026-09-15T10:43:29+02:00,7069344
2026-09-15T10:43:31+02:00,7069344
2026-09-15T10:43:32+02:00,7069344
2026-09-15T10:43:33+02:00,7069344
2026-09-15T10:43:34+02:00,7069344
2026-09-15T10:43:35+02:00,7069344
2026-09-15T10:43:36+02:00,7069344
2026-09-15T10:43:37+02:00,7069344
2026-09-15T10:43:38+02:00,7069344
2026-09-15T10:43:39+02:00,7069344
2026-09-15T10:43:41+02:00,7069344
2026-09-15T10:43:42+02:00,7069344
2026-09-15T10:43:43+02:00,7069344
2026-09-15T10:43:44+02:00,7069344
2026-09-15T10:43:45+02:00,7069344
2026-09-15T10:43:46+02:00,7069344
2026-09-15T10:43:47+02:00,7069344
2026-09-15T10:43:48+02:00,7069344
2026-09-15T10:43:49+02:00,7069344
2026-09-15T10:43:50+02:00,7069344
2026-09-15T10:43:51+02:00,7069344
2026-09-15T10:43:53+02:00,7069344
2026-09-15T10:43:54+02:00,7069344
2026-09-15T10:43:55+02:00,7069344
2026-09-15T10:43:56+02:00,7069344
2026-09-15T10:43:57+02:00,7069344
2026-09-15T10:43:58+02:00,7069344
2026-09-15T10:43:59+02:00,7069344
2026-09-15T10:44:00+02:00,7069344
2026-09-15T10:44:01+02:00,7069344
2026-09-15T10:44:03+02:00,7069344
2026-09-15T10:44:04+02:00,7069344
2026-09-15T10:44:05+02:00,7069344
2026-09-15T10:44:06+02:00,7069344
2026-09-15T10:44:07+02:00,7069344
2026-09-15T10:44:08+02:00,7069344
2026-09-15T10:44:09+02:00,7069344
2026-09-15T10:44:10+02:00,7069344
2026-09-15T10:44:11+02:00,7069344
2026-09-15T10:44:12+02:00,7069344
2026-09-15T10:44:14+02:00,7069344
2026-09-15T10:44:15+02:00,7069344
2026-09-15T10:44:16+02:00,7069344
2026-09-15T10:44:17+02:00,7069344
2026-09-15T10:44:18+02:00,7069344
2026-09-15T10:44:19+02:00,7069344
2026-09-15T10:44:20+02:00,7069344
2026-09-15T10:44:21+02:00,7069344
2026-09-15T10:44:22+02:00,7069344
2026-09-15T10:44:24+02:00,7069344
2026-09-15T10:44:25+02:00,7069344
2026-09-15T10:44:26+02:00,7069344
2026-09-15T10:44:27+02:00,7069344
2026-09-15T10:44:28+02:00,7069344
2026-09-15T10:44:29+02:00,7069344
2026-09-15T10:44:30+02:00,7069344
2026-09-15T10:44:31+02:00,7069344
2026-09-15T10:44:32+02:00,7069344
2026-09-15T10:44:33+02:00,7069344
2026-09-15T10:44:35+02:00,7069344
2026-09-15T10:44:36+02:00,7069344
2026-09-15T10:44:37+02:00,7069344
2026-09-15T10:44:38+02:00,7069344
2026-09-15T10:44:39+02:00,7069344
2026-09-15T10:44:40+02:00,7069344
2026-09-15T10:44:41+02:00,7091536
2026-09-15T10:44:42+02:00,7091536
2026-09-15T10:44:43+02:00,7091536
2026-09-15T10:44:45+02:00,7091536
2026-09-15T10:44:46+02:00,7091536
2026-09-15T10:44:47+02:00,7091536
2026-09-15T10:44:48+02:00,7091536
2026-09-15T10:44:49+02:00,7091536
2026-09-15T10:44:50+02:00,7091536
2026-09-15T10:44:51+02:00,7091536
2026-09-15T10:44:52+02:00,7091536
2026-09-15T10:44:53+02:00,7091536
2026-09-15T10:44:54+02:00,7091536
2026-09-15T10:44:56+02:00,7091536
2026-09-15T10:44:57+02:00,7091536
2026-09-15T10:44:58+02:00,7091536
2026-09-15T10:44:59+02:00,7091536
2026-09-15T10:45:00+02:00,7091536
2026-09-15T10:45:01+02:00,7091536
2026-09-15T10:45:02+02:00,7091536
2026-09-15T10:45:03+02:00,7091536
2026-09-15T10:45:04+02:00,7091536
2026-09-15T10:45:05+02:00,7091536
2026-09-15T10:45:06+02:00,7091536
2026-09-15T10:45:07+02:00,7091536
2026-09-15T10:45:09+02:00,7091536
2026-09-15T10:45:10+02:00,7091536
2026-09-15T10:45:11+02:00,7091536
2026-09-15T10:45:12+02:00,7091536
2026-09-15T10:45:13+02:00,7091536
2026-09-15T10:45:14+02:00,7091536
2026-09-15T10:45:15+02:00,7091536
2026-09-15T10:45:16+02:00,7091536
2026-09-15T10:45:17+02:00,7091536
2026-09-15T10:45:18+02:00,7091536
2026-09-15T10:45:19+02:00,7091536
2026-09-15T10:45:21+02:00,7091536
2026-09-15T10:45:22+02:00,7091536
2026-09-15T10:45:23+02:00,7091536
2026-09-15T10:45:24+02:00,7091536
2026-09-15T10:45:25+02:00,7091536
2026-09-15T10:45:26+02:00,7091536
2026-09-15T10:45:27+02:00,7091536
2026-09-15T10:45:28+02:00,7091536
2026-09-15T10:45:29+02:00,7091536
2026-09-15T10:45:31+02:00,7091536
2026-09-15T10:45:32+02:00,7091536
2026-09-15T10:45:33+02:00,7091536
2026-09-15T10:45:34+02:00,7091536
2026-09-15T10:45:35+02:00,7091536
2026-09-15T10:45:36+02:00,7091536
2026-09-15T10:45:37+02:00,7109696
2026-09-15T10:45:38+02:00,7109696
2026-09-15T10:45:39+02:00,7109696
2026-09-15T10:45:40+02:00,7109696
2026-09-15T10:45:42+02:00,7109696
2026-09-15T10:45:43+02:00,7109696
2026-09-15T10:45:44+02:00,7109696
2026-09-15T10:45:45+02:00,7109696
2026-09-15T10:45:46+02:00,7109696
2026-09-15T10:45:47+02:00,7109696
2026-09-15T10:45:48+02:00,7109696
2026-09-15T10:45:49+02:00,7109696
2026-09-15T10:45:50+02:00,7109696
2026-09-15T10:45:51+02:00,7109696
2026-09-15T10:45:52+02:00,7109696
2026-09-15T10:45:54+02:00,7109696
2026-09-15T10:45:55+02:00,7109696
2026-09-15T10:45:56+02:00,7109696
2026-09-15T10:45:57+02:00,7109696
2026-09-15T10:45:58+02:00,7109696
2026-09-15T10:45:59+02:00,7109696
2026-09-15T10:46:00+02:00,7109696
2026-09-15T10:46:01+02:00,7109696
2026-09-15T10:46:02+02:00,7109696
2026-09-15T10:46:04+02:00,7109696
2026-09-15T10:46:05+02:00,7109696
2026-09-15T10:46:06+02:00,7109696
2026-09-15T10:46:07+02:00,7109696
2026-09-15T10:46:08+02:00,7109696
2026-09-15T10:46:09+02:00,7109696
2026-09-15T10:46:10+02:00,7109696
2026-09-15T10:46:11+02:00,7109696
2026-09-15T10:46:12+02:00,7109696
2026-09-15T10:46:14+02:00,7109696
2026-09-15T10:46:15+02:00,7109696
2026-09-15T10:46:16+02:00,7109696
2026-09-15T10:46:17+02:00,7109696
2026-09-15T10:46:18+02:00,7109696
2026-09-15T10:46:19+02:00,7109696
2026-09-15T10:46:20+02:00,7109696
2026-09-15T10:46:21+02:00,7109696
2026-09-15T10:46:22+02:00,7109696
2026-09-15T10:46:23+02:00,7109696
2026-09-15T10:46:25+02:00,7109696
2026-09-15T10:46:26+02:00,7109696
2026-09-15T10:46:27+02:00,7109696
2026-09-15T10:46:28+02:00,7109696
2026-09-15T10:46:29+02:00,7109696
2026-09-15T10:46:30+02:00,7109696
2026-09-15T10:46:31+02:00,7109696
2026-09-15T10:46:33+02:00,7109696
2026-09-15T10:46:34+02:00,7109696
2026-09-15T10:46:35+02:00,7109696
2026-09-15T10:46:36+02:00,7109696
2026-09-15T10:46:37+02:00,7109696
2026-09-15T10:46:38+02:00,7109696
2026-09-15T10:46:39+02:00,7109696
2026-09-15T10:46:40+02:00,7109696
2026-09-15T10:46:41+02:00,7109696
2026-09-15T10:46:42+02:00,7109696
2026-09-15T10:46:43+02:00,7109696
2026-09-15T10:46:45+02:00,7109696
2026-09-15T10:46:46+02:00,7109696
2026-09-15T10:46:47+02:00,7109696
2026-09-15T10:46:48+02:00,7109696
2026-09-15T10:46:49+02:00,7109696
2026-09-15T10:46:50+02:00,7109696
2026-09-15T10:46:51+02:00,7109696
2026-09-15T10:46:52+02:00,7109696
2026-09-15T10:46:53+02:00,7109696
2026-09-15T10:46:54+02:00,7109696
2026-09-15T10:46:56+02:00,7109696
2026-09-15T10:46:57+02:00,7109696
2026-09-15T10:46:58+02:00,7109696
2026-09-15T10:46:59+02:00,7109696
2026-09-15T10:47:00+02:00,7109696
2026-09-15T10:47:01+02:00,7109696
2026-09-15T10:47:02+02:00,7109696
2026-09-15T10:47:03+02:00,7109696
2026-09-15T10:47:04+02:00,7109696
2026-09-15T10:47:06+02:00,7109696
2026-09-15T10:47:07+02:00,7109696
2026-09-15T10:47:08+02:00,7109696
2026-09-15T10:47:09+02:00,7109696
2026-09-15T10:47:10+02:00,7109696
2026-09-15T10:47:11+02:00,7109696
2026-09-15T10:47:12+02:00,7109696
2026-09-15T10:47:13+02:00,7109696
2026-09-15T10:47:14+02:00,7109696
2026-09-15T10:47:15+02:00,7109696
2026-09-15T10:47:17+02:00,7109696
2026-09-15T10:47:18+02:00,7109696
2026-09-15T10:47:19+02:00,7109696
2026-09-15T10:47:20+02:00,7109696
2026-09-15T10:47:21+02:00,7109696
2026-09-15T10:47:22+02:00,7109696
2026-09-15T10:47:23+02:00,7109696
2026-09-15T10:47:24+02:00,7109696
2026-09-15T10:47:25+02:00,7109696
2026-09-15T10:47:26+02:00,7109696
2026-09-15T10:47:27+02:00,7109696
2026-09-15T10:47:29+02:00,7109696
2026-09-15T10:47:30+02:00,7109696
2026-09-15T10:47:31+02:00,7109696
2026-09-15T10:47:32+02:00,7109696
2026-09-15T10:47:33+02:00,7109696
2026-09-15T10:47:34+02:00,7109696
2026-09-15T10:47:35+02:00,7109696
2026-09-15T10:47:36+02:00,7109696
2026-09-15T10:47:37+02:00,7109696
2026-09-15T10:47:38+02:00,7109696
2026-09-15T10:47:40+02:00,7109696
2026-09-15T10:47:41+02:00,7109696
2026-09-15T10:47:42+02:00,7109696
2026-09-15T10:47:43+02:00,7109696
2026-09-15T10:47:44+02:00,7109696
2026-09-15T10:47:45+02:00,7109696
2026-09-15T10:47:46+02:00,7109696
2026-09-15T10:47:47+02:00,7109696
2026-09-15T10:47:48+02:00,7109696
2026-09-15T10:47:49+02:00,7109696
2026-09-15T10:47:51+02:00,7109696
2026-09-15T10:47:52+02:00,7109696
2026-09-15T10:47:53+02:00,7109696
2026-09-15T10:47:54+02:00,7109696
2026-09-15T10:47:55+02:00,7109696
2026-09-15T10:47:56+02:00,7109696
2026-09-15T10:47:57+02:00,7109696
2026-09-15T10:47:58+02:00,7109696
2026-09-15T10:47:59+02:00,7109696
2026-09-15T10:48:00+02:00,7109696
2026-09-15T10:48:01+02:00,7109696
2026-09-15T10:48:03+02:00,7109696
2026-09-15T10:48:04+02:00,7109696
2026-09-15T10:48:05+02:00,7109696
2026-09-15T10:48:06+02:00,7109696
2026-09-15T10:48:07+02:00,7109696
2026-09-15T10:48:08+02:00,7109696
2026-09-15T10:48:09+02:00,7109696
2026-09-15T10:48:10+02:00,7109696
2026-09-15T10:48:11+02:00,7109696
2026-09-15T10:48:12+02:00,7109696
2026-09-15T10:48:13+02:00,7109696
2026-09-15T10:48:15+02:00,7109696
2026-09-15T10:48:16+02:00,7109696
2026-09-15T10:48:17+02:00,7109696
2026-09-15T10:48:18+02:00,7109696
2026-09-15T10:48:19+02:00,7109696
2026-09-15T10:48:20+02:00,7109696
2026-09-15T10:48:21+02:00,7109696
2026-09-15T10:48:22+02:00,7109696
2026-09-15T10:48:23+02:00,7109696
2026-09-15T10:48:24+02:00,7109696
2026-09-15T10:48:26+02:00,7109696
2026-09-15T10:48:27+02:00,7109696
2026-09-15T10:48:28+02:00,7109696
2026-09-15T10:48:29+02:00,7109696
2026-09-15T10:48:30+02:00,7109696
2026-09-15T10:48:31+02:00,7109696
2026-09-15T10:48:32+02:00,7109696
2026-09-15T10:48:33+02:00,7109696
2026-09-15T10:48:34+02:00,7109696
2026-09-15T10:48:35+02:00,7109696
2026-09-15T10:48:37+02:00,7109696
2026-09-15T10:48:38+02:00,7109696
2026-09-15T10:48:39+02:00,7109696
2026-09-15T10:48:40+02:00,7109696
2026-09-15T10:48:41+02:00,7109696
2026-09-15T10:48:42+02:00,7109696
2026-09-15T10:48:43+02:00,7109696
2026-09-15T10:48:44+02:00,7109696
2026-09-15T10:48:45+02:00,7109696
2026-09-15T10:48:47+02:00,7109696
2026-09-15T10:48:48+02:00,7109696
2026-09-15T10:48:49+02:00,7109696
2026-09-15T10:48:50+02:00,7109696
2026-09-15T10:48:51+02:00,7109696
2026-09-15T10:48:52+02:00,7109696
2026-09-15T10:48:53+02:00,7109696
2026-09-15T10:48:54+02:00,7147136
2026-09-15T10:48:55+02:00,7147136
2026-09-15T10:48:56+02:00,7147136
2026-09-15T10:48:58+02:00,7147136
2026-09-15T10:48:59+02:00,7147136
2026-09-15T10:49:00+02:00,7147136
2026-09-15T10:49:01+02:00,7147136
2026-09-15T10:49:02+02:00,7147136
2026-09-15T10:49:03+02:00,7147136
2026-09-15T10:49:04+02:00,7147136
2026-09-15T10:49:05+02:00,7147136
2026-09-15T10:49:07+02:00,7147136
2026-09-15T10:49:08+02:00,7147136
2026-09-15T10:49:09+02:00,7147136
2026-09-15T10:49:10+02:00,7147136
2026-09-15T10:49:11+02:00,7147136
2026-09-15T10:49:12+02:00,7147136
2026-09-15T10:49:13+02:00,7147136
2026-09-15T10:49:14+02:00,7147136
2026-09-15T10:49:15+02:00,7147136
2026-09-15T10:49:16+02:00,7147136
2026-09-15T10:49:17+02:00,7147136
2026-09-15T10:49:19+02:00,7147136
2026-09-15T10:49:20+02:00,7147136
2026-09-15T10:49:21+02:00,7147136
2026-09-15T10:49:22+02:00,7147136
2026-09-15T10:49:23+02:00,7147136
2026-09-15T10:49:24+02:00,7147136
2026-09-15T10:49:25+02:00,7147136
2026-09-15T10:49:26+02:00,7147136
2026-09-15T10:49:27+02:00,7147136
2026-09-15T10:49:28+02:00,7147136
2026-09-15T10:49:30+02:00,7147136
2026-09-15T10:49:31+02:00,7147136
2026-09-15T10:49:32+02:00,7147136
2026-09-15T10:49:33+02:00,7147136
2026-09-15T10:49:34+02:00,7147136
2026-09-15T10:49:35+02:00,7147136
2026-09-15T10:49:36+02:00,7147136
2026-09-15T10:49:37+02:00,7147136
2026-09-15T10:49:38+02:00,7147136
2026-09-15T10:49:40+02:00,7147136
2026-09-15T10:49:41+02:00,7147136
2026-09-15T10:49:42+02:00,7147136
2026-09-15T10:49:43+02:00,7147136
2026-09-15T10:49:44+02:00,7147136
2026-09-15T10:49:45+02:00,7147136
2026-09-15T10:49:46+02:00,7147136
2026-09-15T10:49:47+02:00,7147136
2026-09-15T10:49:48+02:00,7147136
2026-09-15T10:49:49+02:00,7147136
2026-09-15T10:49:51+02:00,7147136
2026-09-15T10:49:52+02:00,7147136
2026-09-15T10:49:53+02:00,7147136
2026-09-15T10:49:54+02:00,7147136
2026-09-15T10:49:55+02:00,7147136
2026-09-15T10:49:56+02:00,7147136
2026-09-15T10:49:57+02:00,7147136
2026-09-15T10:49:58+02:00,7147136
2026-09-15T10:49:59+02:00,7147136
2026-09-15T10:50:00+02:00,7147136
2026-09-15T10:50:02+02:00,7147136
2026-09-15T10:50:03+02:00,7147136
2026-09-15T10:50:04+02:00,7147136
2026-09-15T10:50:05+02:00,7147136
2026-09-15T10:50:06+02:00,7147136
2026-09-15T10:50:07+02:00,7147136
2026-09-15T10:50:08+02:00,7147136
2026-09-15T10:50:09+02:00,7147136
2026-09-15T10:50:10+02:00,7147136
2026-09-15T10:50:11+02:00,7147136
2026-09-15T10:50:12+02:00,7147136
2026-09-15T10:50:14+02:00,7147136
2026-09-15T10:50:15+02:00,7147136
2026-09-15T10:50:16+02:00,7147136
2026-09-15T10:50:17+02:00,7147136
2026-09-15T10:50:18+02:00,7147136
2026-09-15T10:50:19+02:00,7147136
2026-09-15T10:50:20+02:00,7147136
2026-09-15T10:50:21+02:00,7147136
2026-09-15T10:50:22+02:00,7147136
2026-09-15T10:50:23+02:00,7147136
2026-09-15T10:50:24+02:00,7147136
2026-09-15T10:50:26+02:00,7147136
2026-09-15T10:50:27+02:00,7147136
2026-09-15T10:50:28+02:00,7147136
2026-09-15T10:50:29+02:00,7147136
2026-09-15T10:50:30+02:00,7147136
2026-09-15T10:50:31+02:00,7147136
2026-09-15T10:50:32+02:00,7147136
2026-09-15T10:50:33+02:00,7147136
2026-09-15T10:50:35+02:00,7147136
2026-09-15T10:50:36+02:00,7171472
2026-09-15T10:50:37+02:00,7171472
2026-09-15T10:50:38+02:00,7171472
2026-09-15T10:50:39+02:00,7171472
2026-09-15T10:50:40+02:00,7171472
2026-09-15T10:50:41+02:00,7171472
2026-09-15T10:50:42+02:00,7171472
2026-09-15T10:50:43+02:00,7171472
2026-09-15T10:50:44+02:00,7171472
2026-09-15T10:50:45+02:00,7171472
2026-09-15T10:50:47+02:00,7171472
2026-09-15T10:50:48+02:00,7171472
2026-09-15T10:50:49+02:00,7171472
2026-09-15T10:50:50+02:00,7171472
2026-09-15T10:50:51+02:00,7171472
2026-09-15T10:50:52+02:00,7171472
2026-09-15T10:50:53+02:00,7171472
2026-09-15T10:50:54+02:00,7171472
2026-09-15T10:50:55+02:00,7171472
2026-09-15T10:50:57+02:00,7171472
2026-09-15T10:50:58+02:00,7171472
2026-09-15T10:50:59+02:00,7171472
2026-09-15T10:51:00+02:00,7171472
2026-09-15T10:51:01+02:00,7171472
2026-09-15T10:51:02+02:00,7171472
2026-09-15T10:51:03+02:00,7171472
2026-09-15T10:51:04+02:00,7171472
2026-09-15T10:51:05+02:00,7171472
2026-09-15T10:51:07+02:00,7171472
2026-09-15T10:51:08+02:00,7171472
2026-09-15T10:51:09+02:00,7171472
2026-09-15T10:51:10+02:00,7171472
2026-09-15T10:51:11+02:00,7171472
2026-09-15T10:51:12+02:00,7171472
2026-09-15T10:51:13+02:00,7171472
2026-09-15T10:51:14+02:00,7171472
2026-09-15T10:51:15+02:00,7171472
2026-09-15T10:51:16+02:00,7171472
2026-09-15T10:51:17+02:00,7171472
2026-09-15T10:51:19+02:00,7171472
2026-09-15T10:51:20+02:00,7171472
2026-09-15T10:51:21+02:00,7171472
2026-09-15T10:51:22+02:00,7171472
2026-09-15T10:51:23+02:00,7171472
2026-09-15T10:51:24+02:00,7171472
2026-09-15T10:51:25+02:00,7171472
2026-09-15T10:51:26+02:00,7171472
2026-09-15T10:51:27+02:00,7171472
2026-09-15T10:51:28+02:00,7171472
2026-09-15T10:51:30+02:00,7171472
2026-09-15T10:51:31+02:00,7171472
2026-09-15T10:51:32+02:00,7171472
2026-09-15T10:51:33+02:00,7171472
2026-09-15T10:51:34+02:00,7171472
2026-09-15T10:51:35+02:00,7171472
2026-09-15T10:51:36+02:00,7171472
2026-09-15T10:51:37+02:00,7171472
2026-09-15T10:51:38+02:00,7171472
2026-09-15T10:51:40+02:00,7171472
2026-09-15T10:51:41+02:00,7171472
2026-09-15T10:51:42+02:00,7171472
2026-09-15T10:51:43+02:00,7171472
2026-09-15T10:51:44+02:00,7171472
2026-09-15T10:51:45+02:00,7171472
2026-09-15T10:51:46+02:00,7171472
2026-09-15T10:51:47+02:00,7171472
2026-09-15T10:51:48+02:00,7171472
2026-09-15T10:51:49+02:00,7171472
2026-09-15T10:51:51+02:00,7192336
2026-09-15T10:51:52+02:00,7192336
2026-09-15T10:51:53+02:00,7192336
2026-09-15T10:51:54+02:00,7192336
2026-09-15T10:51:55+02:00,7192336
2026-09-15T10:51:56+02:00,7192336
2026-09-15T10:51:57+02:00,7192336
2026-09-15T10:51:58+02:00,7192336
2026-09-15T10:51:59+02:00,7192336
2026-09-15T10:52:00+02:00,7192336
2026-09-15T10:52:01+02:00,7192336
2026-09-15T10:52:03+02:00,7192336
2026-09-15T10:52:04+02:00,7192336
2026-09-15T10:52:05+02:00,7192336
2026-09-15T10:52:06+02:00,7192336
2026-09-15T10:52:07+02:00,7192336
2026-09-15T10:52:08+02:00,7192336
2026-09-15T10:52:09+02:00,7192336
2026-09-15T10:52:10+02:00,7192336
2026-09-15T10:52:11+02:00,7192336
2026-09-15T10:52:12+02:00,7192336
2026-09-15T10:52:14+02:00,7192336
2026-09-15T10:52:15+02:00,7192336
2026-09-15T10:52:16+02:00,7192336
2026-09-15T10:52:17+02:00,7192336
2026-09-15T10:52:18+02:00,7192336
2026-09-15T10:52:19+02:00,7192336
2026-09-15T10:52:20+02:00,7192336
2026-09-15T10:52:21+02:00,7192336
2026-09-15T10:52:22+02:00,7192336
2026-09-15T10:52:23+02:00,7192336
2026-09-15T10:52:25+02:00,7192336
2026-09-15T10:52:26+02:00,7192336
2026-09-15T10:52:27+02:00,7192336
2026-09-15T10:52:28+02:00,7192336
2026-09-15T10:52:29+02:00,7192336
2026-09-15T10:52:30+02:00,7192336
2026-09-15T10:52:31+02:00,7192336
2026-09-15T10:52:32+02:00,7192336
2026-09-15T10:52:33+02:00,7192336
2026-09-15T10:52:34+02:00,7192336
2026-09-15T10:52:35+02:00,7192336
2026-09-15T10:52:37+02:00,7192336
2026-09-15T10:52:38+02:00,7192336
2026-09-15T10:52:39+02:00,7192336
2026-09-15T10:52:40+02:00,7192336
2026-09-15T10:52:41+02:00,7192336
2026-09-15T10:52:42+02:00,7192336
2026-09-15T10:52:43+02:00,7192336
2026-09-15T10:52:44+02:00,7192336
2026-09-15T10:52:45+02:00,7192336
2026-09-15T10:52:46+02:00,7192336
2026-09-15T10:52:47+02:00,7192336
2026-09-15T10:52:49+02:00,7192336
2026-09-15T10:52:50+02:00,7192336
2026-09-15T10:52:51+02:00,7192336
2026-09-15T10:52:52+02:00,7192336
2026-09-15T10:52:53+02:00,7192336
2026-09-15T10:52:54+02:00,7192336
2026-09-15T10:52:55+02:00,7192336
2026-09-15T10:52:56+02:00,7192336
2026-09-15T10:52:58+02:00,7192336
2026-09-15T10:52:59+02:00,7192336
2026-09-15T10:53:00+02:00,7192336
2026-09-15T10:53:01+02:00,7192336
2026-09-15T10:53:02+02:00,7192336
2026-09-15T10:53:03+02:00,7192336
2026-09-15T10:53:04+02:00,7192336
2026-09-15T10:53:05+02:00,7192336
2026-09-15T10:53:06+02:00,7192336
2026-09-15T10:53:07+02:00,7192336
2026-09-15T10:53:08+02:00,7192336
2026-09-15T10:53:10+02:00,7192336
2026-09-15T10:53:11+02:00,7192336
2026-09-15T10:53:12+02:00,7192336
2026-09-15T10:53:13+02:00,7192336
2026-09-15T10:53:14+02:00,7192336
2026-09-15T10:53:15+02:00,7192336
2026-09-15T10:53:16+02:00,7214304
2026-09-15T10:53:17+02:00,7214304
2026-09-15T10:53:18+02:00,7214304
2026-09-15T10:53:19+02:00,7214304
2026-09-15T10:53:20+02:00,7214304
2026-09-15T10:53:21+02:00,7214304
2026-09-15T10:53:22+02:00,7214304
2026-09-15T10:53:24+02:00,7214304
2026-09-15T10:53:25+02:00,7214304
2026-09-15T10:53:26+02:00,7214304
2026-09-15T10:53:27+02:00,7214304
2026-09-15T10:53:28+02:00,7214304
2026-09-15T10:53:29+02:00,7214304
2026-09-15T10:53:30+02:00,7214304
2026-09-15T10:53:31+02:00,7214304
2026-09-15T10:53:32+02:00,7214304
2026-09-15T10:53:33+02:00,7214304
2026-09-15T10:53:34+02:00,7214304
2026-09-15T10:53:36+02:00,7214304
2026-09-15T10:53:37+02:00,7214304
2026-09-15T10:53:38+02:00,7214304
2026-09-15T10:53:39+02:00,7214304
2026-09-15T10:53:40+02:00,7214304
2026-09-15T10:53:41+02:00,7214304
2026-09-15T10:53:42+02:00,7214304
2026-09-15T10:53:43+02:00,7214304
2026-09-15T10:53:44+02:00,7214304
2026-09-15T10:53:45+02:00,7214304
2026-09-15T10:53:47+02:00,7214304
2026-09-15T10:53:48+02:00,7214304
2026-09-15T10:53:49+02:00,7214304
2026-09-15T10:53:50+02:00,7214304
2026-09-15T10:53:51+02:00,7214304
2026-09-15T10:53:52+02:00,7214304
2026-09-15T10:53:53+02:00,7214304
2026-09-15T10:53:54+02:00,7214304
2026-09-15T10:53:56+02:00,7214304
2026-09-15T10:53:57+02:00,7214304
2026-09-15T10:53:58+02:00,7214304
2026-09-15T10:53:59+02:00,7214304
2026-09-15T10:54:00+02:00,7214304
2026-09-15T10:54:01+02:00,7214304
2026-09-15T10:54:02+02:00,7214304
2026-09-15T10:54:03+02:00,7214304
2026-09-15T10:54:04+02:00,7214304
2026-09-15T10:54:05+02:00,7214304
2026-09-15T10:54:06+02:00,7214304
2026-09-15T10:54:08+02:00,7214304
2026-09-15T10:54:09+02:00,7214304
2026-09-15T10:54:10+02:00,7214304
2026-09-15T10:54:11+02:00,7214304
2026-09-15T10:54:12+02:00,7214304
2026-09-15T10:54:13+02:00,7214304
2026-09-15T10:54:14+02:00,7214304
2026-09-15T10:54:15+02:00,7214304
2026-09-15T10:54:16+02:00,7214304
2026-09-15T10:54:18+02:00,7214304
2026-09-15T10:54:19+02:00,7214304
2026-09-15T10:54:20+02:00,7214304
2026-09-15T10:54:21+02:00,7214304
2026-09-15T10:54:22+02:00,7214304
2026-09-15T10:54:23+02:00,7214304
2026-09-15T10:54:24+02:00,7214304
2026-09-15T10:54:25+02:00,7214304
2026-09-15T10:54:26+02:00,7214304
2026-09-15T10:54:27+02:00,7214304
2026-09-15T10:54:29+02:00,7214304
2026-09-15T10:54:30+02:00,7214304
2026-09-15T10:54:31+02:00,7214304
2026-09-15T10:54:32+02:00,7214304
2026-09-15T10:54:33+02:00,7214304
2026-09-15T10:54:34+02:00,7214304
2026-09-15T10:54:35+02:00,7214304
2026-09-15T10:54:36+02:00,7214304
2026-09-15T10:54:37+02:00,7214304
2026-09-15T10:54:39+02:00,7214304
2026-09-15T10:54:40+02:00,7214304
2026-09-15T10:54:41+02:00,7214304
2026-09-15T10:54:42+02:00,7214304
2026-09-15T10:54:43+02:00,7236496
2026-09-15T10:54:44+02:00,7236496
2026-09-15T10:54:45+02:00,7236496
2026-09-15T10:54:46+02:00,7236496
2026-09-15T10:54:47+02:00,7236496
2026-09-15T10:54:48+02:00,7236496
2026-09-15T10:54:50+02:00,7236496
2026-09-15T10:54:51+02:00,7236496
2026-09-15T10:54:52+02:00,7236496
2026-09-15T10:54:53+02:00,7236496
2026-09-15T10:54:54+02:00,7236496
2026-09-15T10:54:55+02:00,7236496
2026-09-15T10:54:56+02:00,7236496
2026-09-15T10:54:57+02:00,7236496
2026-09-15T10:54:58+02:00,7236496
2026-09-15T10:55:00+02:00,7236496
2026-09-15T10:55:01+02:00,7236496
2026-09-15T10:55:02+02:00,7236496
2026-09-15T10:55:03+02:00,7236496
2026-09-15T10:55:04+02:00,7236496
2026-09-15T10:55:05+02:00,7236496
2026-09-15T10:55:06+02:00,7236496
2026-09-15T10:55:07+02:00,7236496
2026-09-15T10:55:08+02:00,7236496
2026-09-15T10:55:09+02:00,7236496
2026-09-15T10:55:11+02:00,7236496
2026-09-15T10:55:12+02:00,7236496
2026-09-15T10:55:13+02:00,7236496
2026-09-15T10:55:14+02:00,7236496
2026-09-15T10:55:15+02:00,7236496
2026-09-15T10:55:16+02:00,7236496
2026-09-15T10:55:17+02:00,7236496
2026-09-15T10:55:18+02:00,7236496
2026-09-15T10:55:19+02:00,7236496
2026-09-15T10:55:20+02:00,7236496
2026-09-15T10:55:22+02:00,7236496
2026-09-15T10:55:23+02:00,7236496
2026-09-15T10:55:24+02:00,7236496
2026-09-15T10:55:25+02:00,7236496
2026-09-15T10:55:26+02:00,7236496
2026-09-15T10:55:27+02:00,7236496
2026-09-15T10:55:28+02:00,7236496
2026-09-15T10:55:29+02:00,7236496
2026-09-15T10:55:30+02:00,7236496
2026-09-15T10:55:31+02:00,7236496
2026-09-15T10:55:32+02:00,7236496
2026-09-15T10:55:34+02:00,7236496
2026-09-15T10:55:35+02:00,7236496
2026-09-15T10:55:36+02:00,7236496
2026-09-15T10:55:37+02:00,7236496
2026-09-15T10:55:38+02:00,7236496
2026-09-15T10:55:39+02:00,7236496
2026-09-15T10:55:40+02:00,7236496
2026-09-15T10:55:41+02:00,7236496
2026-09-15T10:55:42+02:00,7236496
2026-09-15T10:55:44+02:00,7236496
2026-09-15T10:55:45+02:00,7236496
2026-09-15T10:55:46+02:00,7236496
2026-09-15T10:55:47+02:00,7236496
2026-09-15T10:55:48+02:00,7236496
2026-09-15T10:55:49+02:00,7236496
2026-09-15T10:55:50+02:00,7236496
2026-09-15T10:55:51+02:00,7236496
2026-09-15T10:55:52+02:00,7236496
2026-09-15T10:55:53+02:00,7236496
2026-09-15T10:55:54+02:00,7236496
2026-09-15T10:55:56+02:00,7236496
2026-09-15T10:55:57+02:00,7236496
2026-09-15T10:55:58+02:00,7236496
2026-09-15T10:55:59+02:00,7236496
2026-09-15T10:56:00+02:00,7236496
2026-09-15T10:56:01+02:00,7236496
2026-09-15T10:56:02+02:00,7236496
2026-09-15T10:56:03+02:00,7236496
2026-09-15T10:56:04+02:00,7236496
2026-09-15T10:56:06+02:00,7236496
2026-09-15T10:56:07+02:00,7236496
2026-09-15T10:56:08+02:00,7236496
2026-09-15T10:56:09+02:00,7236496
2026-09-15T10:56:10+02:00,7236496
2026-09-15T10:56:11+02:00,7236496
2026-09-15T10:56:12+02:00,7236496
2026-09-15T10:56:13+02:00,7236496
2026-09-15T10:56:14+02:00,7236496
2026-09-15T10:56:15+02:00,7236496
2026-09-15T10:56:16+02:00,7236496
2026-09-15T10:56:17+02:00,7236496
2026-09-15T10:56:19+02:00,7236496
2026-09-15T10:56:20+02:00,7236496
2026-09-15T10:56:21+02:00,7236496
2026-09-15T10:56:22+02:00,7236496
2026-09-15T10:56:23+02:00,7236496
2026-09-15T10:56:24+02:00,7236496
2026-09-15T10:56:25+02:00,7236496
2026-09-15T10:56:26+02:00,7236496
2026-09-15T10:56:27+02:00,7236496
2026-09-15T10:56:29+02:00,7236496
2026-09-15T10:56:30+02:00,7236496
2026-09-15T10:56:31+02:00,7236496
2026-09-15T10:56:32+02:00,7236496
2026-09-15T10:56:33+02:00,7236496
2026-09-15T10:56:34+02:00,7236496
2026-09-15T10:56:35+02:00,7236496
2026-09-15T10:56:36+02:00,7236496
2026-09-15T10:56:37+02:00,7236496
2026-09-15T10:56:38+02:00,7236496
2026-09-15T10:56:40+02:00,7236496
2026-09-15T10:56:41+02:00,7236496
2026-09-15T10:56:42+02:00,7236496
2026-09-15T10:56:43+02:00,7236496
2026-09-15T10:56:44+02:00,7236496
2026-09-15T10:56:45+02:00,7236496
2026-09-15T10:56:46+02:00,7263840
2026-09-15T10:56:47+02:00,7263840
2026-09-15T10:56:48+02:00,7263840
2026-09-15T10:56:49+02:00,7263840
2026-09-15T10:56:51+02:00,7263840
2026-09-15T10:56:52+02:00,7263840
2026-09-15T10:56:53+02:00,7263840
2026-09-15T10:56:54+02:00,7263840
2026-09-15T10:56:55+02:00,7263840
2026-09-15T10:56:56+02:00,7263840
2026-09-15T10:56:57+02:00,7263840
2026-09-15T10:56:58+02:00,7263840
2026-09-15T10:56:59+02:00,7263840
2026-09-15T10:57:00+02:00,7263840
2026-09-15T10:57:02+02:00,7263840
2026-09-15T10:57:03+02:00,7263840
2026-09-15T10:57:04+02:00,7263840
2026-09-15T10:57:05+02:00,7263840
2026-09-15T10:57:06+02:00,7263840
2026-09-15T10:57:07+02:00,7263840
2026-09-15T10:57:08+02:00,7263840
2026-09-15T10:57:09+02:00,7263840
2026-09-15T10:57:10+02:00,7263840
2026-09-15T10:57:11+02:00,7263840
2026-09-15T10:57:13+02:00,7263840
2026-09-15T10:57:14+02:00,7263840
2026-09-15T10:57:15+02:00,7263840
2026-09-15T10:57:16+02:00,7263840
2026-09-15T10:57:17+02:00,7263840
2026-09-15T10:57:18+02:00,7263840
2026-09-15T10:57:19+02:00,7263840
2026-09-15T10:57:20+02:00,7263840
2026-09-15T10:57:21+02:00,7263840
2026-09-15T10:57:22+02:00,7263840
2026-09-15T10:57:23+02:00,7263840
2026-09-15T10:57:24+02:00,7263840
2026-09-15T10:57:26+02:00,7263840
2026-09-15T10:57:27+02:00,7263840
2026-09-15T10:57:28+02:00,7263840
2026-09-15T10:57:29+02:00,7263840
2026-09-15T10:57:30+02:00,7263840
2026-09-15T10:57:31+02:00,7263840
2026-09-15T10:57:32+02:00,7263840
2026-09-15T10:57:33+02:00,7263840
2026-09-15T10:57:34+02:00,7263840
2026-09-15T10:57:35+02:00,7263840
2026-09-15T10:57:37+02:00,7263840
2026-09-15T10:57:38+02:00,7263840
2026-09-15T10:57:39+02:00,7263840
2026-09-15T10:57:40+02:00,7263840
2026-09-15T10:57:41+02:00,7263840
2026-09-15T10:57:42+02:00,7263840
2026-09-15T10:57:43+02:00,7263840
2026-09-15T10:57:44+02:00,7263840
2026-09-15T10:57:45+02:00,7263840
2026-09-15T10:57:46+02:00,7263840
2026-09-15T10:57:48+02:00,7263840
2026-09-15T10:57:49+02:00,7263840
2026-09-15T10:57:50+02:00,7263840
2026-09-15T10:57:51+02:00,7263840
2026-09-15T10:57:52+02:00,7263840
2026-09-15T10:57:53+02:00,7263840
2026-09-15T10:57:54+02:00,7263840
2026-09-15T10:57:55+02:00,7263840
2026-09-15T10:57:56+02:00,7263840
2026-09-15T10:57:58+02:00,7263840
2026-09-15T10:57:59+02:00,7263840
2026-09-15T10:58:00+02:00,7263840
2026-09-15T10:58:01+02:00,7263840
2026-09-15T10:58:02+02:00,7263840
2026-09-15T10:58:03+02:00,7263840
2026-09-15T10:58:04+02:00,7263840
2026-09-15T10:58:05+02:00,7263840
2026-09-15T10:58:06+02:00,7263840
2026-09-15T10:58:08+02:00,7284464
2026-09-15T10:58:09+02:00,7284464
2026-09-15T10:58:10+02:00,7284464
2026-09-15T10:58:11+02:00,7284464
2026-09-15T10:58:12+02:00,7284464
2026-09-15T10:58:13+02:00,7284464
2026-09-15T10:58:14+02:00,7284464
2026-09-15T10:58:15+02:00,7284464
2026-09-15T10:58:16+02:00,7284464
2026-09-15T10:58:17+02:00,7284464
2026-09-15T10:58:18+02:00,7284464
2026-09-15T10:58:20+02:00,7284464
2026-09-15T10:58:21+02:00,7284464
2026-09-15T10:58:22+02:00,7284464
2026-09-15T10:58:23+02:00,7284464
2026-09-15T10:58:24+02:00,7284464
2026-09-15T10:58:25+02:00,7284464
2026-09-15T10:58:26+02:00,7284464
2026-09-15T10:58:27+02:00,7284464
2026-09-15T10:58:29+02:00,7284464
2026-09-15T10:58:30+02:00,7284464
2026-09-15T10:58:31+02:00,7284464
2026-09-15T10:58:32+02:00,7284464
2026-09-15T10:58:33+02:00,7284464
2026-09-15T10:58:34+02:00,7284464
2026-09-15T10:58:35+02:00,7284464
2026-09-15T10:58:36+02:00,7284464
2026-09-15T10:58:37+02:00,7284464
2026-09-15T10:58:38+02:00,7284464
2026-09-15T10:58:40+02:00,7284464
2026-09-15T10:58:41+02:00,7284464
2026-09-15T10:58:42+02:00,7284464
2026-09-15T10:58:43+02:00,7284464
2026-09-15T10:58:44+02:00,7284464
2026-09-15T10:58:45+02:00,7284464
2026-09-15T10:58:46+02:00,7284464
2026-09-15T10:58:47+02:00,7284464
2026-09-15T10:58:48+02:00,7284464
2026-09-15T10:58:49+02:00,7284464
2026-09-15T10:58:50+02:00,7284464
2026-09-15T10:58:52+02:00,7284464
2026-09-15T10:58:53+02:00,7284464
2026-09-15T10:58:54+02:00,7284464
2026-09-15T10:58:55+02:00,7284464
2026-09-15T10:58:56+02:00,7284464
2026-09-15T10:58:57+02:00,7284464
2026-09-15T10:58:58+02:00,7284464
2026-09-15T10:58:59+02:00,7284464
2026-09-15T10:59:01+02:00,7284464
2026-09-15T10:59:02+02:00,7284464
2026-09-15T10:59:03+02:00,7284464
2026-09-15T10:59:04+02:00,7284464
2026-09-15T10:59:05+02:00,7284464
2026-09-15T10:59:06+02:00,7284464
2026-09-15T10:59:07+02:00,7284464
2026-09-15T10:59:08+02:00,7284464
2026-09-15T10:59:09+02:00,7284464
2026-09-15T10:59:10+02:00,7284464
2026-09-15T10:59:12+02:00,7284464
2026-09-15T10:59:13+02:00,7284464
2026-09-15T10:59:14+02:00,7284464
2026-09-15T10:59:15+02:00,7284464
2026-09-15T10:59:16+02:00,7284464
2026-09-15T10:59:17+02:00,7284464
2026-09-15T10:59:18+02:00,7284464
2026-09-15T10:59:19+02:00,7284464
2026-09-15T10:59:20+02:00,7284464
2026-09-15T10:59:21+02:00,7284464
2026-09-15T10:59:23+02:00,7284464
2026-09-15T10:59:24+02:00,7284464
2026-09-15T10:59:25+02:00,7284464
2026-09-15T10:59:26+02:00,7284464
2026-09-15T10:59:27+02:00,7284464
2026-09-15T10:59:28+02:00,7305312
2026-09-15T10:59:29+02:00,7305312
2026-09-15T10:59:30+02:00,7305312
2026-09-15T10:59:31+02:00,7305312
2026-09-15T10:59:32+02:00,7305312
2026-09-15T10:59:34+02:00,7305312
2026-09-15T10:59:35+02:00,7305312
2026-09-15T10:59:36+02:00,7305312
2026-09-15T10:59:37+02:00,7305312
2026-09-15T10:59:38+02:00,7305312
2026-09-15T10:59:39+02:00,7305312
2026-09-15T10:59:40+02:00,7305312
2026-09-15T10:59:41+02:00,7305312
2026-09-15T10:59:43+02:00,7305312
2026-09-15T10:59:44+02:00,7305312
2026-09-15T10:59:45+02:00,7305312
2026-09-15T10:59:46+02:00,7305312
2026-09-15T10:59:47+02:00,7305312
2026-09-15T10:59:48+02:00,7305312
2026-09-15T10:59:49+02:00,7305312
2026-09-15T10:59:50+02:00,7305312
2026-09-15T10:59:51+02:00,7305312
2026-09-15T10:59:52+02:00,7305312
2026-09-15T10:59:53+02:00,7305312
2026-09-15T10:59:55+02:00,7305312
2026-09-15T10:59:56+02:00,7305312
2026-09-15T10:59:57+02:00,7305312
2026-09-15T10:59:58+02:00,7305312
2026-09-15T10:59:59+02:00,7305312
2026-09-15T11:00:00+02:00,7305312
2026-09-15T11:00:01+02:00,7305312
2026-09-15T11:00:02+02:00,7305312
2026-09-15T11:00:03+02:00,7305312
2026-09-15T11:00:04+02:00,7305312
2026-09-15T11:00:06+02:00,7305312
2026-09-15T11:00:07+02:00,7305312
2026-09-15T11:00:08+02:00,7305312
2026-09-15T11:00:09+02:00,7305312
2026-09-15T11:00:10+02:00,7305312
2026-09-15T11:00:11+02:00,7305312
2026-09-15T11:00:12+02:00,7305312
2026-09-15T11:00:13+02:00,7305312
2026-09-15T11:00:14+02:00,7305312
2026-09-15T11:00:16+02:00,7305312
2026-09-15T11:00:17+02:00,7305312
2026-09-15T11:00:18+02:00,7305312
2026-09-15T11:00:19+02:00,7305312
2026-09-15T11:00:20+02:00,7305312
2026-09-15T11:00:21+02:00,7305312
2026-09-15T11:00:22+02:00,7305312
2026-09-15T11:00:23+02:00,7305312
2026-09-15T11:00:24+02:00,7305312
2026-09-15T11:00:25+02:00,7305312
2026-09-15T11:00:27+02:00,7305312
2026-09-15T11:00:28+02:00,7305312
2026-09-15T11:00:29+02:00,7305312
2026-09-15T11:00:30+02:00,7305312
2026-09-15T11:00:31+02:00,7305312
2026-09-15T11:00:32+02:00,7305312
2026-09-15T11:00:33+02:00,7305312
2026-09-15T11:00:34+02:00,7305312
2026-09-15T11:00:36+02:00,7305312
2026-09-15T11:00:37+02:00,7305312
2026-09-15T11:00:38+02:00,7305312
2026-09-15T11:00:39+02:00,7305312
2026-09-15T11:00:40+02:00,7305312
2026-09-15T11:00:41+02:00,7305312
2026-09-15T11:00:42+02:00,7305312
2026-09-15T11:00:43+02:00,7305312
2026-09-15T11:00:44+02:00,7305312
2026-09-15T11:00:46+02:00,7305312
2026-09-15T11:00:47+02:00,7305312
2026-09-15T11:00:48+02:00,7305312
2026-09-15T11:00:49+02:00,7305312
2026-09-15T11:00:50+02:00,7305312
2026-09-15T11:00:51+02:00,7305312
2026-09-15T11:00:52+02:00,7305312
2026-09-15T11:00:53+02:00,7305312
2026-09-15T11:00:54+02:00,7305312
2026-09-15T11:00:55+02:00,7305312
2026-09-15T11:00:57+02:00,7327184
2026-09-15T11:00:58+02:00,7327184
2026-09-15T11:00:59+02:00,7327184
2026-09-15T11:01:00+02:00,7327184
2026-09-15T11:01:01+02:00,7327184
2026-09-15T11:01:02+02:00,7327184
2026-09-15T11:01:03+02:00,7327184
2026-09-15T11:01:04+02:00,7327184
2026-09-15T11:01:05+02:00,7327184
2026-09-15T11:01:06+02:00,7327184
2026-09-15T11:01:07+02:00,7327184
2026-09-15T11:01:08+02:00,7327184
2026-09-15T11:01:10+02:00,7327184
2026-09-15T11:01:11+02:00,7327184
2026-09-15T11:01:12+02:00,7327184
2026-09-15T11:01:13+02:00,7327184
2026-09-15T11:01:14+02:00,7327184
2026-09-15T11:01:15+02:00,7327184
2026-09-15T11:01:16+02:00,7327184
2026-09-15T11:01:17+02:00,7327184
2026-09-15T11:01:18+02:00,7327184
2026-09-15T11:01:19+02:00,7327184
2026-09-15T11:01:21+02:00,7327184
2026-09-15T11:01:22+02:00,7327184
2026-09-15T11:01:23+02:00,7327184
2026-09-15T11:01:24+02:00,7327184
2026-09-15T11:01:25+02:00,7327184
2026-09-15T11:01:26+02:00,7327184
2026-09-15T11:01:27+02:00,7327184
2026-09-15T11:01:28+02:00,7327184
2026-09-15T11:01:29+02:00,7327184
2026-09-15T11:01:30+02:00,7327184
2026-09-15T11:01:31+02:00,7327184
2026-09-15T11:01:33+02:00,7327184
2026-09-15T11:01:34+02:00,7327184
2026-09-15T11:01:35+02:00,7327184
2026-09-15T11:01:36+02:00,7327184
2026-09-15T11:01:37+02:00,7327184
2026-09-15T11:01:38+02:00,7327184
2026-09-15T11:01:39+02:00,7327184
2026-09-15T11:01:40+02:00,7327184
2026-09-15T11:01:41+02:00,7327184
2026-09-15T11:01:43+02:00,7327184
2026-09-15T11:01:44+02:00,7327184
2026-09-15T11:01:45+02:00,7327184
2026-09-15T11:01:46+02:00,7327184
2026-09-15T11:01:47+02:00,7327184
2026-09-15T11:01:48+02:00,7327184
2026-09-15T11:01:49+02:00,7327184
2026-09-15T11:01:50+02:00,7327184
2026-09-15T11:01:51+02:00,7327184
2026-09-15T11:01:52+02:00,7327184
2026-09-15T11:01:54+02:00,7327184
2026-09-15T11:01:55+02:00,7327184
2026-09-15T11:01:56+02:00,7327184
2026-09-15T11:01:57+02:00,7327184
2026-09-15T11:01:58+02:00,7327184
2026-09-15T11:01:59+02:00,7327184
2026-09-15T11:02:00+02:00,7327184
2026-09-15T11:02:01+02:00,7327184
2026-09-15T11:02:03+02:00,7327184
2026-09-15T11:02:04+02:00,7327184
2026-09-15T11:02:05+02:00,7327184
2026-09-15T11:02:06+02:00,7327184
2026-09-15T11:02:07+02:00,7327184
2026-09-15T11:02:08+02:00,7327184
2026-09-15T11:02:09+02:00,7327184
2026-09-15T11:02:10+02:00,7327184
2026-09-15T11:02:11+02:00,7327184
2026-09-15T11:02:13+02:00,7327184
2026-09-15T11:02:14+02:00,7327184
2026-09-15T11:02:15+02:00,7327184
2026-09-15T11:02:16+02:00,7327184
2026-09-15T11:02:17+02:00,7327184
2026-09-15T11:02:18+02:00,7327184
2026-09-15T11:02:19+02:00,7327184
2026-09-15T11:02:20+02:00,7327184
2026-09-15T11:02:21+02:00,7327184
2026-09-15T11:02:22+02:00,7327184
2026-09-15T11:02:24+02:00,7327184
2026-09-15T11:02:25+02:00,7327184
2026-09-15T11:02:26+02:00,7327184
2026-09-15T11:02:27+02:00,7327184
2026-09-15T11:02:28+02:00,7327184
2026-09-15T11:02:29+02:00,7327184
2026-09-15T11:02:30+02:00,7327184
2026-09-15T11:02:31+02:00,7327184
2026-09-15T11:02:32+02:00,7327184
2026-09-15T11:02:34+02:00,7350064
2026-09-15T11:02:35+02:00,7350064
2026-09-15T11:02:36+02:00,7350064
2026-09-15T11:02:37+02:00,7350064
2026-09-15T11:02:38+02:00,7350064
2026-09-15T11:02:39+02:00,7350064
2026-09-15T11:02:40+02:00,7350064
2026-09-15T11:02:41+02:00,7350064
2026-09-15T11:02:42+02:00,7350064
2026-09-15T11:02:43+02:00,7350064
2026-09-15T11:02:45+02:00,7350064
2026-09-15T11:02:46+02:00,7350064
2026-09-15T11:02:47+02:00,7350064
2026-09-15T11:02:48+02:00,7350064
2026-09-15T11:02:49+02:00,7350064
2026-09-15T11:02:50+02:00,7350064
2026-09-15T11:02:51+02:00,7350064
2026-09-15T11:02:52+02:00,7350064
2026-09-15T11:02:53+02:00,7350064
2026-09-15T11:02:54+02:00,7350064
2026-09-15T11:02:56+02:00,7350064
2026-09-15T11:02:57+02:00,7350064
2026-09-15T11:02:58+02:00,7350064
2026-09-15T11:02:59+02:00,7350064
2026-09-15T11:03:00+02:00,7350064
2026-09-15T11:03:01+02:00,7350064
2026-09-15T11:03:02+02:00,7350064
2026-09-15T11:03:03+02:00,7350064
2026-09-15T11:03:04+02:00,7350064
2026-09-15T11:03:05+02:00,7350064
2026-09-15T11:03:07+02:00,7350064
2026-09-15T11:03:08+02:00,7350064
2026-09-15T11:03:09+02:00,7350064
2026-09-15T11:03:10+02:00,7350064
2026-09-15T11:03:11+02:00,7350064
2026-09-15T11:03:12+02:00,7350064
2026-09-15T11:03:13+02:00,7350064
2026-09-15T11:03:14+02:00,7350064
2026-09-15T11:03:15+02:00,7350064
2026-09-15T11:03:16+02:00,7350064
2026-09-15T11:03:17+02:00,7350064
2026-09-15T11:03:19+02:00,7350064
2026-09-15T11:03:20+02:00,7350064
2026-09-15T11:03:21+02:00,7350064
2026-09-15T11:03:22+02:00,7350064
2026-09-15T11:03:23+02:00,7350064
2026-09-15T11:03:24+02:00,7350064
2026-09-15T11:03:25+02:00,7350064
2026-09-15T11:03:26+02:00,7350064
2026-09-15T11:03:27+02:00,7350064
2026-09-15T11:03:28+02:00,7350064
2026-09-15T11:03:29+02:00,7350064
2026-09-15T11:03:31+02:00,7350064
2026-09-15T11:03:32+02:00,7350064
2026-09-15T11:03:33+02:00,7350064
2026-09-15T11:03:34+02:00,7350064
2026-09-15T11:03:35+02:00,7350064
2026-09-15T11:03:36+02:00,7350064
2026-09-15T11:03:37+02:00,7350064
2026-09-15T11:03:38+02:00,7350064
2026-09-15T11:03:39+02:00,7350064
2026-09-15T11:03:40+02:00,7350064
2026-09-15T11:03:42+02:00,7350064
2026-09-15T11:03:43+02:00,7350064
2026-09-15T11:03:44+02:00,7350064
2026-09-15T11:03:45+02:00,7350064
2026-09-15T11:03:46+02:00,7350064
2026-09-15T11:03:47+02:00,7350064
2026-09-15T11:03:48+02:00,7350064
2026-09-15T11:03:49+02:00,7350064
2026-09-15T11:03:50+02:00,7350064
2026-09-15T11:03:51+02:00,7350064
2026-09-15T11:03:53+02:00,7350064
2026-09-15T11:03:54+02:00,7350064
2026-09-15T11:03:55+02:00,7350064
2026-09-15T11:03:56+02:00,7350064
2026-09-15T11:03:57+02:00,7350064
2026-09-15T11:03:58+02:00,7350064
2026-09-15T11:03:59+02:00,7350064
2026-09-15T11:04:00+02:00,7350064
2026-09-15T11:04:01+02:00,7350064
2026-09-15T11:04:02+02:00,7350064
2026-09-15T11:04:04+02:00,7350064
2026-09-15T11:04:05+02:00,7350064
2026-09-15T11:04:06+02:00,7350064
2026-09-15T11:04:07+02:00,7350064
2026-09-15T11:04:08+02:00,7350064
2026-09-15T11:04:09+02:00,7350064
2026-09-15T11:04:10+02:00,7350064
2026-09-15T11:04:11+02:00,7350064
2026-09-15T11:04:12+02:00,7350064
2026-09-15T11:04:13+02:00,7350064
2026-09-15T11:04:15+02:00,7350064
2026-09-15T11:04:16+02:00,7350064
2026-09-15T11:04:17+02:00,7350064
2026-09-15T11:04:18+02:00,7350064
2026-09-15T11:04:19+02:00,7374160
2026-09-15T11:04:20+02:00,7374160
2026-09-15T11:04:21+02:00,7374160
2026-09-15T11:04:22+02:00,7374160
2026-09-15T11:04:23+02:00,7374160
2026-09-15T11:04:24+02:00,7374160
2026-09-15T11:04:26+02:00,7374160
2026-09-15T11:04:27+02:00,7374160
2026-09-15T11:04:28+02:00,7374160
2026-09-15T11:04:29+02:00,7374160
2026-09-15T11:04:30+02:00,7374160
2026-09-15T11:04:31+02:00,7374160
2026-09-15T11:04:32+02:00,7374160
2026-09-15T11:04:33+02:00,7374160
2026-09-15T11:04:34+02:00,7374160
2026-09-15T11:04:36+02:00,7374160
2026-09-15T11:04:37+02:00,7374160
2026-09-15T11:04:38+02:00,7374160
2026-09-15T11:04:39+02:00,7374160
2026-09-15T11:04:40+02:00,7374160
2026-09-15T11:04:41+02:00,7374160
2026-09-15T11:04:42+02:00,7374160
2026-09-15T11:04:43+02:00,7374160
2026-09-15T11:04:44+02:00,7374160
2026-09-15T11:04:46+02:00,7374160
2026-09-15T11:04:47+02:00,7374160
2026-09-15T11:04:48+02:00,7374160
2026-09-15T11:04:49+02:00,7374160
2026-09-15T11:04:50+02:00,7374160
2026-09-15T11:04:51+02:00,7374160
2026-09-15T11:04:52+02:00,7374160
2026-09-15T11:04:53+02:00,7374160
2026-09-15T11:04:55+02:00,7374160
2026-09-15T11:04:56+02:00,7374160
2026-09-15T11:04:57+02:00,7374160
2026-09-15T11:04:58+02:00,7374160
2026-09-15T11:04:59+02:00,7374160
2026-09-15T11:05:00+02:00,7374160
2026-09-15T11:05:01+02:00,7374160
2026-09-15T11:05:02+02:00,7374160
2026-09-15T11:05:03+02:00,7374160
2026-09-15T11:05:04+02:00,7374160
2026-09-15T11:05:05+02:00,7374160
2026-09-15T11:05:07+02:00,7374160
2026-09-15T11:05:08+02:00,7374160
2026-09-15T11:05:09+02:00,7374160
2026-09-15T11:05:10+02:00,7374160
2026-09-15T11:05:11+02:00,7374160
2026-09-15T11:05:12+02:00,7374160
2026-09-15T11:05:13+02:00,7374160
2026-09-15T11:05:14+02:00,7374160
2026-09-15T11:05:15+02:00,7374160
2026-09-15T11:05:16+02:00,7374160
2026-09-15T11:05:18+02:00,7374160
2026-09-15T11:05:19+02:00,7374160
2026-09-15T11:05:20+02:00,7374160
2026-09-15T11:05:21+02:00,7374160
2026-09-15T11:05:22+02:00,7374160
2026-09-15T11:05:23+02:00,7374160
2026-09-15T11:05:24+02:00,7374160
2026-09-15T11:05:25+02:00,7374160
2026-09-15T11:05:27+02:00,7374160
2026-09-15T11:05:28+02:00,7374160
2026-09-15T11:05:29+02:00,7374160
2026-09-15T11:05:30+02:00,7374160
2026-09-15T11:05:31+02:00,7374160
2026-09-15T11:05:32+02:00,7374160
2026-09-15T11:05:33+02:00,7374160
2026-09-15T11:05:34+02:00,7374160
2026-09-15T11:05:35+02:00,7374160
2026-09-15T11:05:36+02:00,7374160
2026-09-15T11:05:38+02:00,7374160
2026-09-15T11:05:39+02:00,7374160
2026-09-15T11:05:40+02:00,7374160
2026-09-15T11:05:41+02:00,7374160
2026-09-15T11:05:42+02:00,7374160
2026-09-15T11:05:43+02:00,7374160
2026-09-15T11:05:44+02:00,7374160
2026-09-15T11:05:45+02:00,7374160
2026-09-15T11:05:46+02:00,7374160
2026-09-15T11:05:47+02:00,7374160
2026-09-15T11:05:49+02:00,7374160
2026-09-15T11:05:50+02:00,7374160
2026-09-15T11:05:51+02:00,7374160
2026-09-15T11:05:52+02:00,7374160
2026-09-15T11:05:53+02:00,7374160
2026-09-15T11:05:54+02:00,7374160
2026-09-15T11:05:55+02:00,7374160
2026-09-15T11:05:56+02:00,7374160
2026-09-15T11:05:57+02:00,7374160
2026-09-15T11:05:58+02:00,7374160
2026-09-15T11:06:00+02:00,7374160
2026-09-15T11:06:01+02:00,7374160
2026-09-15T11:06:02+02:00,7374160
2026-09-15T11:06:03+02:00,7374160
2026-09-15T11:06:04+02:00,7374160
2026-09-15T11:06:05+02:00,7374160
2026-09-15T11:06:06+02:00,7374160
2026-09-15T11:06:07+02:00,7374160
2026-09-15T11:06:08+02:00,7374160
2026-09-15T11:06:09+02:00,7398816
2026-09-15T11:06:11+02:00,7398816
2026-09-15T11:06:12+02:00,7398816
2026-09-15T11:06:13+02:00,7398816
2026-09-15T11:06:14+02:00,7398816
2026-09-15T11:06:15+02:00,7398816
2026-09-15T11:06:16+02:00,7398816
2026-09-15T11:06:17+02:00,7398816
2026-09-15T11:06:18+02:00,7398816
2026-09-15T11:06:19+02:00,7398816
2026-09-15T11:06:20+02:00,7398816
2026-09-15T11:06:21+02:00,7398816
2026-09-15T11:06:23+02:00,7398816
2026-09-15T11:06:24+02:00,7398816
2026-09-15T11:06:25+02:00,7398816
2026-09-15T11:06:26+02:00,7398816
2026-09-15T11:06:27+02:00,7398816
2026-09-15T11:06:28+02:00,7398816
2026-09-15T11:06:29+02:00,7398816
2026-09-15T11:06:30+02:00,7398816
2026-09-15T11:06:31+02:00,7398816
2026-09-15T11:06:32+02:00,7398816
2026-09-15T11:06:33+02:00,7398816
2026-09-15T11:06:35+02:00,7398816
2026-09-15T11:06:36+02:00,7398816
2026-09-15T11:06:37+02:00,7398816
2026-09-15T11:06:38+02:00,7398816
2026-09-15T11:06:39+02:00,7398816
2026-09-15T11:06:40+02:00,7398816
2026-09-15T11:06:41+02:00,7398816
2026-09-15T11:06:42+02:00,7398816
2026-09-15T11:06:43+02:00,7398816
2026-09-15T11:06:44+02:00,7398816
2026-09-15T11:06:46+02:00,7398816
2026-09-15T11:06:47+02:00,7398816
2026-09-15T11:06:48+02:00,7398816
2026-09-15T11:06:49+02:00,7398816
2026-09-15T11:06:50+02:00,7398816
2026-09-15T11:06:51+02:00,7398816
2026-09-15T11:06:52+02:00,7398816
2026-09-15T11:06:53+02:00,7398816
2026-09-15T11:06:55+02:00,7398816
2026-09-15T11:06:56+02:00,7398816
2026-09-15T11:06:57+02:00,7398816
2026-09-15T11:06:58+02:00,7398816
2026-09-15T11:06:59+02:00,7398816
2026-09-15T11:07:00+02:00,7398816
2026-09-15T11:07:01+02:00,7398816
2026-09-15T11:07:02+02:00,7398816
2026-09-15T11:07:03+02:00,7398816
2026-09-15T11:07:04+02:00,7398816
2026-09-15T11:07:06+02:00,7398816
2026-09-15T11:07:07+02:00,7398816
2026-09-15T11:07:08+02:00,7398816
2026-09-15T11:07:09+02:00,7398816
2026-09-15T11:07:10+02:00,7398816
2026-09-15T11:07:11+02:00,7398816
2026-09-15T11:07:12+02:00,7398816
2026-09-15T11:07:13+02:00,7398816
2026-09-15T11:07:14+02:00,7398816
2026-09-15T11:07:16+02:00,7398816
2026-09-15T11:07:17+02:00,7398816
2026-09-15T11:07:18+02:00,7398816
2026-09-15T11:07:19+02:00,7398816
2026-09-15T11:07:20+02:00,7398816
2026-09-15T11:07:21+02:00,7398816
2026-09-15T11:07:22+02:00,7398816
2026-09-15T11:07:23+02:00,7398816
2026-09-15T11:07:24+02:00,7398816
2026-09-15T11:07:25+02:00,7398816
2026-09-15T11:07:26+02:00,7398816
2026-09-15T11:07:27+02:00,7398816
2026-09-15T11:07:29+02:00,7398816
2026-09-15T11:07:30+02:00,7398816
2026-09-15T11:07:31+02:00,7398816
2026-09-15T11:07:32+02:00,7398816
2026-09-15T11:07:33+02:00,7398816
2026-09-15T11:07:34+02:00,7398816
2026-09-15T11:07:35+02:00,7398816
2026-09-15T11:07:36+02:00,7398816
2026-09-15T11:07:37+02:00,7398816
2026-09-15T11:07:38+02:00,7398816
2026-09-15T11:07:40+02:00,7398816
2026-09-15T11:07:41+02:00,7398816
2026-09-15T11:07:42+02:00,7398816
2026-09-15T11:07:43+02:00,7398816
2026-09-15T11:07:44+02:00,7398816
2026-09-15T11:07:45+02:00,7398816
2026-09-15T11:07:46+02:00,7398816
2026-09-15T11:07:47+02:00,7398816
2026-09-15T11:07:49+02:00,7398816
2026-09-15T11:07:50+02:00,7398816
2026-09-15T11:07:51+02:00,7398816
2026-09-15T11:07:52+02:00,7398816
2026-09-15T11:07:53+02:00,7398816
2026-09-15T11:07:54+02:00,7398816
2026-09-15T11:07:55+02:00,7398816
2026-09-15T11:07:56+02:00,7398816
2026-09-15T11:07:58+02:00,7398816
2026-09-15T11:07:59+02:00,7398816
2026-09-15T11:08:00+02:00,7398816
2026-09-15T11:08:01+02:00,7398816
2026-09-15T11:08:02+02:00,7398816
2026-09-15T11:08:03+02:00,7398816
2026-09-15T11:08:04+02:00,7398816
2026-09-15T11:08:05+02:00,7425712
2026-09-15T11:08:06+02:00,7425712
2026-09-15T11:08:07+02:00,7425712
2026-09-15T11:08:08+02:00,7425712
2026-09-15T11:08:10+02:00,7425712
2026-09-15T11:08:11+02:00,7425712
2026-09-15T11:08:12+02:00,7425712
2026-09-15T11:08:13+02:00,7425712
2026-09-15T11:08:14+02:00,7425712
2026-09-15T11:08:15+02:00,7425712
2026-09-15T11:08:16+02:00,7425712
2026-09-15T11:08:17+02:00,7425712
2026-09-15T11:08:18+02:00,7425712
2026-09-15T11:08:19+02:00,7425712
2026-09-15T11:08:21+02:00,7425712
2026-09-15T11:08:22+02:00,7425712
2026-09-15T11:08:23+02:00,7425712
2026-09-15T11:08:24+02:00,7425712
2026-09-15T11:08:25+02:00,7425712
2026-09-15T11:08:26+02:00,7425712
2026-09-15T11:08:27+02:00,7425712
2026-09-15T11:08:28+02:00,7425712
2026-09-15T11:08:29+02:00,7425712
2026-09-15T11:08:31+02:00,7425712
2026-09-15T11:08:32+02:00,7425712
2026-09-15T11:08:33+02:00,7425712
2026-09-15T11:08:34+02:00,7425712
2026-09-15T11:08:35+02:00,7425712
2026-09-15T11:08:36+02:00,7425712
2026-09-15T11:08:37+02:00,7425712
2026-09-15T11:08:38+02:00,7425712
2026-09-15T11:08:39+02:00,7425712
2026-09-15T11:08:41+02:00,7425712
2026-09-15T11:08:42+02:00,7425712
2026-09-15T11:08:43+02:00,7425712
2026-09-15T11:08:44+02:00,7425712
2026-09-15T11:08:45+02:00,7425712
2026-09-15T11:08:46+02:00,7425712
2026-09-15T11:08:47+02:00,7425712
2026-09-15T11:08:48+02:00,7425712
2026-09-15T11:08:49+02:00,7425712
2026-09-15T11:08:51+02:00,7425712
2026-09-15T11:08:52+02:00,7425712
2026-09-15T11:08:53+02:00,7425712
2026-09-15T11:08:54+02:00,7425712
2026-09-15T11:08:55+02:00,7425712
2026-09-15T11:08:56+02:00,7425712
2026-09-15T11:08:57+02:00,7425712
2026-09-15T11:08:58+02:00,7425712
2026-09-15T11:08:59+02:00,7425712
2026-09-15T11:09:00+02:00,7425712
2026-09-15T11:09:02+02:00,7425712
2026-09-15T11:09:03+02:00,7425712
2026-09-15T11:09:04+02:00,7425712
2026-09-15T11:09:05+02:00,7425712
2026-09-15T11:09:06+02:00,7425712
2026-09-15T11:09:07+02:00,7425712
2026-09-15T11:09:08+02:00,7425712
2026-09-15T11:09:09+02:00,7425712
2026-09-15T11:09:10+02:00,7425712
2026-09-15T11:09:12+02:00,7425712
2026-09-15T11:09:13+02:00,7425712
2026-09-15T11:09:14+02:00,7425712
2026-09-15T11:09:15+02:00,7425712
2026-09-15T11:09:16+02:00,7425712
2026-09-15T11:09:17+02:00,7425712
2026-09-15T11:09:18+02:00,7425712
2026-09-15T11:09:19+02:00,7425712
2026-09-15T11:09:20+02:00,7425712
2026-09-15T11:09:22+02:00,7425712
2026-09-15T11:09:23+02:00,7425712
2026-09-15T11:09:24+02:00,7425712
2026-09-15T11:09:25+02:00,7425712
2026-09-15T11:09:26+02:00,7425712
2026-09-15T11:09:27+02:00,7425712
2026-09-15T11:09:28+02:00,7425712
2026-09-15T11:09:29+02:00,7425712
2026-09-15T11:09:30+02:00,7425712
2026-09-15T11:09:31+02:00,7425712
2026-09-15T11:09:32+02:00,7448464
2026-09-15T11:09:34+02:00,7448464
2026-09-15T11:09:35+02:00,7448464
2026-09-15T11:09:36+02:00,7448464
2026-09-15T11:09:37+02:00,7448464
2026-09-15T11:09:38+02:00,7448464
2026-09-15T11:09:39+02:00,7448464
2026-09-15T11:09:40+02:00,7448464
2026-09-15T11:09:41+02:00,7448464
2026-09-15T11:09:42+02:00,7448464
2026-09-15T11:09:43+02:00,7448464
2026-09-15T11:09:44+02:00,7448464
2026-09-15T11:09:46+02:00,7448464
2026-09-15T11:09:47+02:00,7448464
2026-09-15T11:09:48+02:00,7448464
2026-09-15T11:09:49+02:00,7448464
2026-09-15T11:09:50+02:00,7448464
2026-09-15T11:09:51+02:00,7448464
2026-09-15T11:09:52+02:00,7448464
2026-09-15T11:09:53+02:00,7448464
2026-09-15T11:09:55+02:00,7448464
2026-09-15T11:09:56+02:00,7448464
2026-09-15T11:09:57+02:00,7448464
2026-09-15T11:09:58+02:00,7448464
2026-09-15T11:09:59+02:00,7448464
2026-09-15T11:10:00+02:00,7448464
2026-09-15T11:10:01+02:00,7448464
2026-09-15T11:10:02+02:00,7448464
2026-09-15T11:10:03+02:00,7448464
2026-09-15T11:10:04+02:00,7448464
2026-09-15T11:10:06+02:00,7448464
2026-09-15T11:10:07+02:00,7448464
2026-09-15T11:10:08+02:00,7448464
2026-09-15T11:10:09+02:00,7448464
2026-09-15T11:10:10+02:00,7448464
2026-09-15T11:10:11+02:00,7448464
2026-09-15T11:10:12+02:00,7448464
2026-09-15T11:10:13+02:00,7448464
2026-09-15T11:10:14+02:00,7448464
2026-09-15T11:10:16+02:00,7448464
2026-09-15T11:10:17+02:00,7448464
2026-09-15T11:10:18+02:00,7448464
2026-09-15T11:10:19+02:00,7448464
2026-09-15T11:10:20+02:00,7448464
2026-09-15T11:10:21+02:00,7448464
2026-09-15T11:10:22+02:00,7448464
2026-09-15T11:10:23+02:00,7448464
2026-09-15T11:10:24+02:00,7448464
2026-09-15T11:10:25+02:00,7448464
2026-09-15T11:10:26+02:00,7448464
2026-09-15T11:10:28+02:00,7448464
2026-09-15T11:10:29+02:00,7448464
2026-09-15T11:10:30+02:00,7448464
2026-09-15T11:10:31+02:00,7448464
2026-09-15T11:10:32+02:00,7448464
2026-09-15T11:10:33+02:00,7448464
2026-09-15T11:10:34+02:00,7448464
2026-09-15T11:10:35+02:00,7448464
2026-09-15T11:10:36+02:00,7448464
2026-09-15T11:10:37+02:00,7448464
2026-09-15T11:10:39+02:00,7448464
2026-09-15T11:10:40+02:00,7448464
2026-09-15T11:10:41+02:00,7448464
2026-09-15T11:10:42+02:00,7448464
2026-09-15T11:10:43+02:00,7448464
2026-09-15T11:10:44+02:00,7448464
2026-09-15T11:10:45+02:00,7448464
2026-09-15T11:10:46+02:00,7448464
2026-09-15T11:10:47+02:00,7448464
2026-09-15T11:10:48+02:00,7448464
2026-09-15T11:10:50+02:00,7448464
2026-09-15T11:10:51+02:00,7448464
2026-09-15T11:10:52+02:00,7448464
2026-09-15T11:10:53+02:00,7448464
2026-09-15T11:10:54+02:00,7448464
2026-09-15T11:10:55+02:00,7448464
2026-09-15T11:10:56+02:00,7448464
2026-09-15T11:10:57+02:00,7470768
2026-09-15T11:10:58+02:00,7470768
2026-09-15T11:10:59+02:00,7470768
2026-09-15T11:11:00+02:00,7470768
2026-09-15T11:11:02+02:00,7470768
2026-09-15T11:11:03+02:00,7470768
2026-09-15T11:11:04+02:00,7470768
2026-09-15T11:11:05+02:00,7470768
2026-09-15T11:11:06+02:00,7470768
2026-09-15T11:11:07+02:00,7470768
2026-09-15T11:11:08+02:00,7470768
2026-09-15T11:11:09+02:00,7470768
2026-09-15T11:11:10+02:00,7470768
2026-09-15T11:11:11+02:00,7470768
2026-09-15T11:11:12+02:00,7470768
2026-09-15T11:11:14+02:00,7470768
2026-09-15T11:11:15+02:00,7470768
2026-09-15T11:11:16+02:00,7470768
2026-09-15T11:11:17+02:00,7470768
2026-09-15T11:11:18+02:00,7470768
2026-09-15T11:11:19+02:00,7470768
2026-09-15T11:11:20+02:00,7470768
2026-09-15T11:11:21+02:00,7470768
2026-09-15T11:11:22+02:00,7470768
2026-09-15T11:11:24+02:00,7470768
2026-09-15T11:11:25+02:00,7470768
2026-09-15T11:11:26+02:00,7470768
2026-09-15T11:11:27+02:00,7470768
2026-09-15T11:11:28+02:00,7470768
2026-09-15T11:11:29+02:00,7470768
2026-09-15T11:11:30+02:00,7470768
2026-09-15T11:11:31+02:00,7470768
2026-09-15T11:11:32+02:00,7470768
2026-09-15T11:11:34+02:00,7470768
2026-09-15T11:11:35+02:00,7470768
2026-09-15T11:11:36+02:00,7470768
2026-09-15T11:11:37+02:00,7470768
2026-09-15T11:11:38+02:00,7470768
2026-09-15T11:11:39+02:00,7470768
2026-09-15T11:11:40+02:00,7470768
2026-09-15T11:11:41+02:00,7470768
2026-09-15T11:11:42+02:00,7470768
2026-09-15T11:11:44+02:00,7470768
2026-09-15T11:11:45+02:00,7470768
2026-09-15T11:11:46+02:00,7470768
2026-09-15T11:11:47+02:00,7470768
2026-09-15T11:11:48+02:00,7470768
2026-09-15T11:11:49+02:00,7470768
2026-09-15T11:11:50+02:00,7470768
2026-09-15T11:11:51+02:00,7470768
2026-09-15T11:11:52+02:00,7470768
2026-09-15T11:11:53+02:00,7470768
2026-09-15T11:11:55+02:00,7470768
2026-09-15T11:11:56+02:00,7470768
2026-09-15T11:11:57+02:00,7470768
2026-09-15T11:11:58+02:00,7470768
2026-09-15T11:11:59+02:00,7470768
2026-09-15T11:12:00+02:00,7470768
2026-09-15T11:12:01+02:00,7470768
2026-09-15T11:12:02+02:00,7470768
2026-09-15T11:12:03+02:00,7470768
2026-09-15T11:12:04+02:00,7470768
2026-09-15T11:12:06+02:00,7470768
2026-09-15T11:12:07+02:00,7470768
2026-09-15T11:12:08+02:00,7470768
2026-09-15T11:12:09+02:00,7470768
2026-09-15T11:12:10+02:00,7470768
2026-09-15T11:12:11+02:00,7470768
2026-09-15T11:12:12+02:00,7470768
2026-09-15T11:12:13+02:00,7470768
2026-09-15T11:12:15+02:00,7470768
2026-09-15T11:12:16+02:00,7470768
2026-09-15T11:12:17+02:00,7470768
2026-09-15T11:12:18+02:00,7470768
2026-09-15T11:12:19+02:00,7470768
2026-09-15T11:12:20+02:00,7470768
2026-09-15T11:12:21+02:00,7493088
2026-09-15T11:12:22+02:00,7493088
2026-09-15T11:12:23+02:00,7493088
2026-09-15T11:12:24+02:00,7493088
2026-09-15T11:12:25+02:00,7493088
2026-09-15T11:12:26+02:00,7493088
2026-09-15T11:12:28+02:00,7493088
2026-09-15T11:12:29+02:00,7493088
2026-09-15T11:12:30+02:00,7493088
2026-09-15T11:12:31+02:00,7493088
2026-09-15T11:12:32+02:00,7493088
2026-09-15T11:12:33+02:00,7493088
2026-09-15T11:12:34+02:00,7493088
2026-09-15T11:12:35+02:00,7493088
2026-09-15T11:12:36+02:00,7493088
2026-09-15T11:12:37+02:00,7493088
2026-09-15T11:12:39+02:00,7493088
2026-09-15T11:12:40+02:00,7493088
2026-09-15T11:12:41+02:00,7493088
2026-09-15T11:12:42+02:00,7493088
2026-09-15T11:12:43+02:00,7493088
2026-09-15T11:12:44+02:00,7493088
2026-09-15T11:12:45+02:00,7493088
2026-09-15T11:12:46+02:00,7493088
2026-09-15T11:12:48+02:00,7493088
2026-09-15T11:12:49+02:00,7493088
2026-09-15T11:12:50+02:00,7493088
2026-09-15T11:12:51+02:00,7493088
2026-09-15T11:12:52+02:00,7493088
2026-09-15T11:12:53+02:00,7493088
2026-09-15T11:12:54+02:00,7493088
2026-09-15T11:12:55+02:00,7493088
2026-09-15T11:12:56+02:00,7493088
2026-09-15T11:12:57+02:00,7493088
2026-09-15T11:12:59+02:00,7493088
2026-09-15T11:13:00+02:00,7493088
2026-09-15T11:13:01+02:00,7493088
2026-09-15T11:13:02+02:00,7493088
2026-09-15T11:13:03+02:00,7493088
2026-09-15T11:13:04+02:00,7493088
2026-09-15T11:13:05+02:00,7493088
2026-09-15T11:13:06+02:00,7493088
2026-09-15T11:13:07+02:00,7493088
2026-09-15T11:13:09+02:00,7493088
2026-09-15T11:13:10+02:00,7493088
2026-09-15T11:13:11+02:00,7493088
2026-09-15T11:13:12+02:00,7493088
2026-09-15T11:13:13+02:00,7493088
2026-09-15T11:13:14+02:00,7493088
2026-09-15T11:13:15+02:00,7493088
2026-09-15T11:13:16+02:00,7493088
2026-09-15T11:13:18+02:00,7493088
2026-09-15T11:13:19+02:00,7493088
2026-09-15T11:13:20+02:00,7493088
2026-09-15T11:13:21+02:00,7493088
2026-09-15T11:13:22+02:00,7493088
2026-09-15T11:13:23+02:00,7493088
2026-09-15T11:13:24+02:00,7493088
2026-09-15T11:13:25+02:00,7493088
2026-09-15T11:13:26+02:00,7493088
2026-09-15T11:13:27+02:00,7493088
2026-09-15T11:13:28+02:00,7493088
2026-09-15T11:13:30+02:00,7493088
2026-09-15T11:13:31+02:00,7493088
2026-09-15T11:13:32+02:00,7493088
2026-09-15T11:13:33+02:00,7493088
2026-09-15T11:13:34+02:00,7493088
2026-09-15T11:13:35+02:00,7493088
2026-09-15T11:13:36+02:00,7493088
2026-09-15T11:13:37+02:00,7493088
2026-09-15T11:13:38+02:00,7493088
2026-09-15T11:13:39+02:00,7493088
2026-09-15T11:13:41+02:00,7493088
2026-09-15T11:13:42+02:00,7493088
2026-09-15T11:13:43+02:00,7493088
2026-09-15T11:13:44+02:00,7493088
2026-09-15T11:13:45+02:00,7493088
2026-09-15T11:13:46+02:00,7493088
2026-09-15T11:13:47+02:00,7515632
2026-09-15T11:13:48+02:00,7515632
2026-09-15T11:13:49+02:00,7515632
2026-09-15T11:13:50+02:00,7515632
2026-09-15T11:13:51+02:00,7515632
2026-09-15T11:13:53+02:00,7515632
2026-09-15T11:13:54+02:00,7515632
2026-09-15T11:13:55+02:00,7515632
2026-09-15T11:13:56+02:00,7515632
2026-09-15T11:13:57+02:00,7515632
2026-09-15T11:13:58+02:00,7515632
2026-09-15T11:13:59+02:00,7515632
2026-09-15T11:14:00+02:00,7515632
2026-09-15T11:14:01+02:00,7515632
2026-09-15T11:14:03+02:00,7515632
2026-09-15T11:14:04+02:00,7515632
2026-09-15T11:14:05+02:00,7515632
2026-09-15T11:14:06+02:00,7515632
2026-09-15T11:14:07+02:00,7515632
2026-09-15T11:14:08+02:00,7515632
2026-09-15T11:14:09+02:00,7515632
2026-09-15T11:14:10+02:00,7515632
2026-09-15T11:14:11+02:00,7515632
2026-09-15T11:14:12+02:00,7515632
2026-09-15T11:14:14+02:00,7515632
2026-09-15T11:14:15+02:00,7515632
2026-09-15T11:14:16+02:00,7515632
2026-09-15T11:14:17+02:00,7515632
2026-09-15T11:14:18+02:00,7515632
2026-09-15T11:14:19+02:00,7515632
2026-09-15T11:14:20+02:00,7515632
2026-09-15T11:14:21+02:00,7515632
2026-09-15T11:14:22+02:00,7515632
2026-09-15T11:14:24+02:00,7515632
2026-09-15T11:14:25+02:00,7515632
2026-09-15T11:14:26+02:00,7515632
2026-09-15T11:14:27+02:00,7515632
2026-09-15T11:14:28+02:00,7515632
2026-09-15T11:14:29+02:00,7515632
2026-09-15T11:14:30+02:00,7515632
2026-09-15T11:14:31+02:00,7515632
2026-09-15T11:14:32+02:00,7515632
2026-09-15T11:14:34+02:00,7515632
2026-09-15T11:14:35+02:00,7515632
2026-09-15T11:14:36+02:00,7515632
2026-09-15T11:14:37+02:00,7515632
2026-09-15T11:14:38+02:00,7515632
2026-09-15T11:14:39+02:00,7515632
2026-09-15T11:14:40+02:00,7515632
2026-09-15T11:14:41+02:00,7515632
2026-09-15T11:14:42+02:00,7515632
2026-09-15T11:14:44+02:00,7515632
2026-09-15T11:14:45+02:00,7515632
2026-09-15T11:14:46+02:00,7515632
2026-09-15T11:14:47+02:00,7515632
2026-09-15T11:14:48+02:00,7515632
2026-09-15T11:14:49+02:00,7515632
2026-09-15T11:14:50+02:00,7515632
2026-09-15T11:14:51+02:00,7515632
2026-09-15T11:14:52+02:00,7515632
2026-09-15T11:14:53+02:00,7515632
2026-09-15T11:14:55+02:00,7515632
2026-09-15T11:14:56+02:00,7515632
2026-09-15T11:14:57+02:00,7515632
2026-09-15T11:14:58+02:00,7515632
2026-09-15T11:14:59+02:00,7515632
2026-09-15T11:15:00+02:00,7515632
2026-09-15T11:15:01+02:00,7515632
2026-09-15T11:15:02+02:00,7515632
2026-09-15T11:15:03+02:00,7515632
2026-09-15T11:15:05+02:00,7515632
2026-09-15T11:15:06+02:00,7515632
2026-09-15T11:15:07+02:00,7515632
2026-09-15T11:15:08+02:00,7515632
2026-09-15T11:15:09+02:00,7515632
2026-09-15T11:15:10+02:00,7515632
2026-09-15T11:15:11+02:00,7515632
2026-09-15T11:15:12+02:00,7515632
2026-09-15T11:15:13+02:00,7515632
2026-09-15T11:15:14+02:00,7515632
2026-09-15T11:15:16+02:00,7515632
2026-09-15T11:15:17+02:00,7515632
2026-09-15T11:15:18+02:00,7515632
2026-09-15T11:15:19+02:00,7515632
2026-09-15T11:15:20+02:00,7515632
2026-09-15T11:15:21+02:00,7515632
2026-09-15T11:15:22+02:00,7515632
2026-09-15T11:15:23+02:00,7515632
2026-09-15T11:15:24+02:00,7515632
2026-09-15T11:15:25+02:00,7515632
2026-09-15T11:15:27+02:00,7515632
2026-09-15T11:15:28+02:00,7515632
2026-09-15T11:15:29+02:00,7515632
2026-09-15T11:15:30+02:00,7515632
2026-09-15T11:15:31+02:00,7515632
2026-09-15T11:15:32+02:00,7515632
2026-09-15T11:15:33+02:00,7515632
2026-09-15T11:15:34+02:00,7541200
2026-09-15T11:15:35+02:00,7541200
2026-09-15T11:15:36+02:00,7541200
2026-09-15T11:15:38+02:00,7541200
2026-09-15T11:15:39+02:00,7541200
2026-09-15T11:15:40+02:00,7541200
2026-09-15T11:15:41+02:00,7541200
2026-09-15T11:15:42+02:00,7541200
2026-09-15T11:15:43+02:00,7541200
2026-09-15T11:15:44+02:00,7541200
2026-09-15T11:15:45+02:00,7541200
2026-09-15T11:15:46+02:00,7541200
2026-09-15T11:15:47+02:00,7541200
2026-09-15T11:15:49+02:00,7541200
2026-09-15T11:15:50+02:00,7541200
2026-09-15T11:15:51+02:00,7541200
2026-09-15T11:15:52+02:00,7541200
2026-09-15T11:15:53+02:00,7541200
2026-09-15T11:15:54+02:00,7541200
2026-09-15T11:15:55+02:00,7541200
2026-09-15T11:15:56+02:00,7541200
2026-09-15T11:15:57+02:00,7541200
2026-09-15T11:15:58+02:00,7541200
2026-09-15T11:16:00+02:00,7541200
2026-09-15T11:16:01+02:00,7541200
2026-09-15T11:16:02+02:00,7541200
2026-09-15T11:16:03+02:00,7541200
2026-09-15T11:16:04+02:00,7541200
2026-09-15T11:16:05+02:00,7541200
2026-09-15T11:16:06+02:00,7541200
2026-09-15T11:16:07+02:00,7541200
2026-09-15T11:16:08+02:00,7541200
2026-09-15T11:16:09+02:00,7541200
2026-09-15T11:16:11+02:00,7541200
2026-09-15T11:16:12+02:00,7541200
2026-09-15T11:16:13+02:00,7541200
2026-09-15T11:16:14+02:00,7541200
2026-09-15T11:16:15+02:00,7541200
2026-09-15T11:16:16+02:00,7541200
2026-09-15T11:16:17+02:00,7541200
2026-09-15T11:16:18+02:00,7541200
2026-09-15T11:16:19+02:00,7541200
2026-09-15T11:16:21+02:00,7541200
2026-09-15T11:16:22+02:00,7541200
2026-09-15T11:16:23+02:00,7541200
2026-09-15T11:16:24+02:00,7541200
2026-09-15T11:16:25+02:00,7541200
2026-09-15T11:16:26+02:00,7541200
2026-09-15T11:16:27+02:00,7541200
2026-09-15T11:16:28+02:00,7541200
2026-09-15T11:16:30+02:00,7541200
2026-09-15T11:16:31+02:00,7541200
2026-09-15T11:16:32+02:00,7559584
2026-09-15T11:16:33+02:00,7559584
2026-09-15T11:16:34+02:00,7559584
2026-09-15T11:16:35+02:00,7559584
2026-09-15T11:16:36+02:00,7559584
2026-09-15T11:16:37+02:00,7559584
2026-09-15T11:16:39+02:00,7559584
2026-09-15T11:16:40+02:00,7559584
2026-09-15T11:16:41+02:00,7559584
2026-09-15T11:16:42+02:00,7559584
2026-09-15T11:16:43+02:00,7559584
2026-09-15T11:16:44+02:00,7559584
2026-09-15T11:16:45+02:00,7559584
2026-09-15T11:16:46+02:00,7559584
2026-09-15T11:16:47+02:00,7559584
2026-09-15T11:16:49+02:00,7559584
2026-09-15T11:16:50+02:00,7559584
2026-09-15T11:16:51+02:00,7559584
2026-09-15T11:16:52+02:00,7559584
2026-09-15T11:16:53+02:00,7559584
2026-09-15T11:16:54+02:00,7559584
2026-09-15T11:16:55+02:00,7559584
2026-09-15T11:16:56+02:00,7559584
2026-09-15T11:16:57+02:00,7559584
2026-09-15T11:16:59+02:00,7559584
2026-09-15T11:17:00+02:00,7559584
2026-09-15T11:17:01+02:00,7559584
2026-09-15T11:17:02+02:00,7559584
2026-09-15T11:17:03+02:00,7559584
2026-09-15T11:17:04+02:00,7559584
2026-09-15T11:17:05+02:00,7559584
2026-09-15T11:17:06+02:00,7559584
2026-09-15T11:17:08+02:00,7559584
2026-09-15T11:17:09+02:00,7559584
2026-09-15T11:17:10+02:00,7559584
2026-09-15T11:17:11+02:00,7559584
2026-09-15T11:17:12+02:00,7559584
2026-09-15T11:17:13+02:00,7559584
2026-09-15T11:17:14+02:00,7559584
2026-09-15T11:17:15+02:00,7559584
2026-09-15T11:17:16+02:00,7559584
2026-09-15T11:17:18+02:00,7559584
2026-09-15T11:17:19+02:00,7559584
2026-09-15T11:17:20+02:00,7559584
2026-09-15T11:17:21+02:00,7559584
2026-09-15T11:17:22+02:00,7559584
2026-09-15T11:17:23+02:00,7559584
2026-09-15T11:17:24+02:00,7559584
2026-09-15T11:17:25+02:00,7559584
2026-09-15T11:17:26+02:00,7559584
2026-09-15T11:17:28+02:00,7559584
2026-09-15T11:17:29+02:00,7559584
2026-09-15T11:17:30+02:00,7559584
2026-09-15T11:17:31+02:00,7559584
2026-09-15T11:17:32+02:00,7559584
2026-09-15T11:17:33+02:00,7559584
2026-09-15T11:17:34+02:00,7559584
2026-09-15T11:17:35+02:00,7559584
2026-09-15T11:17:37+02:00,7559584
2026-09-15T11:17:38+02:00,7559584
2026-09-15T11:17:39+02:00,7559584
2026-09-15T11:17:40+02:00,7559584
2026-09-15T11:17:41+02:00,7559584
2026-09-15T11:17:42+02:00,7559584
2026-09-15T11:17:43+02:00,7559584
2026-09-15T11:17:44+02:00,7559584
2026-09-15T11:17:45+02:00,7559584
2026-09-15T11:17:47+02:00,7559584
2026-09-15T11:17:48+02:00,7559584
2026-09-15T11:17:49+02:00,7559584
2026-09-15T11:17:50+02:00,7559584
2026-09-15T11:17:51+02:00,7559584
2026-09-15T11:17:52+02:00,7559584
2026-09-15T11:17:53+02:00,7559584
2026-09-15T11:17:54+02:00,7559584
2026-09-15T11:17:55+02:00,7559584
2026-09-15T11:17:56+02:00,7559584
2026-09-15T11:17:57+02:00,7559584
2026-09-15T11:17:59+02:00,7559584
2026-09-15T11:18:00+02:00,7559584
2026-09-15T11:18:01+02:00,7559584
2026-09-15T11:18:02+02:00,7559584
2026-09-15T11:18:03+02:00,7559584
2026-09-15T11:18:04+02:00,7559584
2026-09-15T11:18:05+02:00,7559584
2026-09-15T11:18:06+02:00,7559584
2026-09-15T11:18:08+02:00,7559584
2026-09-15T11:18:09+02:00,7559584
2026-09-15T11:18:10+02:00,7559584
2026-09-15T11:18:11+02:00,7559584
2026-09-15T11:18:12+02:00,7559584
2026-09-15T11:18:13+02:00,7559584
2026-09-15T11:18:14+02:00,7559584
2026-09-15T11:18:15+02:00,7559584
2026-09-15T11:18:16+02:00,7559584
2026-09-15T11:18:17+02:00,7559584
2026-09-15T11:18:19+02:00,7559584
2026-09-15T11:18:20+02:00,7584704
2026-09-15T11:18:21+02:00,7584704
2026-09-15T11:18:22+02:00,7584704
2026-09-15T11:18:23+02:00,7584704
2026-09-15T11:18:24+02:00,7584704
2026-09-15T11:18:25+02:00,7584704
2026-09-15T11:18:26+02:00,7584704
2026-09-15T11:18:27+02:00,7584704
2026-09-15T11:18:28+02:00,7584704
2026-09-15T11:18:30+02:00,7584704
2026-09-15T11:18:31+02:00,7584704
2026-09-15T11:18:32+02:00,7584704
2026-09-15T11:18:33+02:00,7584704
2026-09-15T11:18:34+02:00,7584704
2026-09-15T11:18:35+02:00,7584704
2026-09-15T11:18:36+02:00,7584704
2026-09-15T11:18:37+02:00,7584704
2026-09-15T11:18:38+02:00,7584704
2026-09-15T11:18:39+02:00,7584704
2026-09-15T11:18:40+02:00,7584704
2026-09-15T11:18:42+02:00,7584704
2026-09-15T11:18:43+02:00,7584704
2026-09-15T11:18:44+02:00,7584704
2026-09-15T11:18:45+02:00,7584704
2026-09-15T11:18:46+02:00,7584704
2026-09-15T11:18:47+02:00,7584704
2026-09-15T11:18:48+02:00,7584704
2026-09-15T11:18:49+02:00,7584704
2026-09-15T11:18:50+02:00,7584704
2026-09-15T11:18:52+02:00,7584704
2026-09-15T11:18:53+02:00,7584704
2026-09-15T11:18:54+02:00,7584704
2026-09-15T11:18:55+02:00,7584704
2026-09-15T11:18:56+02:00,7584704
2026-09-15T11:18:57+02:00,7584704
2026-09-15T11:18:58+02:00,7584704
2026-09-15T11:18:59+02:00,7584704
2026-09-15T11:19:00+02:00,7584704
2026-09-15T11:19:01+02:00,7584704
2026-09-15T11:19:03+02:00,7584704
2026-09-15T11:19:04+02:00,7584704
2026-09-15T11:19:05+02:00,7584704
2026-09-15T11:19:06+02:00,7584704
2026-09-15T11:19:07+02:00,7584704
2026-09-15T11:19:08+02:00,7584704
2026-09-15T11:19:09+02:00,7584704
2026-09-15T11:19:10+02:00,7584704
2026-09-15T11:19:12+02:00,7584704
2026-09-15T11:19:13+02:00,7584704
2026-09-15T11:19:14+02:00,7584704
2026-09-15T11:19:15+02:00,7584704
2026-09-15T11:19:16+02:00,7584704
2026-09-15T11:19:17+02:00,7584704
2026-09-15T11:19:18+02:00,7584704
2026-09-15T11:19:19+02:00,7584704
2026-09-15T11:19:20+02:00,7584704
2026-09-15T11:19:21+02:00,7584704
2026-09-15T11:19:23+02:00,7584704
2026-09-15T11:19:24+02:00,7584704
2026-09-15T11:19:25+02:00,7584704
2026-09-15T11:19:26+02:00,7584704
2026-09-15T11:19:27+02:00,7584704
2026-09-15T11:19:28+02:00,7584704
2026-09-15T11:19:29+02:00,7584704
2026-09-15T11:19:30+02:00,7584704
2026-09-15T11:19:31+02:00,7584704
2026-09-15T11:19:33+02:00,7584704
2026-09-15T11:19:34+02:00,7584704
2026-09-15T11:19:35+02:00,7584704
2026-09-15T11:19:36+02:00,7584704
2026-09-15T11:19:37+02:00,7584704
2026-09-15T11:19:38+02:00,7584704
2026-09-15T11:19:39+02:00,7606000
2026-09-15T11:19:40+02:00,7606000
2026-09-15T11:19:41+02:00,7606000
2026-09-15T11:19:42+02:00,7606000
2026-09-15T11:19:44+02:00,7606000
2026-09-15T11:19:45+02:00,7606000
2026-09-15T11:19:46+02:00,7606000
2026-09-15T11:19:47+02:00,7606000
2026-09-15T11:19:48+02:00,7606000
2026-09-15T11:19:49+02:00,7606000
2026-09-15T11:19:50+02:00,7606000
2026-09-15T11:19:51+02:00,7606000
2026-09-15T11:19:52+02:00,7606000
2026-09-15T11:19:54+02:00,7606000
2026-09-15T11:19:55+02:00,7606000
2026-09-15T11:19:56+02:00,7606000
2026-09-15T11:19:57+02:00,7606000
2026-09-15T11:19:58+02:00,7606000
2026-09-15T11:19:59+02:00,7606000
2026-09-15T11:20:00+02:00,7606000
2026-09-15T11:20:01+02:00,7606000
2026-09-15T11:20:02+02:00,7606000
2026-09-15T11:20:04+02:00,7606000
2026-09-15T11:20:05+02:00,7606000
2026-09-15T11:20:06+02:00,7606000
2026-09-15T11:20:07+02:00,7606000
2026-09-15T11:20:08+02:00,7606000
2026-09-15T11:20:09+02:00,7606000
2026-09-15T11:20:10+02:00,7606000
2026-09-15T11:20:11+02:00,7606000
2026-09-15T11:20:13+02:00,7606000
2026-09-15T11:20:14+02:00,7606000
2026-09-15T11:20:15+02:00,7606000
2026-09-15T11:20:16+02:00,7606000
2026-09-15T11:20:17+02:00,7606000
2026-09-15T11:20:18+02:00,7606000
2026-09-15T11:20:19+02:00,7606000
2026-09-15T11:20:20+02:00,7606000
2026-09-15T11:20:22+02:00,7606000
2026-09-15T11:20:23+02:00,7606000
2026-09-15T11:20:24+02:00,7606000
2026-09-15T11:20:25+02:00,7606000
2026-09-15T11:20:26+02:00,7606000
2026-09-15T11:20:27+02:00,7606000
2026-09-15T11:20:28+02:00,7606000
2026-09-15T11:20:29+02:00,7606000
2026-09-15T11:20:30+02:00,7606000
2026-09-15T11:20:32+02:00,7606000
2026-09-15T11:20:33+02:00,7606000
2026-09-15T11:20:34+02:00,7606000
2026-09-15T11:20:35+02:00,7606000
2026-09-15T11:20:36+02:00,7606000
2026-09-15T11:20:37+02:00,7606000
2026-09-15T11:20:38+02:00,7606000
2026-09-15T11:20:39+02:00,7606000
2026-09-15T11:20:40+02:00,7606000
2026-09-15T11:20:41+02:00,7606000
2026-09-15T11:20:43+02:00,7606000
2026-09-15T11:20:44+02:00,7606000
2026-09-15T11:20:45+02:00,7606000
2026-09-15T11:20:46+02:00,7606000
2026-09-15T11:20:47+02:00,7606000
2026-09-15T11:20:48+02:00,7606000
2026-09-15T11:20:49+02:00,7606000
2026-09-15T11:20:50+02:00,7606000
2026-09-15T11:20:52+02:00,7606000
2026-09-15T11:20:53+02:00,7606000
2026-09-15T11:20:54+02:00,7606000
2026-09-15T11:20:55+02:00,7606000
2026-09-15T11:20:56+02:00,7606000
2026-09-15T11:20:57+02:00,7606000
2026-09-15T11:20:58+02:00,7606000
2026-09-15T11:20:59+02:00,7606000
2026-09-15T11:21:00+02:00,7606000
2026-09-15T11:21:01+02:00,7606000
2026-09-15T11:21:02+02:00,7606000
2026-09-15T11:21:03+02:00,7606000
2026-09-15T11:21:04+02:00,7606000
2026-09-15T11:21:05+02:00,7606000
2026-09-15T11:21:06+02:00,7606000
2026-09-15T11:21:07+02:00,7606000
2026-09-15T11:21:08+02:00,7606000
2026-09-15T11:21:09+02:00,7606000
2026-09-15T11:21:10+02:00,7606000
2026-09-15T11:21:11+02:00,7606000
2026-09-15T11:21:13+02:00,7606000
2026-09-15T11:21:14+02:00,7606000
2026-09-15T11:21:15+02:00,7606000
2026-09-15T11:21:16+02:00,7606000
2026-09-15T11:21:17+02:00,7606000
